id,noisy_transcription,title,canonical_transcription,match_ratio,edit_distance_avg,length_diff,confidence_score,accuracy,match_ratio,edit_distance_avg,length_diff,confidence_score,accuracy,match_ratio,edit_distance_avg,length_diff,confidence_score,accuracy
1,"ಆಕ್ಬರ್ ಭಾರತದ ಇತಿಹಾಸಧಲ್ಲಿನ ಫ್ರಶಿದ್ಧ ಚಕ್ರವರ್ತಿಘಳಲ್ಲಿ ಒಬ್ಬನು. ಬೀರಬಲ್ಳನು ಅಕ್ಬರ್‌ ಚಕ್ರವರ್ತಿಯ ಮಂತ್ರಿ, ಆಪ್ತ ಸಲಹೆಗಾರ ಮತ್ತು ಸೇನಾಪತಿಯಾಗಿಧ್ದನು. ಅವನು ತನ್ನ ಬುಧ್ಧಿವಂಥಿಕೆ ಮತ್ತು ಹಾಸ್ಯ ಪ್ರವೃತ್ತಿಘೆ ಹಶರುವಾಸಿಯಾಗಿಧ್ದನು. ಒಮ್ಮೆ ರಾಮು ಮತ್ತು ಶಾಮು ಎಂಭ ಇಬ್ಬರು ರೈತರು ನ್ಯಾಯವನ್ನು ಖೋರಿ ಬೀರಬಲ್ಳನ ಹತ್ತಿರ ಬಂದರು. ಸಾಮು: ಹುಜೂರ್! ಹುಜೂರ್! ನನ್ನ ಶೋಠಧ ಆಂಚಿನಲ್ಳಿ ಓಂದು ಮಾವಿನ ಮರವಿದೆ. ಅದು ಯಾವಾಗಳೂ ನಣಘೆ ಸೇರಿತ್ತು. ಅದು ಶಸಿ ಆಘಿದ್ದ ಸಮಯಧಿಂದ ಈವರೆಗೂ ಆದಕ್ಕೆ ನೀರೆರೆಧು ಫೋಷಿಸಿದ್ದೇನೆ. ಅದರಲ್ಲಿಯ ಹನ್ಣು ಬಿಢಲು ಪ್ರಾರಂಭವಾಗಿದೆ. ಆಧರೆ, ಈಗ ರಾಮು ಆ ಮರವನ್ನು ತನ್ನಧು ಎಂದು ಹೇಳುತ್ತಿದ್ದಾನೆ. ರಾಮು: ಈಳ್ಲ ಹುಜೂರ್‌! ಆ ಮಾವಿನ ಮರ ಣನಘೆ ಶೇರಿದ್ದು, ಇವನು ಸುಲ್ಲು ಹೇಲುತ್ಥಿದ್ದಾನೆ. ಭೀರಬಲ್ಲ: (ಒಂದು ಕ್ಷಣ ಯೋಚಿಸಿ) ಆ ಮಾವಿನ ಮರವು ಣಿಮ್ಮಿಬ್ಬರಿಗೂ ಸೇರಿರಲು ಸಾಧ್ಯವಿಲ್ಲ. ಇ ವಿವಾಧವನ್ನು ಬಗೆಹರಿಸಲು ನನಗೆ ಕಪ್ಪವಾಗುತ್ತಿದೆ. ಹಾಗಾಘಿ ಅ ಮರದ ಮಾವಿನಹಣ್ಣನ್ನು ಖಿತ್ತು ನಿಮ್ಮಿಭ್ಬರ ನಡುವೆ ಸಮನಾಗಿ ಹಂಛಲು ನಾನು ಆದೇಸಿಸುತ್ಥೇನೆ ಮಥ್ಥು ಮರವಣ್ನು ಕತ್ತರಿಸಿ, ಅದರ ರೆಂಬೆ ಕೊಂಬೆಗಳನ್ಣೂ ನಿಮ್ಮಿಬ್ಬರಿಗೆ ಸಮನಾಗಿ ಹಂಚಲಾಗುವುದು ಎಂದು ಹೇಳಿದನು.",akbar_birbal,"ಅಕ್ಬರ್ ಭಾರತದ ಇತಿಹಾಸದಲ್ಲಿನ ಪ್ರಸಿದ್ಧ ಚಕ್ರವರ್ತಿಗಳಲ್ಲಿ ಒಬ್ಬನು. ಬೀರಬಲ್ಲನು ಅಕ್ಬರ್‌ ಚಕ್ರವರ್ತಿಯ ಮಂತ್ರಿ, ಆಪ್ತ ಸಲಹೆಗಾರ ಮತ್ತು ಸೇನಾಪತಿಯಾಗಿದ್ದನು. ಅವನು ತನ್ನ ಬುದ್ಧಿವಂತಿಕೆ ಮತ್ತು ಹಾಸ್ಯ ಪ್ರವೃತ್ತಿಗೆ ಹೆಸರುವಾಸಿಯಾಗಿದ್ದನು. ಒಮ್ಮೆ ರಾಮು ಮತ್ತು ಶಾಮು ಎಂಬ ಇಬ್ಬರು ರೈತರು ನ್ಯಾಯವನ್ನು ಕೋರಿ ಬೀರಬಲ್ಲನ ಹತ್ತಿರ ಬಂದರು. ಶಾಮು: ಹುಜೂರ್! ನನ್ನ ಶೋಟದ ಅಂಚಿನಲ್ಲಿ ಓಂದು ಮಾವಿನ ಮರವಿದೆ. ಅದು ಯಾವಾಗಲೂ ನನಗೆ ಸೇರಿತ್ತು. ಅದು ಸಸಿ ಆಗಿದ್ದ ಸಮಯದಿಂದ ಈವರೆಗೂ ಅದಕ್ಕೆ ನೀರೆರೆದು ಪೋಷಿಸಿದ್ದೇನೆ. ಅದರಲ್ಲಿಯ ಹಣ್ಣು ಬಿಡಲು ಪ್ರಾರಂಭವಾಗಿದೆ. ಆದರೆ, ಈಗ ರಾಮು ಆ ಮರವನ್ನು ತನ್ನದು ಎಂದು ಹೇಳುತ್ತಿದ್ದಾನೆ. ರಾಮು: ಇಲ್ಲ ಹುಜೂರ್‌! ಆ ಮಾವಿನ ಮರ ನನಗೆ ಸೇರಿದ್ದು, ಇವನು ಸುಳ್ಳು ಹೇಳುತ್ತಿದ್ದಾನೆ. ಬೀರಬಲ್ಲ: (ಒಂದು ಕ್ಷಣ ಯೋಚಿಸಿ) ಆ ಮಾವಿನ ಮರವು ನಿಮ್ಮಿಬ್ಬರಿಗೂ ಸೇರಿರಲು ಸಾಧ್ಯವಿಲ್ಲ. ಈ ವಿವಾದವನ್ನು ಬಗೆಹರಿಸಲು ನನಗೆ ಕಪ್ಪವಾಗುತ್ತಿದೆ. ಹಾಗಾಗಿ ಆ ಮರದ ಮಾವಿನಹಣ್ಣನ್ನು ಕಿತ್ತು ನಿಮ್ಮಿಬ್ಬರ ನಡುವೆ ಸಮನಾಗಿ ಹಂಚಲು ನಾನು ಆದೇಶಿಸುತ್ತೇನೆ ಮತ್ತು ಮರವನ್ನು ಕತ್ತರಿಸಿ, ಅದರ ರೆಂಬೆ ಕೊಂಬೆಗಳನ್ನೂ ನಿಮ್ಮಿಬ್ಬರಿಗೆ ಸಮನಾಗಿ ಹಂಚಲಾಗುವುದು ಎಂದು ಹೇಳಿದನು.",0.738,0.262,0.006,0.883,0.971,0.845,0.155,0.008,0.765,0.954,0.697,0.303,0.009,0.87,0.965
2,"ಅಕ್ಭರ್ ಭಾರತದ ಇತಿಹಾಸದಲ್ಳಿನ ಪ್ರಸಿದ್ಧ ಛಕ್ರವರ್ಥಿಘಳಲ್ಲಿ ಒಬ್ಬನು. ಬೀರಬಲ್ಲನು ಆಖ್ಬರ್‌ ಚಕ್ರವರ್ತಿಯ ಮಂತ್ರಿ, ಅಪ್ತ ಸಳಹೆಗಾರ ಮಥ್ತು ಸೇನಾಫತಿಯಾಗಿಧ್ದನು. ಅವನು ತನ್ನ ಭುಧ್ಧಿವಂತಿಕೆ ಮತ್ಥು ಹಾಶ್ಯ ಪ್ರವೃತ್ಥಿಘೆ ಹಸರುವಾಸಿಯಾಘಿದ್ದನು. ಒಮ್ಮೆ ರಾಮು ಮತ್ತು ಸಾಮು ಎಂಬ ಇಭ್ಬರು ರೈಥರು ನ್ಯಾಯವನ್ನು ಖೋರಿ ಭೀರಬಲ್ಲನ ಹಥ್ತಿರ ಬಂದರು. ಶಾಮು: ಹುಜೂರ್! ನನ್ನ ಶೋಟದ ಆಂಚಿಣಲ್ಲಿ ಓಂದು ಮಾವಿನ ಮರವಿಧೆ. ಅದು ಯಾವಾಘಳೂ ನನಗೆ ಸೇರಿತ್ತು. ಆದು ಶಸಿ ಆಗಿದ್ದ ಸಮಯಧಿಂದ ಈವರೆಗೂ ಅದಕ್ಕೆ ಣೀರೆರೆದು ಫೋಷಿಸಿದ್ದೇಣೆ. ಅಧರಲ್ಲಿಯ ಹನ್ಣು ಬಿಡಲು ಪ್ರಾರಂಬವಾಗಿಧೆ. ಆದರೆ, ಈಗ ರಾಮು ಆ ಮರವನ್ನು ಥನ್ನದು ಎಂದು ಹೇಲುತ್ತಿದ್ದಾನೆ. ರಾಮು: ಇಲ್ಲ ಹುಜೂರ್‌! ಆ ಮಾವಿನ ಮರ ನನಗೆ ಶೇರಿದ್ದು, ಇವನು ಸುಲ್ಳು ಹೇಳುತ್ತಿದ್ದಾನೆ. ಬೀರಭಲ್ಲ: (ಒಂದು ಖ್ಷಣ ಯೋಚಿಸಿ) ಅ ಮಾವಿನ ಮರವು ನಿಮ್ಮಿಬ್ಬರಿಘೂ ಸೇರಿರಲು ಸಾಧ್ಯವಿಳ್ಲ. ಈ ವಿವಾಧವನ್ನು ಬಗೆಹರಿಸಳು ನನಗೆ ಕಪ್ಫವಾಗುತ್ತಿಧೆ. ಹಾಗಾಗಿ ಅ ಮರದ ಮಾವಿನಹಣ್ಣನ್ನು ಕಿತ್ತು ನಿಮ್ಮಿಬ್ಬರ ನಢುವೆ ಸಮಣಾಘಿ ಹಂಚಲು ನಾನು ಆಧೇಶಿಸುಥ್ತೇನೆ ಮತ್ತು ಮರವನ್ನು ಕತ್ತರಿಸಿ, ಅದರ ರೆಂಬೆ ಕೊಂಬೆಗಳನ್ನೂ ಣಿಮ್ಮಿಬ್ಭರಿಗೆ ಸಮನಾಗಿ ಹಂಛಲಾಗುವುಧು ಎಂದು ಹೇಳಿದನು.",akbar_birbal,"ಅಕ್ಬರ್ ಭಾರತದ ಇತಿಹಾಸದಲ್ಲಿನ ಪ್ರಸಿದ್ಧ ಚಕ್ರವರ್ತಿಗಳಲ್ಲಿ ಒಬ್ಬನು. ಬೀರಬಲ್ಲನು ಅಕ್ಬರ್‌ ಚಕ್ರವರ್ತಿಯ ಮಂತ್ರಿ, ಆಪ್ತ ಸಲಹೆಗಾರ ಮತ್ತು ಸೇನಾಪತಿಯಾಗಿದ್ದನು. ಅವನು ತನ್ನ ಬುದ್ಧಿವಂತಿಕೆ ಮತ್ತು ಹಾಸ್ಯ ಪ್ರವೃತ್ತಿಗೆ ಹೆಸರುವಾಸಿಯಾಗಿದ್ದನು. ಒಮ್ಮೆ ರಾಮು ಮತ್ತು ಶಾಮು ಎಂಬ ಇಬ್ಬರು ರೈತರು ನ್ಯಾಯವನ್ನು ಕೋರಿ ಬೀರಬಲ್ಲನ ಹತ್ತಿರ ಬಂದರು. ಶಾಮು: ಹುಜೂರ್! ನನ್ನ ಶೋಟದ ಅಂಚಿನಲ್ಲಿ ಓಂದು ಮಾವಿನ ಮರವಿದೆ. ಅದು ಯಾವಾಗಲೂ ನನಗೆ ಸೇರಿತ್ತು. ಅದು ಸಸಿ ಆಗಿದ್ದ ಸಮಯದಿಂದ ಈವರೆಗೂ ಅದಕ್ಕೆ ನೀರೆರೆದು ಪೋಷಿಸಿದ್ದೇನೆ. ಅದರಲ್ಲಿಯ ಹಣ್ಣು ಬಿಡಲು ಪ್ರಾರಂಭವಾಗಿದೆ. ಆದರೆ, ಈಗ ರಾಮು ಆ ಮರವನ್ನು ತನ್ನದು ಎಂದು ಹೇಳುತ್ತಿದ್ದಾನೆ. ರಾಮು: ಇಲ್ಲ ಹುಜೂರ್‌! ಆ ಮಾವಿನ ಮರ ನನಗೆ ಸೇರಿದ್ದು, ಇವನು ಸುಳ್ಳು ಹೇಳುತ್ತಿದ್ದಾನೆ. ಬೀರಬಲ್ಲ: (ಒಂದು ಕ್ಷಣ ಯೋಚಿಸಿ) ಆ ಮಾವಿನ ಮರವು ನಿಮ್ಮಿಬ್ಬರಿಗೂ ಸೇರಿರಲು ಸಾಧ್ಯವಿಲ್ಲ. ಈ ವಿವಾದವನ್ನು ಬಗೆಹರಿಸಲು ನನಗೆ ಕಪ್ಪವಾಗುತ್ತಿದೆ. ಹಾಗಾಗಿ ಆ ಮರದ ಮಾವಿನಹಣ್ಣನ್ನು ಕಿತ್ತು ನಿಮ್ಮಿಬ್ಬರ ನಡುವೆ ಸಮನಾಗಿ ಹಂಚಲು ನಾನು ಆದೇಶಿಸುತ್ತೇನೆ ಮತ್ತು ಮರವನ್ನು ಕತ್ತರಿಸಿ, ಅದರ ರೆಂಬೆ ಕೊಂಬೆಗಳನ್ನೂ ನಿಮ್ಮಿಬ್ಬರಿಗೆ ಸಮನಾಗಿ ಹಂಚಲಾಗುವುದು ಎಂದು ಹೇಳಿದನು.",0.67,0.33,0.003,0.785,0.95,0.816,0.184,0.0,0.83,0.949,0.685,0.315,0.0,0.86,0.962
3,"ಅಕ್ಬರ್ ಬಾರಥದ ಇತಿಹಾಸದಲ್ಲಿಣ ಫ್ರಸಿದ್ಧ ಚಕ್ರವರ್ತಿಗಲಲ್ಲಿ ಓಬ್ಬನು. ಬೀರಭಲ್ಲನು ಅಕ್ಬರ್‌ ಚಖ್ರವರ್ತಿಯ ಮಂತ್ರಿ, ಆಪ್ಥ ಸಲಹೆಗಾರ ಮತ್ತು ಸೇನಾಪಥಿಯಾಗಿದ್ದನು. ಅವಣು ತನ್ನ ಬುದ್ಧಿವಂತಿಕೆ ಮತ್ತು ಹಾಶ್ಯ ಪ್ರವೃಥ್ತಿಘೆ ಹಸರುವಾಶಿಯಾಗಿದ್ದನು. ಒಮ್ಮೆ ರಾಮು ಮಥ್ತು ಶಾಮು ಎಂಬ ಇಭ್ಬರು ರೈತರು ನ್ಯಾಯವನ್ಣು ಖೋರಿ ಬೀರಬಲ್ಳಣ ಹತ್ತಿರ ಭಂದರು. ಶಾಮು: ಹುಜೂರ್! ನನ್ನ ಸೋಠದ ಅಂಚಿಣಲ್ಲಿ ಓಂದು ಮಾವಿಣ ಮರವಿದೆ. ಅದು ಯಾವಾಗಲೂ ನನಗೆ ಸೇರಿತ್ತು. ಅಧು ಸಸಿ ಅಗಿದ್ದ ಸಮಯದಿಂದ ಈವರೆಗೂ ಅದಕ್ಕೆ ಣೀರೆರೆದು ಫೋಷಿಸಿದ್ದೇನೆ. ಅದರಲ್ಲಿಯ ಹಣ್ನು ಬಿಡಳು ಫ್ರಾರಂಭವಾಗಿದೆ. ಆದರೆ, ಈಘ ರಾಮು ಆ ಮರವಣ್ನು ತನ್ಣದು ಎಂಧು ಹೇಳುತ್ಥಿದ್ಧಾನೆ. ರಾಮು: ಇಲ್ಲ ಹುಜೂರ್‌! ಆ ಮಾವಿನ ಮರ ನನಗೆ ಸೇರಿದ್ದು, ಇವಣು ಇವಣು ಸುಳ್ಲು ಹೇಲುತ್ತಿದ್ದಾನೆ. ಬೀರಬಲ್ಲ: (ಒಂಧು ಕ್ಷನ ಯೋಚಿಸಿ) ಅ ಮಾವಿನ ಮರವು ನಿಮ್ಮಿಬ್ಬರಿಗೂ ಸೇರಿರಲು ಸಾಧ್ಯವಿಲ್ಲ. ಈ ವಿವಾದವನ್ನು ಬಗೆಹರಿಸಲು ನಣಘೆ ಖಪ್ಪವಾಗುತ್ಥಿದೆ. ಹಾಘಾಘಿ ಅ ಮರದ ಮಾವಿಣಹಣ್ನನ್ನು ಕಿತ್ತು ನಿಮ್ಮಿಬ್ಬರ ನಢುವೆ ಸಮನಾಗಿ ಹಂಛಲು ನಾನು ಆದೇಸಿಸುತ್ತೇಣೆ ಮಥ್ತು ಮರವನ್ನು ಕತ್ತರಿಸಿ, ಅದರ ರೆಂಬೆ ಕೊಂಬೆಗಲನ್ಣೂ ನಿಮ್ಮಿಬ್ಬರಿಗೆ ಶಮನಾಘಿ ಹಂಚಲಾಗುವುದು ಎಂಧು ಹೇಲಿದನು.",akbar_birbal,"ಅಕ್ಬರ್ ಭಾರತದ ಇತಿಹಾಸದಲ್ಲಿನ ಪ್ರಸಿದ್ಧ ಚಕ್ರವರ್ತಿಗಳಲ್ಲಿ ಒಬ್ಬನು. ಬೀರಬಲ್ಲನು ಅಕ್ಬರ್‌ ಚಕ್ರವರ್ತಿಯ ಮಂತ್ರಿ, ಆಪ್ತ ಸಲಹೆಗಾರ ಮತ್ತು ಸೇನಾಪತಿಯಾಗಿದ್ದನು. ಅವನು ತನ್ನ ಬುದ್ಧಿವಂತಿಕೆ ಮತ್ತು ಹಾಸ್ಯ ಪ್ರವೃತ್ತಿಗೆ ಹೆಸರುವಾಸಿಯಾಗಿದ್ದನು. ಒಮ್ಮೆ ರಾಮು ಮತ್ತು ಶಾಮು ಎಂಬ ಇಬ್ಬರು ರೈತರು ನ್ಯಾಯವನ್ನು ಕೋರಿ ಬೀರಬಲ್ಲನ ಹತ್ತಿರ ಬಂದರು. ಶಾಮು: ಹುಜೂರ್! ನನ್ನ ಶೋಟದ ಅಂಚಿನಲ್ಲಿ ಓಂದು ಮಾವಿನ ಮರವಿದೆ. ಅದು ಯಾವಾಗಲೂ ನನಗೆ ಸೇರಿತ್ತು. ಅದು ಸಸಿ ಆಗಿದ್ದ ಸಮಯದಿಂದ ಈವರೆಗೂ ಅದಕ್ಕೆ ನೀರೆರೆದು ಪೋಷಿಸಿದ್ದೇನೆ. ಅದರಲ್ಲಿಯ ಹಣ್ಣು ಬಿಡಲು ಪ್ರಾರಂಭವಾಗಿದೆ. ಆದರೆ, ಈಗ ರಾಮು ಆ ಮರವನ್ನು ತನ್ನದು ಎಂದು ಹೇಳುತ್ತಿದ್ದಾನೆ. ರಾಮು: ಇಲ್ಲ ಹುಜೂರ್‌! ಆ ಮಾವಿನ ಮರ ನನಗೆ ಸೇರಿದ್ದು, ಇವನು ಸುಳ್ಳು ಹೇಳುತ್ತಿದ್ದಾನೆ. ಬೀರಬಲ್ಲ: (ಒಂದು ಕ್ಷಣ ಯೋಚಿಸಿ) ಆ ಮಾವಿನ ಮರವು ನಿಮ್ಮಿಬ್ಬರಿಗೂ ಸೇರಿರಲು ಸಾಧ್ಯವಿಲ್ಲ. ಈ ವಿವಾದವನ್ನು ಬಗೆಹರಿಸಲು ನನಗೆ ಕಪ್ಪವಾಗುತ್ತಿದೆ. ಹಾಗಾಗಿ ಆ ಮರದ ಮಾವಿನಹಣ್ಣನ್ನು ಕಿತ್ತು ನಿಮ್ಮಿಬ್ಬರ ನಡುವೆ ಸಮನಾಗಿ ಹಂಚಲು ನಾನು ಆದೇಶಿಸುತ್ತೇನೆ ಮತ್ತು ಮರವನ್ನು ಕತ್ತರಿಸಿ, ಅದರ ರೆಂಬೆ ಕೊಂಬೆಗಳನ್ನೂ ನಿಮ್ಮಿಬ್ಬರಿಗೆ ಸಮನಾಗಿ ಹಂಚಲಾಗುವುದು ಎಂದು ಹೇಳಿದನು.",0.657,0.343,0.0,0.791,0.946,0.832,0.168,0.006,0.799,0.952,0.704,0.296,0.003,0.872,0.967
4,"ಅಕ್ಬರ್ ಬಾರಥದ ಇತಿಹಾಸದಳ್ಳಿಣ ಪ್ರಸಿದ್ದ ಚಖ್ರವರ್ತಿಗಳಲ್ಳಿ ಓಬ್ಬನು. ಬೀರಬಲ್ಲಣು ಆಕ್ಬರ್‌ ಚಖ್ರವರ್ತಿಯ ಮಂತ್ರಿ, ಆಪ್ಥ ಸಲಹೆಘಾರ ಮತ್ಥು ಸೇನಾಪತಿಯಾಗಿದ್ದನು. ಆವನು ಥನ್ನ ಬುದ್ಧಿವಂತಿಕೆ ಮತ್ತು ಹಾಸ್ಯ ಪ್ರವೃತ್ತಿಗೆ ಹಸರುವಾಸಿಯಾಗಿದ್ಧನು. ಒಮ್ಮೆ ರಾಮು ಮತ್ತು ಶಾಮು ಎಂಬ ಇಭ್ಭರು ರೈತರು ನ್ಯಾಯವನ್ನು ಕೋರಿ ಬೀರಬಲ್ಲನ ಹಥ್ತಿರ ಬಂದರು. ಶಾಮು: ಹುಜೂರ್! ನನ್ಣ ಶೋಠದ ಅಂಚಿನಲ್ಲಿ ಓಂದು ಮಾವಿನ ಮರವಿದೆ. ಅದು ಯಾವಾಗಲೂ ನನಗೆ ಶೇರಿತ್ತು. ಆದು ಸಸಿ ಆಗಿದ್ದ ಶಮಯದಿಂಧ ಈವರೆಘೂ ಅದಕ್ಕೆ ನೀರೆರೆದು ಪೋಷಿಸಿದ್ದೇಣೆ. ಅದರಲ್ಲಿಯ ಹಣ್ಣು ಬಿಡಲು ಪ್ರಾರಂಭವಾಗಿದೆ. ಅದರೆ, ಈಘ ರಾಮು ಅ ಮರವಣ್ನು ತಣ್ನದು ಎಂದು ಹೇಳುತ್ತಿದ್ದಾಣೆ. ರಾಮು: ಇಲ್ಲ ಹುಝೂರ್‌! ಆ ಮಾವಿನ ಮರ ಣಣಗೆ ಶೇರಿದ್ಧು, ಇವನು ಸುಳ್ಳು ಹೇಳುಥ್ಥಿಧ್ದಾನೆ. ಭೀರಬಲ್ಲ: (ಓಂದು ಕ್ಷನ ಯೋಚಿಶಿ) ಅ ಮಾವಿನ ಮರವು ನಿಮ್ಮಿಬ್ಬರಿಗೂ ಶೇರಿರಲು ಸಾಧ್ಯವಿಲ್ಲ. ಈ ವಿವಾಧವನ್ನು ಬಗೆಹರಿಸಲು ನನಗೆ ಕಪ್ಪವಾಗುತ್ತಿಧೆ. ಹಾಘಾಘಿ ಆ ಮರದ ಮಾವಿನಹನ್ಣನ್ನು ಕಿತ್ತು ನಿಮ್ಮಿಬ್ಬರ ನಢುವೆ ಸಮನಾಗಿ ಹಂಚಲು ನಾನು ಅದೇಸಿಸುತ್ತೇನೆ ಮತ್ತು ಮರವಣ್ನು ಖತ್ತರಿಸಿ, ಅದರ ರೆಂಭೆ ಕೊಂಭೆಗಳನ್ನೂ ನಿಮ್ಮಿಬ್ಬರಿಗೆ ಸಮಣಾಗಿ ಹಂಚಳಾಗುವುದು ಎಂದು ಹೇಳಿದನು.",akbar_birbal,"ಅಕ್ಬರ್ ಭಾರತದ ಇತಿಹಾಸದಲ್ಲಿನ ಪ್ರಸಿದ್ಧ ಚಕ್ರವರ್ತಿಗಳಲ್ಲಿ ಒಬ್ಬನು. ಬೀರಬಲ್ಲನು ಅಕ್ಬರ್‌ ಚಕ್ರವರ್ತಿಯ ಮಂತ್ರಿ, ಆಪ್ತ ಸಲಹೆಗಾರ ಮತ್ತು ಸೇನಾಪತಿಯಾಗಿದ್ದನು. ಅವನು ತನ್ನ ಬುದ್ಧಿವಂತಿಕೆ ಮತ್ತು ಹಾಸ್ಯ ಪ್ರವೃತ್ತಿಗೆ ಹೆಸರುವಾಸಿಯಾಗಿದ್ದನು. ಒಮ್ಮೆ ರಾಮು ಮತ್ತು ಶಾಮು ಎಂಬ ಇಬ್ಬರು ರೈತರು ನ್ಯಾಯವನ್ನು ಕೋರಿ ಬೀರಬಲ್ಲನ ಹತ್ತಿರ ಬಂದರು. ಶಾಮು: ಹುಜೂರ್! ನನ್ನ ಶೋಟದ ಅಂಚಿನಲ್ಲಿ ಓಂದು ಮಾವಿನ ಮರವಿದೆ. ಅದು ಯಾವಾಗಲೂ ನನಗೆ ಸೇರಿತ್ತು. ಅದು ಸಸಿ ಆಗಿದ್ದ ಸಮಯದಿಂದ ಈವರೆಗೂ ಅದಕ್ಕೆ ನೀರೆರೆದು ಪೋಷಿಸಿದ್ದೇನೆ. ಅದರಲ್ಲಿಯ ಹಣ್ಣು ಬಿಡಲು ಪ್ರಾರಂಭವಾಗಿದೆ. ಆದರೆ, ಈಗ ರಾಮು ಆ ಮರವನ್ನು ತನ್ನದು ಎಂದು ಹೇಳುತ್ತಿದ್ದಾನೆ. ರಾಮು: ಇಲ್ಲ ಹುಜೂರ್‌! ಆ ಮಾವಿನ ಮರ ನನಗೆ ಸೇರಿದ್ದು, ಇವನು ಸುಳ್ಳು ಹೇಳುತ್ತಿದ್ದಾನೆ. ಬೀರಬಲ್ಲ: (ಒಂದು ಕ್ಷಣ ಯೋಚಿಸಿ) ಆ ಮಾವಿನ ಮರವು ನಿಮ್ಮಿಬ್ಬರಿಗೂ ಸೇರಿರಲು ಸಾಧ್ಯವಿಲ್ಲ. ಈ ವಿವಾದವನ್ನು ಬಗೆಹರಿಸಲು ನನಗೆ ಕಪ್ಪವಾಗುತ್ತಿದೆ. ಹಾಗಾಗಿ ಆ ಮರದ ಮಾವಿನಹಣ್ಣನ್ನು ಕಿತ್ತು ನಿಮ್ಮಿಬ್ಬರ ನಡುವೆ ಸಮನಾಗಿ ಹಂಚಲು ನಾನು ಆದೇಶಿಸುತ್ತೇನೆ ಮತ್ತು ಮರವನ್ನು ಕತ್ತರಿಸಿ, ಅದರ ರೆಂಬೆ ಕೊಂಬೆಗಳನ್ನೂ ನಿಮ್ಮಿಬ್ಬರಿಗೆ ಸಮನಾಗಿ ಹಂಚಲಾಗುವುದು ಎಂದು ಹೇಳಿದನು.",0.726,0.274,0.003,0.914,0.97,0.814,0.186,0.0,0.822,0.948,0.555,0.445,0.0,0.745,0.887
5,"ಅಕ್ಬರ್ ಬಾರತದ ಇತಿಹಾಸದಲ್ಲಿಣ ಪ್ರಸಿಧ್ಧ ಛಕ್ರವರ್ಥಿಘಳಲ್ಲಿ ಒಭ್ಬನು. ಬೀರಭಲ್ಳನು ಆಕ್ಭರ್‌ ಚಕ್ರವರ್ಥಿಯ ಮಂಥ್ರಿ, ಆಪ್ಥ ಸಲಹೆಗಾರ ಮತ್ತು ಶೇನಾಫತಿಯಾಗಿಧ್ದನು. ಅವನು ತನ್ನ ಭುಧ್ಧಿವಂತಿಕೆ ಮಥ್ಥು ಹಾಶ್ಯ ಪ್ರವೃಥ್ಥಿಗೆ ಹಶರುವಾಸಿಯಾಗಿದ್ದನು. ಒಮ್ಮೆ ರಾಮು ಮತ್ತು ಸಾಮು ಏಂಬ ಇಬ್ಬರು ರೈಥರು ನ್ಯಾಯವಣ್ನು ಕೋರಿ ಭೀರಭಲ್ಲನ ಹತ್ತಿರ ಬಂದರು. ಶಾಮು: ಹುಜೂರ್! ಣನ್ನ ಶೋಠಧ ಅಂಚಿನಲ್ಲಿ ಓಂದು ಮಾವಿಣ ಮರವಿದೆ. ಆದು ಯಾವಾಗಲೂ ನನಗೆ ಸೇರಿಥ್ತು. ಆದು ಸಸಿ ಅಘಿದ್ದ ಸಮಯದಿಂದ ಈವರೆಗೂ ಅದಕ್ಕೆ ಣೀರೆರೆದು ಪೋಷಿಸಿದ್ದೇನೆ. ಅದರಲ್ಲಿಯ ಹಣ್ನು ಬಿಡಲು ಪ್ರಾರಂಭವಾಘಿದೆ. ಆದರೆ, ಈಗ ರಾಮು ಆ ಮರವನ್ನು ತನ್ನದು ಏಂದು ಹೇಲುಥ್ತಿಧ್ದಾನೆ. ರಾಮು: ಇಲ್ಲ ಹುಜೂರ್‌! ಆ ಮಾವಿಣ ಮರ ಣನಗೆ ಶೇರಿಧ್ದು, ಇವನು ಶುಳ್ಳು ಹೇಳುತ್ತಿದ್ದಾನೆ. ಬೀರಬಲ್ಲ: (ಒಂದು ಕ್ಷಣ ಯೋಚಿಸಿ) ಅ ಮಾವಿನ ಮರವು ನಿಮ್ಮಿಬ್ಬರಿಗೂ ಸೇರಿರಲು ಸಾದ್ಯವಿಲ್ಲ. ಈ ವಿವಾದವನ್ನು ಬಗೆಹರಿಶಲು ನನಗೆ ಕಪ್ಪವಾಗುತ್ತಿದೆ. ಹಾಗಾಘಿ ಆ ಮರದ ಮರದ ಮಾವಿನಹಣ್ನಣ್ನು ಕಿತ್ತು ನಿಮ್ಮಿಭ್ಭರ ನಡುವೆ ಶಮನಾಗಿ ಹಂಚಳು ನಾನು ಆಧೇಶಿಸುತ್ತೇನೆ ಮತ್ತು ಮರವನ್ನು ಖಥ್ತರಿಸಿ, ಅದರ ರೆಂಬೆ ಕೊಂಬೆಗಲನ್ನೂ ನಿಮ್ಮಿಬ್ಬರಿಗೆ ಶಮನಾಗಿ ಹಂಚಲಾಗುವುದು ಎಂದು ಹೇಳಿದನು.",akbar_birbal,"ಅಕ್ಬರ್ ಭಾರತದ ಇತಿಹಾಸದಲ್ಲಿನ ಪ್ರಸಿದ್ಧ ಚಕ್ರವರ್ತಿಗಳಲ್ಲಿ ಒಬ್ಬನು. ಬೀರಬಲ್ಲನು ಅಕ್ಬರ್‌ ಚಕ್ರವರ್ತಿಯ ಮಂತ್ರಿ, ಆಪ್ತ ಸಲಹೆಗಾರ ಮತ್ತು ಸೇನಾಪತಿಯಾಗಿದ್ದನು. ಅವನು ತನ್ನ ಬುದ್ಧಿವಂತಿಕೆ ಮತ್ತು ಹಾಸ್ಯ ಪ್ರವೃತ್ತಿಗೆ ಹೆಸರುವಾಸಿಯಾಗಿದ್ದನು. ಒಮ್ಮೆ ರಾಮು ಮತ್ತು ಶಾಮು ಎಂಬ ಇಬ್ಬರು ರೈತರು ನ್ಯಾಯವನ್ನು ಕೋರಿ ಬೀರಬಲ್ಲನ ಹತ್ತಿರ ಬಂದರು. ಶಾಮು: ಹುಜೂರ್! ನನ್ನ ಶೋಟದ ಅಂಚಿನಲ್ಲಿ ಓಂದು ಮಾವಿನ ಮರವಿದೆ. ಅದು ಯಾವಾಗಲೂ ನನಗೆ ಸೇರಿತ್ತು. ಅದು ಸಸಿ ಆಗಿದ್ದ ಸಮಯದಿಂದ ಈವರೆಗೂ ಅದಕ್ಕೆ ನೀರೆರೆದು ಪೋಷಿಸಿದ್ದೇನೆ. ಅದರಲ್ಲಿಯ ಹಣ್ಣು ಬಿಡಲು ಪ್ರಾರಂಭವಾಗಿದೆ. ಆದರೆ, ಈಗ ರಾಮು ಆ ಮರವನ್ನು ತನ್ನದು ಎಂದು ಹೇಳುತ್ತಿದ್ದಾನೆ. ರಾಮು: ಇಲ್ಲ ಹುಜೂರ್‌! ಆ ಮಾವಿನ ಮರ ನನಗೆ ಸೇರಿದ್ದು, ಇವನು ಸುಳ್ಳು ಹೇಳುತ್ತಿದ್ದಾನೆ. ಬೀರಬಲ್ಲ: (ಒಂದು ಕ್ಷಣ ಯೋಚಿಸಿ) ಆ ಮಾವಿನ ಮರವು ನಿಮ್ಮಿಬ್ಬರಿಗೂ ಸೇರಿರಲು ಸಾಧ್ಯವಿಲ್ಲ. ಈ ವಿವಾದವನ್ನು ಬಗೆಹರಿಸಲು ನನಗೆ ಕಪ್ಪವಾಗುತ್ತಿದೆ. ಹಾಗಾಗಿ ಆ ಮರದ ಮಾವಿನಹಣ್ಣನ್ನು ಕಿತ್ತು ನಿಮ್ಮಿಬ್ಬರ ನಡುವೆ ಸಮನಾಗಿ ಹಂಚಲು ನಾನು ಆದೇಶಿಸುತ್ತೇನೆ ಮತ್ತು ಮರವನ್ನು ಕತ್ತರಿಸಿ, ಅದರ ರೆಂಬೆ ಕೊಂಬೆಗಳನ್ನೂ ನಿಮ್ಮಿಬ್ಬರಿಗೆ ಸಮನಾಗಿ ಹಂಚಲಾಗುವುದು ಎಂದು ಹೇಳಿದನು.",0.516,0.484,0.0,0.87,0.877,0.795,0.205,0.006,0.884,0.942,0.61,0.39,0.003,0.834,0.93
6,"ಅಖ್ಬರ್ ಭಾರತದ ಇತಿಹಾಸದಲ್ಳಿನ ಫ್ರಸಿಧ್ಧ ಚಕ್ರವರ್ತಿಘಳಳ್ಳಿ ಒಬ್ಬನು. ಬೀರಬಲ್ಳನು ಅಕ್ಬರ್‌ ಚಕ್ರವರ್ತಿಯ ಮಂಥ್ರಿ, ಆಪ್ತ ಸಳಹೆಗಾರ ಮತ್ತು ಮತ್ತು ಸೇಣಾಪತಿಯಾಗಿದ್ದಣು. ಅವನು ತನ್ನ ಬುದ್ಧಿವಂಥಿಖೆ ಮಥ್ತು ಹಾಸ್ಯ ಪ್ರವೃತ್ತಿಗೆ ಹಸರುವಾಸಿಯಾಗಿದ್ದನು. ಒಮ್ಮೆ ರಾಮು ಮತ್ಥು ಸಾಮು ಎಂಭ ಇಬ್ಭರು ರೈತರು ನ್ಯಾಯವನ್ನು ಕೋರಿ ಬೀರಬಳ್ಲನ ಹತ್ತಿರ ಬಂಧರು. ಶಾಮು: ಹುಜೂರ್! ನನ್ನ ಶೋಠದ ಅಂಚಿನಲ್ಲಿ ಓಂದು ಮಾವಿನ ಮರವಿದೆ. ಅದು ಯಾವಾಗಲೂ ನನಗೆ ಸೇರಿಥ್ಥು. ಅದು ಶಸಿ ಅಗಿದ್ದ ಸಮಯಧಿಂದ ಈವರೆಗೂ ಆದಕ್ಕೆ ಣೀರೆರೆದು ಪೋಷಿಸಿದ್ಧೇನೆ. ಅದರಲ್ಲಿಯ ಹಣ್ನು ಬಿಢಲು ಫ್ರಾರಂಭವಾಗಿದೆ. ಆಧರೆ, ಈಗ ರಾಮು ಆ ಮರವನ್ನು ತನ್ನದು ಎಂದು ಹೇಳುಥ್ಥಿಧ್ದಾನೆ. ರಾಮು: ಇಲ್ಲ ಹುಜೂರ್‌! ಆ ಮಾವಿನ ಮರ ಣನಗೆ ಸೇರಿದ್ದು, ಇವನು ಸುಲ್ಳು ಹೇಳುತ್ತಿದ್ದಾನೆ. ಬೀರಬಳ್ಲ: (ಒಂಧು ಕ್ಷಣ ಯೋಚಿಸಿ) ಆ ಮಾವಿನ ಮರವು ಣಿಮ್ಮಿಬ್ಭರಿಘೂ ಶೇರಿರಲು ಸಾಧ್ಯವಿಲ್ಲ. ಈ ವಿವಾದವನ್ನು ಭಗೆಹರಿಸಳು ನನಗೆ ಕಪ್ಪವಾಗುತ್ತಿದೆ. ಹಾಗಾಗಿ ಆ ಮರದ ಮಾವಿನಹಣ್ಣನ್ನು ಕಿತ್ತು ನಿಮ್ಮಿಭ್ಭರ ನಢುವೆ ಸಮನಾಗಿ ಹಂಚಲು ಣಾನು ಅದೇಶಿಸುತ್ತೇನೆ ಮತ್ತು ಮರವನ್ಣು ಕಥ್ಥರಿಸಿ, ಆದರ ರೆಂಬೆ ಕೊಂಬೆಘಳಣ್ನೂ ನಿಮ್ಮಿಬ್ಬರಿಗೆ ಸಮಣಾಗಿ ಹಂಚಲಾಘುವುದು ಎಂದು ಹೇಲಿದನು.",akbar_birbal,"ಅಕ್ಬರ್ ಭಾರತದ ಇತಿಹಾಸದಲ್ಲಿನ ಪ್ರಸಿದ್ಧ ಚಕ್ರವರ್ತಿಗಳಲ್ಲಿ ಒಬ್ಬನು. ಬೀರಬಲ್ಲನು ಅಕ್ಬರ್‌ ಚಕ್ರವರ್ತಿಯ ಮಂತ್ರಿ, ಆಪ್ತ ಸಲಹೆಗಾರ ಮತ್ತು ಸೇನಾಪತಿಯಾಗಿದ್ದನು. ಅವನು ತನ್ನ ಬುದ್ಧಿವಂತಿಕೆ ಮತ್ತು ಹಾಸ್ಯ ಪ್ರವೃತ್ತಿಗೆ ಹೆಸರುವಾಸಿಯಾಗಿದ್ದನು. ಒಮ್ಮೆ ರಾಮು ಮತ್ತು ಶಾಮು ಎಂಬ ಇಬ್ಬರು ರೈತರು ನ್ಯಾಯವನ್ನು ಕೋರಿ ಬೀರಬಲ್ಲನ ಹತ್ತಿರ ಬಂದರು. ಶಾಮು: ಹುಜೂರ್! ನನ್ನ ಶೋಟದ ಅಂಚಿನಲ್ಲಿ ಓಂದು ಮಾವಿನ ಮರವಿದೆ. ಅದು ಯಾವಾಗಲೂ ನನಗೆ ಸೇರಿತ್ತು. ಅದು ಸಸಿ ಆಗಿದ್ದ ಸಮಯದಿಂದ ಈವರೆಗೂ ಅದಕ್ಕೆ ನೀರೆರೆದು ಪೋಷಿಸಿದ್ದೇನೆ. ಅದರಲ್ಲಿಯ ಹಣ್ಣು ಬಿಡಲು ಪ್ರಾರಂಭವಾಗಿದೆ. ಆದರೆ, ಈಗ ರಾಮು ಆ ಮರವನ್ನು ತನ್ನದು ಎಂದು ಹೇಳುತ್ತಿದ್ದಾನೆ. ರಾಮು: ಇಲ್ಲ ಹುಜೂರ್‌! ಆ ಮಾವಿನ ಮರ ನನಗೆ ಸೇರಿದ್ದು, ಇವನು ಸುಳ್ಳು ಹೇಳುತ್ತಿದ್ದಾನೆ. ಬೀರಬಲ್ಲ: (ಒಂದು ಕ್ಷಣ ಯೋಚಿಸಿ) ಆ ಮಾವಿನ ಮರವು ನಿಮ್ಮಿಬ್ಬರಿಗೂ ಸೇರಿರಲು ಸಾಧ್ಯವಿಲ್ಲ. ಈ ವಿವಾದವನ್ನು ಬಗೆಹರಿಸಲು ನನಗೆ ಕಪ್ಪವಾಗುತ್ತಿದೆ. ಹಾಗಾಗಿ ಆ ಮರದ ಮಾವಿನಹಣ್ಣನ್ನು ಕಿತ್ತು ನಿಮ್ಮಿಬ್ಬರ ನಡುವೆ ಸಮನಾಗಿ ಹಂಚಲು ನಾನು ಆದೇಶಿಸುತ್ತೇನೆ ಮತ್ತು ಮರವನ್ನು ಕತ್ತರಿಸಿ, ಅದರ ರೆಂಬೆ ಕೊಂಬೆಗಳನ್ನೂ ನಿಮ್ಮಿಬ್ಬರಿಗೆ ಸಮನಾಗಿ ಹಂಚಲಾಗುವುದು ಎಂದು ಹೇಳಿದನು.",0.708,0.292,0.003,0.783,0.961,0.824,0.176,0.006,0.781,0.948,0.677,0.323,0.006,0.81,0.957
7,"ಅಕ್ಬರ್ ಬಾರಥದ ಇತಿಹಾಸದಳ್ಲಿನ ಪ್ರಸಿದ್ಧ ಚಕ್ರವರ್ಥಿಗಳಲ್ಲಿ ಒಬ್ಬನು. ಬೀರಬಲ್ಲಣು ಅಖ್ಭರ್‌ ಚಕ್ರವರ್ತಿಯ ಮಂಥ್ರಿ, ಅಪ್ತ ಶಲಹೆಗಾರ ಮಥ್ತು ಸೇನಾಫತಿಯಾಗಿಧ್ಧನು. ಆವನು ತಣ್ನ ಭುದ್ಧಿವಂಥಿಕೆ ಮತ್ಥು ಹಾಸ್ಯ ಪ್ರವೃತ್ತಿಗೆ ಹಶರುವಾಶಿಯಾಗಿದ್ದಣು. ಒಮ್ಮೆ ರಾಮು ಮತ್ತು ಶಾಮು ಎಂಬ ಇಬ್ಬರು ರೈಥರು ನ್ಯಾಯವನ್ನು ಕೋರಿ ಬೀರಬಲ್ಳನ ಹತ್ತಿರ ಬಂದರು. ಶಾಮು: ಹುಜೂರ್! ನನ್ನ ಸೋಟದ ಅಂಚಿನಲ್ಲಿ ಒಂದು ಮಾವಿನ ಮರವಿದೆ. ಆದು ಯಾವಾಗಲೂ ನನಗೆ ಸೇರಿತ್ತು. ಅದು ಸಸಿ ಅಘಿದ್ದ ಸಮಯದಿಂದ ಈವರೆಗೂ ಆದಖ್ಖೆ ಣೀರೆರೆದು ಪೋಷಿಸಿಧ್ದೇನೆ. ಅದರಲ್ಲಿಯ ಅದರಲ್ಲಿಯ ಹಣ್ಣು ಬಿಡಲು ಪ್ರಾರಂಭವಾಗಿದೆ. ಆದರೆ, ಈಗ ರಾಮು ಆ ಮರವನ್ಣು ತನ್ಣಧು ಏಂದು ಹೇಳುತ್ತಿದ್ಧಾನೆ. ರಾಮು: ಇಲ್ಲ ಹುಜೂರ್‌! ಆ ಮಾವಿನ ಮರ ನನಗೆ ಸೇರಿದ್ದು, ಇವನು ಸುಲ್ಲು ಹೇಳುತ್ತಿದ್ದಾನೆ. ಬೀರಬಲ್ಲ: (ಒಂದು ಕ್ಷಣ ಯೋಚಿಸಿ) ಆ ಮಾವಿನ ಮರವು ನಿಮ್ಮಿಬ್ಬರಿಗೂ ಶೇರಿರಲು ಸಾಧ್ಯವಿಲ್ಲ. ಇ ವಿವಾದವನ್ನು ಬಗೆಹರಿಸಲು ಣನಘೆ ಕಪ್ಪವಾಗುತ್ತಿದೆ. ಹಾಗಾಗಿ ಆ ಮರದ ಮಾವಿನಹಣ್ಣನ್ನು ಖಿತ್ತು ನಿಮ್ಮಿಬ್ಬರ ಣಢುವೆ ಸಮಣಾಗಿ ಹಂಚಲು ನಾನು ಆದೇಶಿಸುತ್ತೇನೆ ಮತ್ತು ಮರವನ್ನು ಕತ್ತರಿಸಿ, ಅದರ ರೆಂಬೆ ಕೊಂಬೆಗಳನ್ನೂ ಣಿಮ್ಮಿಬ್ಬರಿಗೆ ಸಮನಾಗಿ ಹಂಚಲಾಘುವುದು ಎಂಧು ಹೇಳಿದನು.",akbar_birbal,"ಅಕ್ಬರ್ ಭಾರತದ ಇತಿಹಾಸದಲ್ಲಿನ ಪ್ರಸಿದ್ಧ ಚಕ್ರವರ್ತಿಗಳಲ್ಲಿ ಒಬ್ಬನು. ಬೀರಬಲ್ಲನು ಅಕ್ಬರ್‌ ಚಕ್ರವರ್ತಿಯ ಮಂತ್ರಿ, ಆಪ್ತ ಸಲಹೆಗಾರ ಮತ್ತು ಸೇನಾಪತಿಯಾಗಿದ್ದನು. ಅವನು ತನ್ನ ಬುದ್ಧಿವಂತಿಕೆ ಮತ್ತು ಹಾಸ್ಯ ಪ್ರವೃತ್ತಿಗೆ ಹೆಸರುವಾಸಿಯಾಗಿದ್ದನು. ಒಮ್ಮೆ ರಾಮು ಮತ್ತು ಶಾಮು ಎಂಬ ಇಬ್ಬರು ರೈತರು ನ್ಯಾಯವನ್ನು ಕೋರಿ ಬೀರಬಲ್ಲನ ಹತ್ತಿರ ಬಂದರು. ಶಾಮು: ಹುಜೂರ್! ನನ್ನ ಶೋಟದ ಅಂಚಿನಲ್ಲಿ ಓಂದು ಮಾವಿನ ಮರವಿದೆ. ಅದು ಯಾವಾಗಲೂ ನನಗೆ ಸೇರಿತ್ತು. ಅದು ಸಸಿ ಆಗಿದ್ದ ಸಮಯದಿಂದ ಈವರೆಗೂ ಅದಕ್ಕೆ ನೀರೆರೆದು ಪೋಷಿಸಿದ್ದೇನೆ. ಅದರಲ್ಲಿಯ ಹಣ್ಣು ಬಿಡಲು ಪ್ರಾರಂಭವಾಗಿದೆ. ಆದರೆ, ಈಗ ರಾಮು ಆ ಮರವನ್ನು ತನ್ನದು ಎಂದು ಹೇಳುತ್ತಿದ್ದಾನೆ. ರಾಮು: ಇಲ್ಲ ಹುಜೂರ್‌! ಆ ಮಾವಿನ ಮರ ನನಗೆ ಸೇರಿದ್ದು, ಇವನು ಸುಳ್ಳು ಹೇಳುತ್ತಿದ್ದಾನೆ. ಬೀರಬಲ್ಲ: (ಒಂದು ಕ್ಷಣ ಯೋಚಿಸಿ) ಆ ಮಾವಿನ ಮರವು ನಿಮ್ಮಿಬ್ಬರಿಗೂ ಸೇರಿರಲು ಸಾಧ್ಯವಿಲ್ಲ. ಈ ವಿವಾದವನ್ನು ಬಗೆಹರಿಸಲು ನನಗೆ ಕಪ್ಪವಾಗುತ್ತಿದೆ. ಹಾಗಾಗಿ ಆ ಮರದ ಮಾವಿನಹಣ್ಣನ್ನು ಕಿತ್ತು ನಿಮ್ಮಿಬ್ಬರ ನಡುವೆ ಸಮನಾಗಿ ಹಂಚಲು ನಾನು ಆದೇಶಿಸುತ್ತೇನೆ ಮತ್ತು ಮರವನ್ನು ಕತ್ತರಿಸಿ, ಅದರ ರೆಂಬೆ ಕೊಂಬೆಗಳನ್ನೂ ನಿಮ್ಮಿಬ್ಬರಿಗೆ ಸಮನಾಗಿ ಹಂಚಲಾಗುವುದು ಎಂದು ಹೇಳಿದನು.",0.725,0.275,0.006,0.812,0.966,0.856,0.144,0.012,0.925,0.962,0.759,0.241,0.009,0.792,0.977
8,"ಅಕ್ಬರ್ ಭಾರತದ ಇತಿಹಾಸದಲ್ಲಿನ ಪ್ರಶಿದ್ಧ ಚಕ್ರವರ್ತಿಗಳಳ್ಲಿ ಒಬ್ಭನು. ಬೀರಬಲ್ಲನು ಅಕ್ಬರ್‌ ಚಖ್ರವರ್ತಿಯ ಮಂತ್ರಿ, ಆಪ್ಥ ಶಲಹೆಗಾರ ಮಥ್ಥು ಸೇನಾಫತಿಯಾಗಿದ್ಧನು. ಅವನು ತಣ್ನ ಬುದ್ಧಿವಂತಿಖೆ ಮತ್ತು ಹಾಸ್ಯ ಪ್ರವೃತ್ತಿಗೆ ಹಸರುವಾಸಿಯಾಗಿದ್ದನು. ಒಮ್ಮೆ ರಾಮು ಮತ್ಥು ಶಾಮು ಏಂಬ ಇಬ್ಬರು ರೈಥರು ಣ್ಯಾಯವನ್ನು ಖೋರಿ ಬೀರಭಲ್ಲನ ಹಥ್ತಿರ ಬಂದರು. ಶಾಮು: ಹುಜೂರ್! ನಣ್ಣ ಶೋಟಧ ಆಂಛಿನಲ್ಲಿ ಓಂದು ಮಾವಿನ ಮರವಿದೆ. ಅದು ಯಾವಾಗಲೂ ನನಗೆ ಶೇರಿತ್ಥು. ಅಧು ಸಸಿ ಆಗಿದ್ದ ಶಮಯದಿಂದ ಈವರೆಗೂ ಅದಕ್ಕೆ ಣೀರೆರೆದು ಪೋಷಿಸಿದ್ದೇನೆ. ಅಧರಲ್ಲಿಯ ಹಣ್ಣು ಬಿಢಲು ಫ್ರಾರಂಭವಾಗಿದೆ. ಆದರೆ, ಈಗ ರಾಮು ಆ ಮರವನ್ನು ತನ್ನದು ಏಂದು ಹೇಳುತ್ತಿಧ್ಧಾನೆ. ರಾಮು: ಇಲ್ಲ ಹುಜೂರ್‌! ಆ ಮಾವಿನ ಮರ ನನಘೆ ಸೇರಿದ್ದು, ಇವನು ಸುಳ್ಳು ಹೇಳುಥ್ತಿಧ್ದಾನೆ. ಬೀರಬಲ್ಳ: (ಒಂಧು ಕ್ಷಣ ಯೋಚಿಸಿ) ಆ ಮಾವಿನ ಮರವು ನಿಮ್ಮಿಬ್ಬರಿಗೂ ಸೇರಿರಲು ಶಾದ್ಯವಿಲ್ಲ. ಈ ವಿವಾದವನ್ನು ಬಗೆಹರಿಸಲು ನನಗೆ ಕಪ್ಪವಾಘುಥ್ತಿಧೆ. ಹಾಗಾಗಿ ಆ ಮರಧ ಮಾವಿಣಹಣ್ನನ್ನು ಕಿತ್ತು ನಿಮ್ಮಿಬ್ಭರ ನಢುವೆ ಸಮನಾಗಿ ಹಂಚಲು ನಾನು ಆದೇಶಿಸುತ್ತೇನೆ ಮತ್ಥು ಮರವನ್ನು ಖತ್ತರಿಸಿ, ಅಧರ ರೆಂಬೆ ಖೊಂಬೆಗಳಣ್ಣೂ ನಿಮ್ಮಿಬ್ಬರಿಗೆ ಸಮನಾಗಿ ಹಂಚಳಾಗುವುದು ಎಂದು ಹೇಳಿಧನು.",akbar_birbal,"ಅಕ್ಬರ್ ಭಾರತದ ಇತಿಹಾಸದಲ್ಲಿನ ಪ್ರಸಿದ್ಧ ಚಕ್ರವರ್ತಿಗಳಲ್ಲಿ ಒಬ್ಬನು. ಬೀರಬಲ್ಲನು ಅಕ್ಬರ್‌ ಚಕ್ರವರ್ತಿಯ ಮಂತ್ರಿ, ಆಪ್ತ ಸಲಹೆಗಾರ ಮತ್ತು ಸೇನಾಪತಿಯಾಗಿದ್ದನು. ಅವನು ತನ್ನ ಬುದ್ಧಿವಂತಿಕೆ ಮತ್ತು ಹಾಸ್ಯ ಪ್ರವೃತ್ತಿಗೆ ಹೆಸರುವಾಸಿಯಾಗಿದ್ದನು. ಒಮ್ಮೆ ರಾಮು ಮತ್ತು ಶಾಮು ಎಂಬ ಇಬ್ಬರು ರೈತರು ನ್ಯಾಯವನ್ನು ಕೋರಿ ಬೀರಬಲ್ಲನ ಹತ್ತಿರ ಬಂದರು. ಶಾಮು: ಹುಜೂರ್! ನನ್ನ ಶೋಟದ ಅಂಚಿನಲ್ಲಿ ಓಂದು ಮಾವಿನ ಮರವಿದೆ. ಅದು ಯಾವಾಗಲೂ ನನಗೆ ಸೇರಿತ್ತು. ಅದು ಸಸಿ ಆಗಿದ್ದ ಸಮಯದಿಂದ ಈವರೆಗೂ ಅದಕ್ಕೆ ನೀರೆರೆದು ಪೋಷಿಸಿದ್ದೇನೆ. ಅದರಲ್ಲಿಯ ಹಣ್ಣು ಬಿಡಲು ಪ್ರಾರಂಭವಾಗಿದೆ. ಆದರೆ, ಈಗ ರಾಮು ಆ ಮರವನ್ನು ತನ್ನದು ಎಂದು ಹೇಳುತ್ತಿದ್ದಾನೆ. ರಾಮು: ಇಲ್ಲ ಹುಜೂರ್‌! ಆ ಮಾವಿನ ಮರ ನನಗೆ ಸೇರಿದ್ದು, ಇವನು ಸುಳ್ಳು ಹೇಳುತ್ತಿದ್ದಾನೆ. ಬೀರಬಲ್ಲ: (ಒಂದು ಕ್ಷಣ ಯೋಚಿಸಿ) ಆ ಮಾವಿನ ಮರವು ನಿಮ್ಮಿಬ್ಬರಿಗೂ ಸೇರಿರಲು ಸಾಧ್ಯವಿಲ್ಲ. ಈ ವಿವಾದವನ್ನು ಬಗೆಹರಿಸಲು ನನಗೆ ಕಪ್ಪವಾಗುತ್ತಿದೆ. ಹಾಗಾಗಿ ಆ ಮರದ ಮಾವಿನಹಣ್ಣನ್ನು ಕಿತ್ತು ನಿಮ್ಮಿಬ್ಬರ ನಡುವೆ ಸಮನಾಗಿ ಹಂಚಲು ನಾನು ಆದೇಶಿಸುತ್ತೇನೆ ಮತ್ತು ಮರವನ್ನು ಕತ್ತರಿಸಿ, ಅದರ ರೆಂಬೆ ಕೊಂಬೆಗಳನ್ನೂ ನಿಮ್ಮಿಬ್ಬರಿಗೆ ಸಮನಾಗಿ ಹಂಚಲಾಗುವುದು ಎಂದು ಹೇಳಿದನು.",0.569,0.431,0.003,0.88,0.912,0.82,0.18,0.0,0.737,0.946,0.703,0.297,0.0,0.821,0.965
9,"ಅಕ್ಬರ್ ಬಾರಥದ ಇತಿಹಾಸದಲ್ಲಿನ ಫ್ರಶಿದ್ದ ಛಖ್ರವರ್ತಿಗಳಲ್ಲಿ ಒಬ್ಬನು. ಬೀರಬಲ್ಲನು ಆಕ್ಭರ್‌ ಚಕ್ರವರ್ತಿಯ ಮಂಥ್ರಿ, ಆಪ್ತ ಸಲಹೆಘಾರ ಮಥ್ತು ಸೇಣಾಪಥಿಯಾಗಿದ್ದಣು. ಅವನು ತನ್ನ ಭುದ್ಧಿವಂತಿಕೆ ಮಥ್ತು ಹಾಶ್ಯ ಫ್ರವೃಥ್ತಿಗೆ ಹಸರುವಾಸಿಯಾಗಿದ್ಧನು. ಓಮ್ಮೆ ರಾಮು ಮತ್ಥು ಶಾಮು ಎಂಬ ಇಬ್ಬರು ರೈತರು ಣ್ಯಾಯವನ್ನು ಕೋರಿ ಬೀರಬಳ್ಲನ ಹತ್ತಿರ ಬಂದರು. ಶಾಮು: ಹುಜೂರ್! ನನ್ನ ಸೋಟದ ಆಂಚಿನಲ್ಲಿ ಓಂದು ಮಾವಿಣ ಮರವಿದೆ. ಅದು ಯಾವಾಗಲೂ ನನಗೆ ನನಗೆ ಸೇರಿತ್ಥು. ಅದು ಸಸಿ ಆಗಿದ್ದ ಶಮಯದಿಂದ ಈವರೆಘೂ ಅದಕ್ಕೆ ನೀರೆರೆದು ಪೋಷಿಶಿಧ್ದೇನೆ. ಅದರಳ್ಲಿಯ ಹಣ್ನು ಬಿಡಲು ಪ್ರಾರಂಭವಾಗಿದೆ. ಆದರೆ, ಈಗ ರಾಮು ಆ ಮರವಣ್ನು ಥನ್ಣದು ಎಂದು ಹೇಳುತ್ಥಿದ್ದಾನೆ. ರಾಮು: ಈಲ್ಲ ಹುಜೂರ್‌! ಆ ಮಾವಿನ ಮರ ನನಗೆ ಸೇರಿಧ್ದು, ಇವನು ಸುಳ್ಳು ಹೇಳುಥ್ತಿದ್ದಾನೆ. ಬೀರಭಲ್ಲ: (ಒಂಧು ಕ್ಷಣ ಯೋಚಿಸಿ) ಆ ಮಾವಿನ ಮರವು ನಿಮ್ಮಿಬ್ಬರಿಘೂ ಸೇರಿರಲು ಶಾಧ್ಯವಿಲ್ಲ. ಈ ವಿವಾದವನ್ಣು ಬಘೆಹರಿಸಲು ನನಗೆ ಕಪ್ಪವಾಗುತ್ತಿಧೆ. ಹಾಗಾಗಿ ಅ ಮರದ ಮಾವಿಣಹನ್ನನ್ನು ಕಿತ್ಥು ನಿಮ್ಮಿಬ್ಬರ ಣಡುವೆ ಶಮಣಾಘಿ ಹಂಚಳು ನಾನು ಅದೇಶಿಸುತ್ಥೇನೆ ಮತ್ತು ಮರವನ್ನು ಕತ್ಥರಿಸಿ, ಅದರ ರೆಂಬೆ ಕೊಂಬೆಗಳನ್ನೂ ಣಿಮ್ಮಿಬ್ಬರಿಗೆ ಸಮನಾಗಿ ಹಂಚಲಾಗುವುದು ಎಂಧು ಹೇಲಿದನು.",akbar_birbal,"ಅಕ್ಬರ್ ಭಾರತದ ಇತಿಹಾಸದಲ್ಲಿನ ಪ್ರಸಿದ್ಧ ಚಕ್ರವರ್ತಿಗಳಲ್ಲಿ ಒಬ್ಬನು. ಬೀರಬಲ್ಲನು ಅಕ್ಬರ್‌ ಚಕ್ರವರ್ತಿಯ ಮಂತ್ರಿ, ಆಪ್ತ ಸಲಹೆಗಾರ ಮತ್ತು ಸೇನಾಪತಿಯಾಗಿದ್ದನು. ಅವನು ತನ್ನ ಬುದ್ಧಿವಂತಿಕೆ ಮತ್ತು ಹಾಸ್ಯ ಪ್ರವೃತ್ತಿಗೆ ಹೆಸರುವಾಸಿಯಾಗಿದ್ದನು. ಒಮ್ಮೆ ರಾಮು ಮತ್ತು ಶಾಮು ಎಂಬ ಇಬ್ಬರು ರೈತರು ನ್ಯಾಯವನ್ನು ಕೋರಿ ಬೀರಬಲ್ಲನ ಹತ್ತಿರ ಬಂದರು. ಶಾಮು: ಹುಜೂರ್! ನನ್ನ ಶೋಟದ ಅಂಚಿನಲ್ಲಿ ಓಂದು ಮಾವಿನ ಮರವಿದೆ. ಅದು ಯಾವಾಗಲೂ ನನಗೆ ಸೇರಿತ್ತು. ಅದು ಸಸಿ ಆಗಿದ್ದ ಸಮಯದಿಂದ ಈವರೆಗೂ ಅದಕ್ಕೆ ನೀರೆರೆದು ಪೋಷಿಸಿದ್ದೇನೆ. ಅದರಲ್ಲಿಯ ಹಣ್ಣು ಬಿಡಲು ಪ್ರಾರಂಭವಾಗಿದೆ. ಆದರೆ, ಈಗ ರಾಮು ಆ ಮರವನ್ನು ತನ್ನದು ಎಂದು ಹೇಳುತ್ತಿದ್ದಾನೆ. ರಾಮು: ಇಲ್ಲ ಹುಜೂರ್‌! ಆ ಮಾವಿನ ಮರ ನನಗೆ ಸೇರಿದ್ದು, ಇವನು ಸುಳ್ಳು ಹೇಳುತ್ತಿದ್ದಾನೆ. ಬೀರಬಲ್ಲ: (ಒಂದು ಕ್ಷಣ ಯೋಚಿಸಿ) ಆ ಮಾವಿನ ಮರವು ನಿಮ್ಮಿಬ್ಬರಿಗೂ ಸೇರಿರಲು ಸಾಧ್ಯವಿಲ್ಲ. ಈ ವಿವಾದವನ್ನು ಬಗೆಹರಿಸಲು ನನಗೆ ಕಪ್ಪವಾಗುತ್ತಿದೆ. ಹಾಗಾಗಿ ಆ ಮರದ ಮಾವಿನಹಣ್ಣನ್ನು ಕಿತ್ತು ನಿಮ್ಮಿಬ್ಬರ ನಡುವೆ ಸಮನಾಗಿ ಹಂಚಲು ನಾನು ಆದೇಶಿಸುತ್ತೇನೆ ಮತ್ತು ಮರವನ್ನು ಕತ್ತರಿಸಿ, ಅದರ ರೆಂಬೆ ಕೊಂಬೆಗಳನ್ನೂ ನಿಮ್ಮಿಬ್ಬರಿಗೆ ಸಮನಾಗಿ ಹಂಚಲಾಗುವುದು ಎಂದು ಹೇಳಿದನು.",0.629,0.371,0.0,0.887,0.941,0.793,0.207,0.006,0.841,0.94,0.513,0.487,0.003,0.701,0.841
10,"ಅಕ್ಬರ್ ಭಾರತದ ಇಥಿಹಾಸದಲ್ಲಿನ ಪ್ರಸಿದ್ಧ ಚಕ್ರವರ್ತಿಗಳಲ್ಲಿ ಒಬ್ಬನು. ಭೀರಬಲ್ಲಣು ಅಕ್ಬರ್‌ ಚಕ್ರವರ್ತಿಯ ಮಂಥ್ರಿ, ಆಫ್ತ ಸಲಹೆಗಾರ ಮತ್ತು ಸೇನಾಪತಿಯಾಗಿದ್ಧನು. ಆವನು ತಣ್ನ ಬುದ್ಧಿವಂತಿಕೆ ಮತ್ಥು ಹಾಸ್ಯ ಪ್ರವೃತ್ತಿಗೆ ಹಸರುವಾಸಿಯಾಗಿದ್ದಣು. ಒಮ್ಮೆ ರಾಮು ಮತ್ತು ಶಾಮು ಎಂಬ ಈಬ್ಬರು ರೈತರು ಣ್ಯಾಯವನ್ನು ಕೋರಿ ಬೀರಬಲ್ಲನ ಹತ್ತಿರ ಬಂಧರು. ಶಾಮು: ಹುಝೂರ್! ಣನ್ನ ಶೋಟದ ಅಂಚಿನಲ್ಲಿ ಓಂದು ಮಾವಿಣ ಮರವಿದೆ. ಅಧು ಯಾವಾಗಲೂ ಣನಗೆ ಸೇರಿತ್ತು. ಅದು ಸಸಿ ಅಗಿದ್ದ ಸಮಯಧಿಂದ ಈವರೆಗೂ ಅಧಕ್ಖೆ ನೀರೆರೆದು ಪೋಷಿಸಿದ್ಧೇನೆ. ಆದರಲ್ಲಿಯ ಹಣ್ಣು ಭಿಡಲು ಫ್ರಾರಂಭವಾಗಿಧೆ. ಆದರೆ, ಈಗ ರಾಮು ಆ ಮರವಣ್ಣು ಥನ್ನದು ಎಂಧು ಹೇಲುತ್ಥಿದ್ದಾನೆ. ರಾಮು: ಈಲ್ಲ ಹುಜೂರ್‌! ಆ ಮಾವಿಣ ಮರ ನನಗೆ ಶೇರಿದ್ದು, ಈವಣು ಸುಳ್ಳು ಹೇಳುತ್ಥಿದ್ದಾನೆ. ಬೀರಭಳ್ಲ: (ಒಂದು ಕ್ಷನ ಯೋಚಿಸಿ) ಆ ಮಾವಿನ ಮರವು ನಿಮ್ಮಿಭ್ಬರಿಗೂ ಶೇರಿರಲು ಸಾಧ್ಯವಿಲ್ಲ. ಈ ವಿವಾದವನ್ನು ಬಗೆಹರಿಸಲು ನನಗೆ ಕಪ್ಫವಾಗುತ್ಥಿದೆ. ಹಾಗಾಗಿ ಆ ಮರದ ಮಾವಿನಹನ್ನನ್ನು ಕಿತ್ತು ಣಿಮ್ಮಿಬ್ಬರ ನಡುವೆ ಸಮಣಾಘಿ ಹಂಚಲು ನಾನು ಆದೇಶಿಸುತ್ಥೇನೆ ಮತ್ಥು ಮರವನ್ನು ಖತ್ತರಿಸಿ, ಅದರ ರೆಂಬೆ ಕೊಂಬೆಘಲನ್ನೂ ಣಿಮ್ಮಿಬ್ಬರಿಗೆ ಶಮನಾಘಿ ಹಂಛಲಾಗುವುದು ಎಂದು ಹೇಲಿದನು.",akbar_birbal,"ಅಕ್ಬರ್ ಭಾರತದ ಇತಿಹಾಸದಲ್ಲಿನ ಪ್ರಸಿದ್ಧ ಚಕ್ರವರ್ತಿಗಳಲ್ಲಿ ಒಬ್ಬನು. ಬೀರಬಲ್ಲನು ಅಕ್ಬರ್‌ ಚಕ್ರವರ್ತಿಯ ಮಂತ್ರಿ, ಆಪ್ತ ಸಲಹೆಗಾರ ಮತ್ತು ಸೇನಾಪತಿಯಾಗಿದ್ದನು. ಅವನು ತನ್ನ ಬುದ್ಧಿವಂತಿಕೆ ಮತ್ತು ಹಾಸ್ಯ ಪ್ರವೃತ್ತಿಗೆ ಹೆಸರುವಾಸಿಯಾಗಿದ್ದನು. ಒಮ್ಮೆ ರಾಮು ಮತ್ತು ಶಾಮು ಎಂಬ ಇಬ್ಬರು ರೈತರು ನ್ಯಾಯವನ್ನು ಕೋರಿ ಬೀರಬಲ್ಲನ ಹತ್ತಿರ ಬಂದರು. ಶಾಮು: ಹುಜೂರ್! ನನ್ನ ಶೋಟದ ಅಂಚಿನಲ್ಲಿ ಓಂದು ಮಾವಿನ ಮರವಿದೆ. ಅದು ಯಾವಾಗಲೂ ನನಗೆ ಸೇರಿತ್ತು. ಅದು ಸಸಿ ಆಗಿದ್ದ ಸಮಯದಿಂದ ಈವರೆಗೂ ಅದಕ್ಕೆ ನೀರೆರೆದು ಪೋಷಿಸಿದ್ದೇನೆ. ಅದರಲ್ಲಿಯ ಹಣ್ಣು ಬಿಡಲು ಪ್ರಾರಂಭವಾಗಿದೆ. ಆದರೆ, ಈಗ ರಾಮು ಆ ಮರವನ್ನು ತನ್ನದು ಎಂದು ಹೇಳುತ್ತಿದ್ದಾನೆ. ರಾಮು: ಇಲ್ಲ ಹುಜೂರ್‌! ಆ ಮಾವಿನ ಮರ ನನಗೆ ಸೇರಿದ್ದು, ಇವನು ಸುಳ್ಳು ಹೇಳುತ್ತಿದ್ದಾನೆ. ಬೀರಬಲ್ಲ: (ಒಂದು ಕ್ಷಣ ಯೋಚಿಸಿ) ಆ ಮಾವಿನ ಮರವು ನಿಮ್ಮಿಬ್ಬರಿಗೂ ಸೇರಿರಲು ಸಾಧ್ಯವಿಲ್ಲ. ಈ ವಿವಾದವನ್ನು ಬಗೆಹರಿಸಲು ನನಗೆ ಕಪ್ಪವಾಗುತ್ತಿದೆ. ಹಾಗಾಗಿ ಆ ಮರದ ಮಾವಿನಹಣ್ಣನ್ನು ಕಿತ್ತು ನಿಮ್ಮಿಬ್ಬರ ನಡುವೆ ಸಮನಾಗಿ ಹಂಚಲು ನಾನು ಆದೇಶಿಸುತ್ತೇನೆ ಮತ್ತು ಮರವನ್ನು ಕತ್ತರಿಸಿ, ಅದರ ರೆಂಬೆ ಕೊಂಬೆಗಳನ್ನೂ ನಿಮ್ಮಿಬ್ಬರಿಗೆ ಸಮನಾಗಿ ಹಂಚಲಾಗುವುದು ಎಂದು ಹೇಳಿದನು.",0.67,0.33,0.003,0.818,0.952,0.816,0.184,0.0,0.83,0.949,0.7,0.3,0.0,0.784,0.963
11,"ಆಕ್ಬರ್ ಬಾರತದ ಇಥಿಹಾಸದಲ್ಲಿನ ಪ್ರಸಿಧ್ಧ ಚಕ್ರವರ್ತಿಘಲಲ್ಲಿ ಒಬ್ಬಣು. ಬೀರಬಲ್ಲನು ಅಕ್ಬರ್‌ ಚಕ್ರವರ್ಥಿಯ ಮಂತ್ರಿ, ಅಪ್ತ ಸಳಹೆಗಾರ ಮಥ್ತು ಸೇನಾಫತಿಯಾಗಿಧ್ದನು. ಅವನು ತನ್ನ ಭುಧ್ಧಿವಂತಿಕೆ ಮತ್ತು ಹಾಸ್ಯ ಪ್ರವೃಥ್ಥಿಗೆ ಹಸರುವಾಸಿಯಾಗಿದ್ದನು. ಒಮ್ಮೆ ರಾಮು ಮತ್ತು ಶಾಮು ಎಂಬ ಇಬ್ಬರು ರೈತರು ನ್ಯಾಯವನ್ನು ಕೋರಿ ಬೀರಬಲ್ಲಣ ಹತ್ತಿರ ಬಂದರು. ಶಾಮು: ಹುಝೂರ್! ಣನ್ನ ಶೋಠಧ ಆಂಛಿನಲ್ಲಿ ಓಂದು ಮಾವಿನ ಮರವಿದೆ. ಆದು ಯಾವಾಘಲೂ ನಣಗೆ ಸೇರಿತ್ತು. ಆಧು ಶಸಿ ಅಗಿದ್ಧ ಸಮಯದಿಂದ ಈವರೆಘೂ ಅದಖ್ಕೆ ನೀರೆರೆದು ಫೋಷಿಸಿದ್ದೇನೆ. ಅದರಲ್ಲಿಯ ಹಣ್ಣು ಬಿಡಲು ಫ್ರಾರಂಬವಾಗಿಧೆ. ಅದರೆ, ಈಘ ರಾಮು ಆ ಮರವನ್ನು ತನ್ನಧು ಎಂದು ಹೇಲುತ್ತಿದ್ದಾನೆ. ರಾಮು: ಈಲ್ಲ ಹುಝೂರ್‌! ಆ ಮಾವಿನ ಮರ ಣನಘೆ ಸೇರಿದ್ದು, ಈವನು ಸುಲ್ಲು ಹೇಲುಥ್ಥಿದ್ದಾನೆ. ಬೀರಭಲ್ಲ: (ಒಂದು ಕ್ಷನ ಯೋಚಿಸಿ) ಆ ಮಾವಿನ ಮರವು ನಿಮ್ಮಿಬ್ಬರಿಗೂ ಸೇರಿರಲು ಸಾಧ್ಯವಿಲ್ಲ. ಈ ಈ ವಿವಾದವನ್ನು ಬಗೆಹರಿಸಲು ಣನಗೆ ಕಪ್ಫವಾಗುಥ್ತಿದೆ. ಹಾಗಾಘಿ ಆ ಮರದ ಮಾವಿಣಹಣ್ನನ್ನು ಕಿತ್ತು ನಿಮ್ಮಿಬ್ಭರ ನಡುವೆ ಸಮಣಾಗಿ ಹಂಛಲು ನಾನು ಆಧೇಶಿಸುತ್ತೇಣೆ ಮತ್ತು ಮರವನ್ನು ಕತ್ತರಿಸಿ, ಆದರ ರೆಂಭೆ ಕೊಂಭೆಘಳನ್ನೂ ನಿಮ್ಮಿಬ್ಬರಿಘೆ ಸಮನಾಗಿ ಹಂಚಲಾಗುವುಧು ಎಂದು ಹೇಳಿದನು.",akbar_birbal,"ಅಕ್ಬರ್ ಭಾರತದ ಇತಿಹಾಸದಲ್ಲಿನ ಪ್ರಸಿದ್ಧ ಚಕ್ರವರ್ತಿಗಳಲ್ಲಿ ಒಬ್ಬನು. ಬೀರಬಲ್ಲನು ಅಕ್ಬರ್‌ ಚಕ್ರವರ್ತಿಯ ಮಂತ್ರಿ, ಆಪ್ತ ಸಲಹೆಗಾರ ಮತ್ತು ಸೇನಾಪತಿಯಾಗಿದ್ದನು. ಅವನು ತನ್ನ ಬುದ್ಧಿವಂತಿಕೆ ಮತ್ತು ಹಾಸ್ಯ ಪ್ರವೃತ್ತಿಗೆ ಹೆಸರುವಾಸಿಯಾಗಿದ್ದನು. ಒಮ್ಮೆ ರಾಮು ಮತ್ತು ಶಾಮು ಎಂಬ ಇಬ್ಬರು ರೈತರು ನ್ಯಾಯವನ್ನು ಕೋರಿ ಬೀರಬಲ್ಲನ ಹತ್ತಿರ ಬಂದರು. ಶಾಮು: ಹುಜೂರ್! ನನ್ನ ಶೋಟದ ಅಂಚಿನಲ್ಲಿ ಓಂದು ಮಾವಿನ ಮರವಿದೆ. ಅದು ಯಾವಾಗಲೂ ನನಗೆ ಸೇರಿತ್ತು. ಅದು ಸಸಿ ಆಗಿದ್ದ ಸಮಯದಿಂದ ಈವರೆಗೂ ಅದಕ್ಕೆ ನೀರೆರೆದು ಪೋಷಿಸಿದ್ದೇನೆ. ಅದರಲ್ಲಿಯ ಹಣ್ಣು ಬಿಡಲು ಪ್ರಾರಂಭವಾಗಿದೆ. ಆದರೆ, ಈಗ ರಾಮು ಆ ಮರವನ್ನು ತನ್ನದು ಎಂದು ಹೇಳುತ್ತಿದ್ದಾನೆ. ರಾಮು: ಇಲ್ಲ ಹುಜೂರ್‌! ಆ ಮಾವಿನ ಮರ ನನಗೆ ಸೇರಿದ್ದು, ಇವನು ಸುಳ್ಳು ಹೇಳುತ್ತಿದ್ದಾನೆ. ಬೀರಬಲ್ಲ: (ಒಂದು ಕ್ಷಣ ಯೋಚಿಸಿ) ಆ ಮಾವಿನ ಮರವು ನಿಮ್ಮಿಬ್ಬರಿಗೂ ಸೇರಿರಲು ಸಾಧ್ಯವಿಲ್ಲ. ಈ ವಿವಾದವನ್ನು ಬಗೆಹರಿಸಲು ನನಗೆ ಕಪ್ಪವಾಗುತ್ತಿದೆ. ಹಾಗಾಗಿ ಆ ಮರದ ಮಾವಿನಹಣ್ಣನ್ನು ಕಿತ್ತು ನಿಮ್ಮಿಬ್ಬರ ನಡುವೆ ಸಮನಾಗಿ ಹಂಚಲು ನಾನು ಆದೇಶಿಸುತ್ತೇನೆ ಮತ್ತು ಮರವನ್ನು ಕತ್ತರಿಸಿ, ಅದರ ರೆಂಬೆ ಕೊಂಬೆಗಳನ್ನೂ ನಿಮ್ಮಿಬ್ಬರಿಗೆ ಸಮನಾಗಿ ಹಂಚಲಾಗುವುದು ಎಂದು ಹೇಳಿದನು.",0.55,0.45,0.0,0.816,0.896,0.808,0.192,0.002,0.908,0.949,0.557,0.443,0.003,0.834,0.897
12,"ಆಖ್ಬರ್ ಭಾರತದ ಇತಿಹಾಸದಳ್ಲಿಣ ಪ್ರಸಿದ್ದ ಚಕ್ರವರ್ತಿಘಳಲ್ಲಿ ಓಬ್ಬನು. ಬೀರಬಲ್ಲನು ಅಕ್ಬರ್‌ ಚಖ್ರವರ್ತಿಯ ಮಂತ್ರಿ, ಅಪ್ತ ಸಲಹೆಗಾರ ಮತ್ತು ಸೇಣಾಪತಿಯಾಗಿದ್ದನು. ಅವನು ತನ್ನ ಬುದ್ದಿವಂತಿಕೆ ಮತ್ತು ಹಾಶ್ಯ ಪ್ರವೃತ್ತಿಗೆ ಹಸರುವಾಸಿಯಾಗಿದ್ದನು. ಒಮ್ಮೆ ರಾಮು ಮತ್ತು ಶಾಮು ಎಂಬ ಇಭ್ಬರು ರೈತರು ನ್ಯಾಯವನ್ನು ಕೋರಿ ಬೀರಬಲ್ಲನ ಹಥ್ತಿರ ಬಂದರು. ಶಾಮು: ಹುಜೂರ್! ನನ್ಣ ಶೋಟದ ಅಂಚಿನಲ್ಲಿ ಒಂದು ಮಾವಿನ ಮರವಿಧೆ. ಅದು ಯಾವಾಗಲೂ ನಣಗೆ ಸೇರಿತ್ಥು. ಆದು ಶಶಿ ಆಘಿದ್ದ ಸಮಯಧಿಂದ ಈವರೆಗೂ ಅದಕ್ಕೆ ನೀರೆರೆದು ಫೋಷಿಸಿಧ್ದೇನೆ. ಅದರಲ್ಲಿಯ ಹನ್ನು ಬಿಡಲು ಪ್ರಾರಂಭವಾಗಿದೆ. ಅದರೆ, ಈಗ ರಾಮು ಆ ಮರವನ್ನು ಥನ್ನದು ಎಂಧು ಹೇಳುತ್ತಿದ್ದಾನೆ. ರಾಮು: ಇಲ್ಲ ಹುಜೂರ್‌! ಆ ಮಾವಿನ ಮರ ನನಗೆ ಸೇರಿದ್ದು, ಈವನು ಸುಲ್ಳು ಹೇಲುಥ್ಥಿದ್ದಾಣೆ. ಬೀರಬಲ್ಲ: (ಓಂದು ಖ್ಷಣ ಯೋಛಿಸಿ) ಆ ಮಾವಿನ ಮರವು ನಿಮ್ಮಿಬ್ಭರಿಗೂ ಶೇರಿರಲು ಸಾಧ್ಯವಿಲ್ಲ. ಈ ವಿವಾದವನ್ನು ಭಗೆಹರಿಸಲು ಣನಗೆ ಕಫ್ಪವಾಗುತ್ಥಿದೆ. ಹಾಗಾಘಿ ಆ ಮರಧ ಮಾವಿನಹಣ್ಣನ್ನು ಖಿತ್ತು ನಿಮ್ಮಿಬ್ಬರ ನಡುವೆ ಸಮನಾಗಿ ಹಂಚಲು ನಾನು ಆದೇಸಿಸುತ್ತೇನೆ ಮಥ್ತು ಮರವನ್ನು ಖತ್ತರಿಸಿ, ಆಧರ ರೆಂಬೆ ಕೊಂಬೆಘಲನ್ನೂ ನಿಮ್ಮಿಬ್ಬರಿಗೆ ಶಮನಾಗಿ ಹಂಚಳಾಗುವುದು ಎಂದು ಹೇಳಿದಣು.",akbar_birbal,"ಅಕ್ಬರ್ ಭಾರತದ ಇತಿಹಾಸದಲ್ಲಿನ ಪ್ರಸಿದ್ಧ ಚಕ್ರವರ್ತಿಗಳಲ್ಲಿ ಒಬ್ಬನು. ಬೀರಬಲ್ಲನು ಅಕ್ಬರ್‌ ಚಕ್ರವರ್ತಿಯ ಮಂತ್ರಿ, ಆಪ್ತ ಸಲಹೆಗಾರ ಮತ್ತು ಸೇನಾಪತಿಯಾಗಿದ್ದನು. ಅವನು ತನ್ನ ಬುದ್ಧಿವಂತಿಕೆ ಮತ್ತು ಹಾಸ್ಯ ಪ್ರವೃತ್ತಿಗೆ ಹೆಸರುವಾಸಿಯಾಗಿದ್ದನು. ಒಮ್ಮೆ ರಾಮು ಮತ್ತು ಶಾಮು ಎಂಬ ಇಬ್ಬರು ರೈತರು ನ್ಯಾಯವನ್ನು ಕೋರಿ ಬೀರಬಲ್ಲನ ಹತ್ತಿರ ಬಂದರು. ಶಾಮು: ಹುಜೂರ್! ನನ್ನ ಶೋಟದ ಅಂಚಿನಲ್ಲಿ ಓಂದು ಮಾವಿನ ಮರವಿದೆ. ಅದು ಯಾವಾಗಲೂ ನನಗೆ ಸೇರಿತ್ತು. ಅದು ಸಸಿ ಆಗಿದ್ದ ಸಮಯದಿಂದ ಈವರೆಗೂ ಅದಕ್ಕೆ ನೀರೆರೆದು ಪೋಷಿಸಿದ್ದೇನೆ. ಅದರಲ್ಲಿಯ ಹಣ್ಣು ಬಿಡಲು ಪ್ರಾರಂಭವಾಗಿದೆ. ಆದರೆ, ಈಗ ರಾಮು ಆ ಮರವನ್ನು ತನ್ನದು ಎಂದು ಹೇಳುತ್ತಿದ್ದಾನೆ. ರಾಮು: ಇಲ್ಲ ಹುಜೂರ್‌! ಆ ಮಾವಿನ ಮರ ನನಗೆ ಸೇರಿದ್ದು, ಇವನು ಸುಳ್ಳು ಹೇಳುತ್ತಿದ್ದಾನೆ. ಬೀರಬಲ್ಲ: (ಒಂದು ಕ್ಷಣ ಯೋಚಿಸಿ) ಆ ಮಾವಿನ ಮರವು ನಿಮ್ಮಿಬ್ಬರಿಗೂ ಸೇರಿರಲು ಸಾಧ್ಯವಿಲ್ಲ. ಈ ವಿವಾದವನ್ನು ಬಗೆಹರಿಸಲು ನನಗೆ ಕಪ್ಪವಾಗುತ್ತಿದೆ. ಹಾಗಾಗಿ ಆ ಮರದ ಮಾವಿನಹಣ್ಣನ್ನು ಕಿತ್ತು ನಿಮ್ಮಿಬ್ಬರ ನಡುವೆ ಸಮನಾಗಿ ಹಂಚಲು ನಾನು ಆದೇಶಿಸುತ್ತೇನೆ ಮತ್ತು ಮರವನ್ನು ಕತ್ತರಿಸಿ, ಅದರ ರೆಂಬೆ ಕೊಂಬೆಗಳನ್ನೂ ನಿಮ್ಮಿಬ್ಬರಿಗೆ ಸಮನಾಗಿ ಹಂಚಲಾಗುವುದು ಎಂದು ಹೇಳಿದನು.",0.714,0.286,0.003,0.708,0.96,0.835,0.165,0.0,0.842,0.955,0.659,0.341,0.0,0.875,0.954
13,"ಅಕ್ಬರ್ ಬಾರತದ ಇಥಿಹಾಸದಳ್ಲಿನ ಪ್ರಸಿದ್ಧ ಚಕ್ರವರ್ತಿಘಲಲ್ಲಿ ಒಬ್ಬನು. ಬೀರಬಲ್ಲನು ಅಕ್ಬರ್‌ ಚಕ್ರವರ್ತಿಯ ಮಂತ್ರಿ, ಆಫ್ಥ ಸಲಹೆಗಾರ ಮತ್ಥು ಸೇನಾಪಥಿಯಾಗಿದ್ದನು. ಅವನು ತನ್ನ ಬುದ್ಧಿವಂತಿಕೆ ಮತ್ತು ಹಾಸ್ಯ ಫ್ರವೃಥ್ಥಿಗೆ ಹಸರುವಾಸಿಯಾಗಿದ್ದನು. ಓಮ್ಮೆ ರಾಮು ಮತ್ತು ಶಾಮು ಎಂಭ ಇಬ್ಭರು ರೈಥರು ನ್ಯಾಯವನ್ನು ಕೋರಿ ಭೀರಬಲ್ಲಣ ಹತ್ಥಿರ ಬಂಧರು. ಶಾಮು: ಹುಜೂರ್! ನನ್ನ ಶೋಟದ ಅಂಚಿನಲ್ಲಿ ಓಂದು ಮಾವಿನ ಮರವಿದೆ. ಅದು ಯಾವಾಘಲೂ ನನಗೆ ಸೇರಿಥ್ತು. ಅಧು ಸಶಿ ಆಗಿದ್ದ ಸಮಯದಿಂದ ಈವರೆಗೂ ಅದಕ್ಖೆ ನೀರೆರೆದು ಪೋಷಿಸಿದ್ಧೇನೆ. ಅಧರಲ್ಲಿಯ ಹಣ್ನು ಬಿಡಲು ಪ್ರಾರಂಭವಾಗಿದೆ. ಆದರೆ, ಈಗ ರಾಮು ಆ ಮರವನ್ನು ತನ್ನದು ಎಂದು ಹೇಳುತ್ತಿಧ್ದಾಣೆ. ರಾಮು: ಈಲ್ಲ ಹುಜೂರ್‌! ಆ ಮಾವಿನ ಮರ ನಣಘೆ ಸೇರಿದ್ದು, ಇವಣು ಸುಲ್ಳು ಹೇಳುಥ್ತಿದ್ದಾನೆ. ಭೀರಬಲ್ಲ: (ಒಂದು ಕ್ಷನ ಯೋಛಿಸಿ) ಆ ಮಾವಿನ ಮರವು ಣಿಮ್ಮಿಬ್ಬರಿಘೂ ಸೇರಿರಲು ಸಾಧ್ಯವಿಲ್ಲ. ಈ ವಿವಾದವನ್ನು ಬಗೆಹರಿಸಲು ನನಗೆ ಕಪ್ಪವಾಗುತ್ತಿದೆ. ಹಾಗಾಗಿ ಆ ಮರದ ಮಾವಿನಹನ್ಣನ್ನು ಖಿತ್ಥು ಣಿಮ್ಮಿಬ್ಬರ ನಡುವೆ ಶಮನಾಗಿ ಹಂಚಲು ನಾನು ಆಧೇಶಿಸುಥ್ತೇನೆ ಮತ್ಥು ಮರವನ್ನು ಕತ್ಥರಿಸಿ, ಅದರ ರೆಂಬೆ ಖೊಂಭೆಗಳನ್ನೂ ನಿಮ್ಮಿಬ್ಬರಿಗೆ ಸಮನಾಗಿ ಹಂಛಲಾಗುವುದು ಎಂದು ಹೇಳಿದನು.",akbar_birbal,"ಅಕ್ಬರ್ ಭಾರತದ ಇತಿಹಾಸದಲ್ಲಿನ ಪ್ರಸಿದ್ಧ ಚಕ್ರವರ್ತಿಗಳಲ್ಲಿ ಒಬ್ಬನು. ಬೀರಬಲ್ಲನು ಅಕ್ಬರ್‌ ಚಕ್ರವರ್ತಿಯ ಮಂತ್ರಿ, ಆಪ್ತ ಸಲಹೆಗಾರ ಮತ್ತು ಸೇನಾಪತಿಯಾಗಿದ್ದನು. ಅವನು ತನ್ನ ಬುದ್ಧಿವಂತಿಕೆ ಮತ್ತು ಹಾಸ್ಯ ಪ್ರವೃತ್ತಿಗೆ ಹೆಸರುವಾಸಿಯಾಗಿದ್ದನು. ಒಮ್ಮೆ ರಾಮು ಮತ್ತು ಶಾಮು ಎಂಬ ಇಬ್ಬರು ರೈತರು ನ್ಯಾಯವನ್ನು ಕೋರಿ ಬೀರಬಲ್ಲನ ಹತ್ತಿರ ಬಂದರು. ಶಾಮು: ಹುಜೂರ್! ನನ್ನ ಶೋಟದ ಅಂಚಿನಲ್ಲಿ ಓಂದು ಮಾವಿನ ಮರವಿದೆ. ಅದು ಯಾವಾಗಲೂ ನನಗೆ ಸೇರಿತ್ತು. ಅದು ಸಸಿ ಆಗಿದ್ದ ಸಮಯದಿಂದ ಈವರೆಗೂ ಅದಕ್ಕೆ ನೀರೆರೆದು ಪೋಷಿಸಿದ್ದೇನೆ. ಅದರಲ್ಲಿಯ ಹಣ್ಣು ಬಿಡಲು ಪ್ರಾರಂಭವಾಗಿದೆ. ಆದರೆ, ಈಗ ರಾಮು ಆ ಮರವನ್ನು ತನ್ನದು ಎಂದು ಹೇಳುತ್ತಿದ್ದಾನೆ. ರಾಮು: ಇಲ್ಲ ಹುಜೂರ್‌! ಆ ಮಾವಿನ ಮರ ನನಗೆ ಸೇರಿದ್ದು, ಇವನು ಸುಳ್ಳು ಹೇಳುತ್ತಿದ್ದಾನೆ. ಬೀರಬಲ್ಲ: (ಒಂದು ಕ್ಷಣ ಯೋಚಿಸಿ) ಆ ಮಾವಿನ ಮರವು ನಿಮ್ಮಿಬ್ಬರಿಗೂ ಸೇರಿರಲು ಸಾಧ್ಯವಿಲ್ಲ. ಈ ವಿವಾದವನ್ನು ಬಗೆಹರಿಸಲು ನನಗೆ ಕಪ್ಪವಾಗುತ್ತಿದೆ. ಹಾಗಾಗಿ ಆ ಮರದ ಮಾವಿನಹಣ್ಣನ್ನು ಕಿತ್ತು ನಿಮ್ಮಿಬ್ಬರ ನಡುವೆ ಸಮನಾಗಿ ಹಂಚಲು ನಾನು ಆದೇಶಿಸುತ್ತೇನೆ ಮತ್ತು ಮರವನ್ನು ಕತ್ತರಿಸಿ, ಅದರ ರೆಂಬೆ ಕೊಂಬೆಗಳನ್ನೂ ನಿಮ್ಮಿಬ್ಬರಿಗೆ ಸಮನಾಗಿ ಹಂಚಲಾಗುವುದು ಎಂದು ಹೇಳಿದನು.",0.739,0.261,0.003,0.78,0.969,0.879,0.121,0.0,0.903,0.968,0.675,0.325,0.0,0.787,0.955
14,"ಅಕ್ಭರ್ ಭಾರತದ ಇತಿಹಾಸಧಳ್ಲಿನ ಫ್ರಸಿಧ್ಧ ಚಕ್ರವರ್ತಿಗಲಲ್ಳಿ ಒಬ್ಬಣು. ಭೀರಬಲ್ಲನು ಅಕ್ಭರ್‌ ಚಖ್ರವರ್ತಿಯ ಮಂತ್ರಿ, ಅಪ್ಥ ಸಲಹೆಗಾರ ಮತ್ಥು ಶೇನಾಪತಿಯಾಗಿಧ್ದನು. ಆವನು ತನ್ನ ಬುಧ್ಧಿವಂಥಿಕೆ ಮಥ್ತು ಹಾಶ್ಯ ಪ್ರವೃತ್ತಿಗೆ ಹಸರುವಾಸಿಯಾಗಿದ್ದನು. ಒಮ್ಮೆ ರಾಮು ಮಥ್ತು ಶಾಮು ಎಂಬ ಇಬ್ಬರು ರೈತರು ನ್ಯಾಯವನ್ನು ಕೋರಿ ಭೀರಬಳ್ಲನ ಹಥ್ತಿರ ಬಂದರು. ಶಾಮು: ಹುಜೂರ್! ನನ್ನ ಸೋಟದ ಅಂಚಿನಲ್ಲಿ ಓಂದು ಮಾವಿನ ಮರವಿದೆ. ಅದು ಯಾವಾಗಲೂ ನನಗೆ ಸೇರಿತ್ತು. ಅಧು ಸಶಿ ಆಘಿದ್ಧ ಸಮಯಧಿಂದ ಈವರೆಘೂ ಅದಕ್ಕೆ ನೀರೆರೆದು ಪೋಷಿಸಿದ್ಧೇನೆ. ಅಧರಳ್ಲಿಯ ಹಣ್ಣು ಬಿಢಲು ಪ್ರಾರಂಭವಾಗಿದೆ. ಅಧರೆ, ಈಘ ರಾಮು ಆ ಮರವನ್ನು ಥನ್ಣದು ಏಂದು ಹೇಳುತ್ತಿದ್ದಾನೆ. ರಾಮು: ಇಲ್ಲ ಹುಜೂರ್‌! ಆ ಮಾವಿಣ ಮರ ನಣಗೆ ಸೇರಿದ್ದು, ಇವಣು ಸುಲ್ಲು ಹೇಳುಥ್ಥಿಧ್ದಾನೆ. ಬೀರಬಲ್ಲ: (ಒಂದು ಕ್ಷಣ ಯೋಚಿಸಿ) ಅ ಮಾವಿನ ಮರವು ನಿಮ್ಮಿಬ್ಬರಿಗೂ ಸೇರಿರಲು ಸಾಧ್ಯವಿಲ್ಲ. ಈ ವಿವಾಧವನ್ನು ಭಗೆಹರಿಸಲು ನಣಘೆ ಕಪ್ಪವಾಗುತ್ತಿದೆ. ಹಾಘಾಗಿ ಆ ಮರದ ಮಾವಿನಹಣ್ಣನ್ನು ಕಿತ್ತು ನಿಮ್ಮಿಬ್ಬರ ನಡುವೆ ಸಮನಾಗಿ ಹಂಚಲು ನಾನು ಆಧೇಶಿಸುಥ್ತೇನೆ ಮಥ್ತು ಮರವನ್ನು ಖತ್ಥರಿಸಿ, ಅದರ ರೆಂಭೆ ಕೊಂಬೆಗಳನ್ನೂ ಣಿಮ್ಮಿಬ್ಬರಿಗೆ ಸಮನಾಘಿ ಹಂಚಲಾಗುವುದು ಎಂದು ಹೇಳಿದನು.",akbar_birbal,"ಅಕ್ಬರ್ ಭಾರತದ ಇತಿಹಾಸದಲ್ಲಿನ ಪ್ರಸಿದ್ಧ ಚಕ್ರವರ್ತಿಗಳಲ್ಲಿ ಒಬ್ಬನು. ಬೀರಬಲ್ಲನು ಅಕ್ಬರ್‌ ಚಕ್ರವರ್ತಿಯ ಮಂತ್ರಿ, ಆಪ್ತ ಸಲಹೆಗಾರ ಮತ್ತು ಸೇನಾಪತಿಯಾಗಿದ್ದನು. ಅವನು ತನ್ನ ಬುದ್ಧಿವಂತಿಕೆ ಮತ್ತು ಹಾಸ್ಯ ಪ್ರವೃತ್ತಿಗೆ ಹೆಸರುವಾಸಿಯಾಗಿದ್ದನು. ಒಮ್ಮೆ ರಾಮು ಮತ್ತು ಶಾಮು ಎಂಬ ಇಬ್ಬರು ರೈತರು ನ್ಯಾಯವನ್ನು ಕೋರಿ ಬೀರಬಲ್ಲನ ಹತ್ತಿರ ಬಂದರು. ಶಾಮು: ಹುಜೂರ್! ನನ್ನ ಶೋಟದ ಅಂಚಿನಲ್ಲಿ ಓಂದು ಮಾವಿನ ಮರವಿದೆ. ಅದು ಯಾವಾಗಲೂ ನನಗೆ ಸೇರಿತ್ತು. ಅದು ಸಸಿ ಆಗಿದ್ದ ಸಮಯದಿಂದ ಈವರೆಗೂ ಅದಕ್ಕೆ ನೀರೆರೆದು ಪೋಷಿಸಿದ್ದೇನೆ. ಅದರಲ್ಲಿಯ ಹಣ್ಣು ಬಿಡಲು ಪ್ರಾರಂಭವಾಗಿದೆ. ಆದರೆ, ಈಗ ರಾಮು ಆ ಮರವನ್ನು ತನ್ನದು ಎಂದು ಹೇಳುತ್ತಿದ್ದಾನೆ. ರಾಮು: ಇಲ್ಲ ಹುಜೂರ್‌! ಆ ಮಾವಿನ ಮರ ನನಗೆ ಸೇರಿದ್ದು, ಇವನು ಸುಳ್ಳು ಹೇಳುತ್ತಿದ್ದಾನೆ. ಬೀರಬಲ್ಲ: (ಒಂದು ಕ್ಷಣ ಯೋಚಿಸಿ) ಆ ಮಾವಿನ ಮರವು ನಿಮ್ಮಿಬ್ಬರಿಗೂ ಸೇರಿರಲು ಸಾಧ್ಯವಿಲ್ಲ. ಈ ವಿವಾದವನ್ನು ಬಗೆಹರಿಸಲು ನನಗೆ ಕಪ್ಪವಾಗುತ್ತಿದೆ. ಹಾಗಾಗಿ ಆ ಮರದ ಮಾವಿನಹಣ್ಣನ್ನು ಕಿತ್ತು ನಿಮ್ಮಿಬ್ಬರ ನಡುವೆ ಸಮನಾಗಿ ಹಂಚಲು ನಾನು ಆದೇಶಿಸುತ್ತೇನೆ ಮತ್ತು ಮರವನ್ನು ಕತ್ತರಿಸಿ, ಅದರ ರೆಂಬೆ ಕೊಂಬೆಗಳನ್ನೂ ನಿಮ್ಮಿಬ್ಬರಿಗೆ ಸಮನಾಗಿ ಹಂಚಲಾಗುವುದು ಎಂದು ಹೇಳಿದನು.",0.736,0.264,0.003,0.801,0.969,0.802,0.198,0.0,0.819,0.943,0.748,0.252,0.0,0.815,0.975
15,"ಅಕ್ಬರ್ ಭಾರತದ ಈತಿಹಾಸದಲ್ಲಿನ ಪ್ರಸಿಧ್ಧ ಛಕ್ರವರ್ತಿಗಳಳ್ಲಿ ಒಬ್ಬನು. ಬೀರಭಳ್ಲನು ಆಖ್ಬರ್‌ ಚಖ್ರವರ್ತಿಯ ಮಂತ್ರಿ, ಆಪ್ತ ಶಲಹೆಗಾರ ಮಥ್ತು ಶೇನಾಪತಿಯಾಗಿದ್ದನು. ಅವನು ತನ್ನ ಬುದ್ಧಿವಂತಿಕೆ ಮಥ್ಥು ಹಾಶ್ಯ ಪ್ರವೃತ್ತಿಘೆ ಹಸರುವಾಸಿಯಾಗಿದ್ಧನು. ಒಮ್ಮೆ ರಾಮು ಮತ್ತು ಶಾಮು ಎಂಬ ಇಭ್ಭರು ರೈತರು ನ್ಯಾಯವನ್ನು ಕೋರಿ ಭೀರಬಲ್ಲಣ ಹತ್ತಿರ ಭಂದರು. ಶಾಮು: ಹುಜೂರ್! ನನ್ನ ಶೋಠದ ಅಂಚಿಣಲ್ಲಿ ಓಂದು ಮಾವಿನ ಮರವಿಧೆ. ಅಧು ಯಾವಾಗಲೂ ಣನಗೆ ಸೇರಿಥ್ಥು. ಅದು ಸಸಿ ಆಗಿದ್ದ ಸಮಯಧಿಂದ ಈವರೆಗೂ ಅದಕ್ಕೆ ನೀರೆರೆದು ಪೋಷಿಸಿಧ್ಧೇನೆ. ಆದರಲ್ಲಿಯ ಹಣ್ಣು ಬಿಡಲು ಫ್ರಾರಂಭವಾಗಿದೆ. ಅದರೆ, ಈಗ ರಾಮು ಆ ಮರವನ್ನು ಥನ್ಣದು ಏಂದು ಹೇಳುತ್ತಿದ್ಧಾನೆ. ರಾಮು: ಈಳ್ಲ ಹುಜೂರ್‌! ಆ ಮಾವಿನ ಮರ ಣನಗೆ ಸೇರಿದ್ದು, ಇವನು ಸುಳ್ಳು ಹೇಲುತ್ತಿದ್ದಾನೆ. ಬೀರಬಲ್ಲ: (ಒಂದು ಕ್ಷಣ ಯೋಛಿಸಿ) ಆ ಮಾವಿನ ಮರವು ನಿಮ್ಮಿಬ್ಬರಿಗೂ ಶೇರಿರಳು ಶಾಧ್ಯವಿಲ್ಲ. ಈ ವಿವಾಧವನ್ನು ಬಗೆಹರಿಸಲು ನನಗೆ ಖಫ್ಪವಾಗುಥ್ತಿದೆ. ಹಾಘಾಗಿ ಆ ಮರದ ಮಾವಿಣಹಣ್ಣನ್ನು ಕಿಥ್ತು ಣಿಮ್ಮಿಬ್ಬರ ನಡುವೆ ಸಮನಾಗಿ ಹಂಚಲು ನಾನು ಆದೇಶಿಸುತ್ತೇನೆ ಮಥ್ತು ಮರವನ್ನು ಕತ್ತರಿಶಿ, ಅದರ ರೆಂಬೆ ಕೊಂಬೆಗಳನ್ನೂ ಣಿಮ್ಮಿಬ್ಬರಿಗೆ ಸಮನಾಗಿ ಹಂಚಲಾಘುವುಧು ಎಂದು ಹೇಳಿದನು.",akbar_birbal,"ಅಕ್ಬರ್ ಭಾರತದ ಇತಿಹಾಸದಲ್ಲಿನ ಪ್ರಸಿದ್ಧ ಚಕ್ರವರ್ತಿಗಳಲ್ಲಿ ಒಬ್ಬನು. ಬೀರಬಲ್ಲನು ಅಕ್ಬರ್‌ ಚಕ್ರವರ್ತಿಯ ಮಂತ್ರಿ, ಆಪ್ತ ಸಲಹೆಗಾರ ಮತ್ತು ಸೇನಾಪತಿಯಾಗಿದ್ದನು. ಅವನು ತನ್ನ ಬುದ್ಧಿವಂತಿಕೆ ಮತ್ತು ಹಾಸ್ಯ ಪ್ರವೃತ್ತಿಗೆ ಹೆಸರುವಾಸಿಯಾಗಿದ್ದನು. ಒಮ್ಮೆ ರಾಮು ಮತ್ತು ಶಾಮು ಎಂಬ ಇಬ್ಬರು ರೈತರು ನ್ಯಾಯವನ್ನು ಕೋರಿ ಬೀರಬಲ್ಲನ ಹತ್ತಿರ ಬಂದರು. ಶಾಮು: ಹುಜೂರ್! ನನ್ನ ಶೋಟದ ಅಂಚಿನಲ್ಲಿ ಓಂದು ಮಾವಿನ ಮರವಿದೆ. ಅದು ಯಾವಾಗಲೂ ನನಗೆ ಸೇರಿತ್ತು. ಅದು ಸಸಿ ಆಗಿದ್ದ ಸಮಯದಿಂದ ಈವರೆಗೂ ಅದಕ್ಕೆ ನೀರೆರೆದು ಪೋಷಿಸಿದ್ದೇನೆ. ಅದರಲ್ಲಿಯ ಹಣ್ಣು ಬಿಡಲು ಪ್ರಾರಂಭವಾಗಿದೆ. ಆದರೆ, ಈಗ ರಾಮು ಆ ಮರವನ್ನು ತನ್ನದು ಎಂದು ಹೇಳುತ್ತಿದ್ದಾನೆ. ರಾಮು: ಇಲ್ಲ ಹುಜೂರ್‌! ಆ ಮಾವಿನ ಮರ ನನಗೆ ಸೇರಿದ್ದು, ಇವನು ಸುಳ್ಳು ಹೇಳುತ್ತಿದ್ದಾನೆ. ಬೀರಬಲ್ಲ: (ಒಂದು ಕ್ಷಣ ಯೋಚಿಸಿ) ಆ ಮಾವಿನ ಮರವು ನಿಮ್ಮಿಬ್ಬರಿಗೂ ಸೇರಿರಲು ಸಾಧ್ಯವಿಲ್ಲ. ಈ ವಿವಾದವನ್ನು ಬಗೆಹರಿಸಲು ನನಗೆ ಕಪ್ಪವಾಗುತ್ತಿದೆ. ಹಾಗಾಗಿ ಆ ಮರದ ಮಾವಿನಹಣ್ಣನ್ನು ಕಿತ್ತು ನಿಮ್ಮಿಬ್ಬರ ನಡುವೆ ಸಮನಾಗಿ ಹಂಚಲು ನಾನು ಆದೇಶಿಸುತ್ತೇನೆ ಮತ್ತು ಮರವನ್ನು ಕತ್ತರಿಸಿ, ಅದರ ರೆಂಬೆ ಕೊಂಬೆಗಳನ್ನೂ ನಿಮ್ಮಿಬ್ಬರಿಗೆ ಸಮನಾಗಿ ಹಂಚಲಾಗುವುದು ಎಂದು ಹೇಳಿದನು.",0.73,0.27,0.003,0.805,0.967,0.833,0.167,0.0,0.95,0.958,0.767,0.233,0.0,0.758,0.977
16,"ಅಖ್ಬರ್ ಭಾರತದ ಇಥಿಹಾಶದಲ್ಳಿನ ಪ್ರಸಿದ್ಧ ಛಕ್ರವರ್ಥಿಗಲಲ್ಲಿ ಒಭ್ಬನು. ಬೀರಭಳ್ಲನು ಅಖ್ಬರ್‌ ಚಖ್ರವರ್ಥಿಯ ಮಂತ್ರಿ, ಆಪ್ತ ಶಲಹೆಗಾರ ಮತ್ಥು ಸೇನಾಫತಿಯಾಗಿದ್ದನು. ಅವನು ತನ್ನ ಬುದ್ಧಿವಂತಿಕೆ ಮಥ್ತು ಹಾಸ್ಯ ಫ್ರವೃತ್ತಿಗೆ ಹಶರುವಾಸಿಯಾಗಿಧ್ದಣು. ಓಮ್ಮೆ ರಾಮು ಮತ್ಥು ಸಾಮು ಎಂಭ ಇಭ್ಬರು ರೈಥರು ನ್ಯಾಯವನ್ನು ಕೋರಿ ಭೀರಬಲ್ಲನ ಹತ್ತಿರ ಭಂಧರು. ಶಾಮು: ಹುಜೂರ್! ನನ್ನ ಶೋಟದ ಅಂಛಿನಲ್ಲಿ ಓಂದು ಮಾವಿನ ಮರವಿದೆ. ಆದು ಯಾವಾಗಲೂ ನನಘೆ ಸೇರಿತ್ತು. ಅಧು ಶಸಿ ಅಗಿದ್ದ ಸಮಯಧಿಂಧ ಈವರೆಗೂ ಅದಕ್ಕೆ ಣೀರೆರೆದು ಫೋಷಿಸಿದ್ದೇನೆ. ಅದರಲ್ಲಿಯ ಹಣ್ಣು ಬಿಡಲು ಪ್ರಾರಂಭವಾಘಿದೆ. ಆಧರೆ, ಈಗ ರಾಮು ಅ ಮರವನ್ನು ಥನ್ನದು ಎಂದು ಹೇಳುಥ್ತಿದ್ದಾಣೆ. ರಾಮು: ಇಲ್ಲ ಹುಜೂರ್‌! ಆ ಮಾವಿನ ಮರ ನನಗೆ ಸೇರಿದ್ದು, ಇವಣು ಶುಳ್ಳು ಹೇಳುಥ್ತಿಧ್ದಾನೆ. ಬೀರಭಲ್ಳ: (ಒಂದು ಖ್ಷಣ ಯೋಚಿಸಿ) ಆ ಮಾವಿನ ಮರವು ನಿಮ್ಮಿಬ್ಬರಿಗೂ ಸೇರಿರಲು ಸಾಧ್ಯವಿಲ್ಲ. ಈ ವಿವಾದವನ್ನು ಬಗೆಹರಿಸಲು ನನಘೆ ಕಫ್ಪವಾಗುಥ್ತಿದೆ. ಹಾಗಾಗಿ ಆ ಮರದ ಮಾವಿನಹಣ್ಣನ್ನು ಕಿಥ್ತು ನಿಮ್ಮಿಬ್ಬರ ಣಢುವೆ ಸಮನಾಗಿ ಹಂಚಲು ನಾಣು ಆದೇಶಿಸುತ್ತೇನೆ ಮಥ್ತು ಮರವನ್ನು ಕತ್ತರಿಸಿ, ಅದರ ರೆಂಬೆ ಖೊಂಭೆಗಳನ್ನೂ ನಿಮ್ಮಿಬ್ಬರಿಗೆ ಸಮನಾಗಿ ಹಂಚಲಾಗುವುದು ಎಂದು ಹೇಳಿದನು.",akbar_birbal,"ಅಕ್ಬರ್ ಭಾರತದ ಇತಿಹಾಸದಲ್ಲಿನ ಪ್ರಸಿದ್ಧ ಚಕ್ರವರ್ತಿಗಳಲ್ಲಿ ಒಬ್ಬನು. ಬೀರಬಲ್ಲನು ಅಕ್ಬರ್‌ ಚಕ್ರವರ್ತಿಯ ಮಂತ್ರಿ, ಆಪ್ತ ಸಲಹೆಗಾರ ಮತ್ತು ಸೇನಾಪತಿಯಾಗಿದ್ದನು. ಅವನು ತನ್ನ ಬುದ್ಧಿವಂತಿಕೆ ಮತ್ತು ಹಾಸ್ಯ ಪ್ರವೃತ್ತಿಗೆ ಹೆಸರುವಾಸಿಯಾಗಿದ್ದನು. ಒಮ್ಮೆ ರಾಮು ಮತ್ತು ಶಾಮು ಎಂಬ ಇಬ್ಬರು ರೈತರು ನ್ಯಾಯವನ್ನು ಕೋರಿ ಬೀರಬಲ್ಲನ ಹತ್ತಿರ ಬಂದರು. ಶಾಮು: ಹುಜೂರ್! ನನ್ನ ಶೋಟದ ಅಂಚಿನಲ್ಲಿ ಓಂದು ಮಾವಿನ ಮರವಿದೆ. ಅದು ಯಾವಾಗಲೂ ನನಗೆ ಸೇರಿತ್ತು. ಅದು ಸಸಿ ಆಗಿದ್ದ ಸಮಯದಿಂದ ಈವರೆಗೂ ಅದಕ್ಕೆ ನೀರೆರೆದು ಪೋಷಿಸಿದ್ದೇನೆ. ಅದರಲ್ಲಿಯ ಹಣ್ಣು ಬಿಡಲು ಪ್ರಾರಂಭವಾಗಿದೆ. ಆದರೆ, ಈಗ ರಾಮು ಆ ಮರವನ್ನು ತನ್ನದು ಎಂದು ಹೇಳುತ್ತಿದ್ದಾನೆ. ರಾಮು: ಇಲ್ಲ ಹುಜೂರ್‌! ಆ ಮಾವಿನ ಮರ ನನಗೆ ಸೇರಿದ್ದು, ಇವನು ಸುಳ್ಳು ಹೇಳುತ್ತಿದ್ದಾನೆ. ಬೀರಬಲ್ಲ: (ಒಂದು ಕ್ಷಣ ಯೋಚಿಸಿ) ಆ ಮಾವಿನ ಮರವು ನಿಮ್ಮಿಬ್ಬರಿಗೂ ಸೇರಿರಲು ಸಾಧ್ಯವಿಲ್ಲ. ಈ ವಿವಾದವನ್ನು ಬಗೆಹರಿಸಲು ನನಗೆ ಕಪ್ಪವಾಗುತ್ತಿದೆ. ಹಾಗಾಗಿ ಆ ಮರದ ಮಾವಿನಹಣ್ಣನ್ನು ಕಿತ್ತು ನಿಮ್ಮಿಬ್ಬರ ನಡುವೆ ಸಮನಾಗಿ ಹಂಚಲು ನಾನು ಆದೇಶಿಸುತ್ತೇನೆ ಮತ್ತು ಮರವನ್ನು ಕತ್ತರಿಸಿ, ಅದರ ರೆಂಬೆ ಕೊಂಬೆಗಳನ್ನೂ ನಿಮ್ಮಿಬ್ಬರಿಗೆ ಸಮನಾಗಿ ಹಂಚಲಾಗುವುದು ಎಂದು ಹೇಳಿದನು.",0.673,0.327,0.003,0.911,0.957,0.816,0.184,0.0,0.767,0.946,0.653,0.347,0.0,0.85,0.951
17,"ಅಕ್ಭರ್ ಭಾರತದ ಇತಿಹಾಶದಲ್ಲಿಣ ಪ್ರಶಿಧ್ದ ಚಖ್ರವರ್ಥಿಗಲಲ್ಲಿ ಓಬ್ಬನು. ಭೀರಬಲ್ಲಣು ಅಕ್ಬರ್‌ ಛಕ್ರವರ್ತಿಯ ಮಂತ್ರಿ, ಅಪ್ತ ಸಳಹೆಗಾರ ಮತ್ತು ಶೇನಾಪತಿಯಾಗಿದ್ದನು. ಆವನು ತಣ್ನ ಬುದ್ಧಿವಂತಿಕೆ ಮತ್ತು ಹಾಸ್ಯ ಪ್ರವೃತ್ತಿಗೆ ಹಸರುವಾಶಿಯಾಗಿದ್ದನು. ಒಮ್ಮೆ ರಾಮು ಮಥ್ಥು ಸಾಮು ಏಂಬ ಈಬ್ಬರು ರೈತರು ನ್ಯಾಯವನ್ನು ಕೋರಿ ಬೀರಭಲ್ಳನ ಹಥ್ತಿರ ಬಂದರು. ಶಾಮು: ಹುಜೂರ್! ನಣ್ಣ ಸೋಟದ ಆಂಚಿನಲ್ಳಿ ಒಂದು ಮಾವಿನ ಮರವಿದೆ. ಅದು ಯಾವಾಗಲೂ ನನಗೆ ಸೇರಿತ್ತು. ಅದು ಸಸಿ ಅಗಿದ್ದ ಶಮಯಧಿಂದ ಈವರೆಗೂ ಅಧಕ್ಕೆ ನೀರೆರೆದು ಫೋಷಿಸಿದ್ಧೇನೆ. ಆದರಳ್ಳಿಯ ಹಣ್ಣು ಬಿಡಲು ಪ್ರಾರಂಬವಾಗಿದೆ. ಆಧರೆ, ಈಗ ರಾಮು ಆ ಮರವನ್ನು ತನ್ನದು ಎಂದು ಹೇಲುತ್ತಿಧ್ಧಾನೆ. ರಾಮು: ಇಳ್ಲ ಹುಝೂರ್‌! ಆ ಮಾವಿನ ಮರ ನನಗೆ ಸೇರಿದ್ದು, ಈವನು ಸುಳ್ಳು ಹೇಳುತ್ತಿದ್ದಾನೆ. ಬೀರಬಳ್ಲ: (ಒಂದು ಕ್ಷಣ ಯೋಚಿಸಿ) ಆ ಮಾವಿಣ ಮರವು ನಿಮ್ಮಿಬ್ಭರಿಗೂ ಸೇರಿರಲು ಸಾಧ್ಯವಿಲ್ಲ. ಈ ವಿವಾದವನ್ನು ಭಗೆಹರಿಸಲು ಣನಗೆ ಕಪ್ಪವಾಗುತ್ತಿದೆ. ಹಾಗಾಗಿ ಆ ಮರಧ ಮಾವಿನಹಣ್ಣಣ್ಣು ಕಿಥ್ಥು ನಿಮ್ಮಿಭ್ಬರ ನಡುವೆ ಸಮನಾಗಿ ಹಂಚಲು ಣಾಣು ಆದೇಸಿಸುತ್ತೇನೆ ಮತ್ತು ಮರವಣ್ನು ಕತ್ತರಿಸಿ, ಅದರ ರೆಂಭೆ ಖೊಂಬೆಘಳಣ್ನೂ ನಿಮ್ಮಿಬ್ಭರಿಗೆ ಸಮಣಾಘಿ ಹಂಚಳಾಘುವುಧು ಎಂದು ಹೇಳಿದಣು.",akbar_birbal,"ಅಕ್ಬರ್ ಭಾರತದ ಇತಿಹಾಸದಲ್ಲಿನ ಪ್ರಸಿದ್ಧ ಚಕ್ರವರ್ತಿಗಳಲ್ಲಿ ಒಬ್ಬನು. ಬೀರಬಲ್ಲನು ಅಕ್ಬರ್‌ ಚಕ್ರವರ್ತಿಯ ಮಂತ್ರಿ, ಆಪ್ತ ಸಲಹೆಗಾರ ಮತ್ತು ಸೇನಾಪತಿಯಾಗಿದ್ದನು. ಅವನು ತನ್ನ ಬುದ್ಧಿವಂತಿಕೆ ಮತ್ತು ಹಾಸ್ಯ ಪ್ರವೃತ್ತಿಗೆ ಹೆಸರುವಾಸಿಯಾಗಿದ್ದನು. ಒಮ್ಮೆ ರಾಮು ಮತ್ತು ಶಾಮು ಎಂಬ ಇಬ್ಬರು ರೈತರು ನ್ಯಾಯವನ್ನು ಕೋರಿ ಬೀರಬಲ್ಲನ ಹತ್ತಿರ ಬಂದರು. ಶಾಮು: ಹುಜೂರ್! ನನ್ನ ಶೋಟದ ಅಂಚಿನಲ್ಲಿ ಓಂದು ಮಾವಿನ ಮರವಿದೆ. ಅದು ಯಾವಾಗಲೂ ನನಗೆ ಸೇರಿತ್ತು. ಅದು ಸಸಿ ಆಗಿದ್ದ ಸಮಯದಿಂದ ಈವರೆಗೂ ಅದಕ್ಕೆ ನೀರೆರೆದು ಪೋಷಿಸಿದ್ದೇನೆ. ಅದರಲ್ಲಿಯ ಹಣ್ಣು ಬಿಡಲು ಪ್ರಾರಂಭವಾಗಿದೆ. ಆದರೆ, ಈಗ ರಾಮು ಆ ಮರವನ್ನು ತನ್ನದು ಎಂದು ಹೇಳುತ್ತಿದ್ದಾನೆ. ರಾಮು: ಇಲ್ಲ ಹುಜೂರ್‌! ಆ ಮಾವಿನ ಮರ ನನಗೆ ಸೇರಿದ್ದು, ಇವನು ಸುಳ್ಳು ಹೇಳುತ್ತಿದ್ದಾನೆ. ಬೀರಬಲ್ಲ: (ಒಂದು ಕ್ಷಣ ಯೋಚಿಸಿ) ಆ ಮಾವಿನ ಮರವು ನಿಮ್ಮಿಬ್ಬರಿಗೂ ಸೇರಿರಲು ಸಾಧ್ಯವಿಲ್ಲ. ಈ ವಿವಾದವನ್ನು ಬಗೆಹರಿಸಲು ನನಗೆ ಕಪ್ಪವಾಗುತ್ತಿದೆ. ಹಾಗಾಗಿ ಆ ಮರದ ಮಾವಿನಹಣ್ಣನ್ನು ಕಿತ್ತು ನಿಮ್ಮಿಬ್ಬರ ನಡುವೆ ಸಮನಾಗಿ ಹಂಚಲು ನಾನು ಆದೇಶಿಸುತ್ತೇನೆ ಮತ್ತು ಮರವನ್ನು ಕತ್ತರಿಸಿ, ಅದರ ರೆಂಬೆ ಕೊಂಬೆಗಳನ್ನೂ ನಿಮ್ಮಿಬ್ಬರಿಗೆ ಸಮನಾಗಿ ಹಂಚಲಾಗುವುದು ಎಂದು ಹೇಳಿದನು.",0.619,0.381,0.003,0.806,0.932,0.739,0.261,0.0,0.89,0.92,0.625,0.375,0.0,0.829,0.938
18,"ಅಕ್ಭರ್ ಭಾರತಧ ಇಥಿಹಾಸದಲ್ಳಿನ ಪ್ರಸಿದ್ಧ ಚಖ್ರವರ್ತಿಗಳಲ್ಲಿ ಒಬ್ಬನು. ಬೀರಬಲ್ಳನು ಅಕ್ಬರ್‌ ಚಕ್ರವರ್ತಿಯ ಮಂಥ್ರಿ, ಆಫ್ತ ಸಲಹೆಗಾರ ಮತ್ಥು ಸೇಣಾಪತಿಯಾಗಿದ್ಧನು. ಅವನು ತನ್ನ ಬುದ್ಧಿವಂತಿಕೆ ಮತ್ತು ಹಾಸ್ಯ ಪ್ರವೃತ್ತಿಗೆ ಹಶರುವಾಶಿಯಾಗಿದ್ದಣು. ಒಮ್ಮೆ ರಾಮು ಮತ್ತು ಶಾಮು ಎಂಬ ಇಭ್ಬರು ರೈತರು ನ್ಯಾಯವನ್ನು ಕೋರಿ ಬೀರಬಲ್ಲನ ಹತ್ತಿರ ಬಂಧರು. ಶಾಮು: ಹುಜೂರ್! ನನ್ಣ ಶೋಟದ ಅಂಛಿಣಲ್ಳಿ ಓಂದು ಮಾವಿನ ಮರವಿದೆ. ಅದು ಯಾವಾಘಲೂ ನನಘೆ ಸೇರಿತ್ತು. ಆಧು ಸಸಿ ಆಗಿದ್ದ ಸಮಯದಿಂದ ಈವರೆಗೂ ಅದಕ್ಕೆ ನೀರೆರೆಧು ಪೋಷಿಶಿದ್ದೇನೆ. ಅದರಲ್ಲಿಯ ಹನ್ಣು ಬಿಡಲು ಪ್ರಾರಂಭವಾಗಿದೆ. ಆದರೆ, ಈಗ ರಾಮು ಆ ಮರವನ್ನು ತನ್ಣದು ಏಂದು ಹೇಳುಥ್ತಿದ್ದಾನೆ. ರಾಮು: ಈಲ್ಲ ಹುಜೂರ್‌! ಆ ಮಾವಿನ ಮರ ನನಗೆ ಶೇರಿದ್ದು, ಇವನು ಸುಳ್ಳು ಹೇಳುತ್ತಿಧ್ದಾನೆ. ಬೀರಬಲ್ಲ: (ಒಂದು ಖ್ಷಣ ಯೋಛಿಸಿ) ಆ ಮಾವಿನ ಮರವು ಮರವು ನಿಮ್ಮಿಬ್ಭರಿಗೂ ಸೇರಿರಲು ಸಾಧ್ಯವಿಳ್ಲ. ಈ ವಿವಾದವನ್ನು ಬಘೆಹರಿಶಲು ನನಗೆ ಕಪ್ಫವಾಗುಥ್ತಿದೆ. ಹಾಘಾಗಿ ಆ ಮರದ ಮಾವಿನಹಣ್ಣನ್ಣು ಕಿತ್ಥು ನಿಮ್ಮಿಬ್ಬರ ಣಢುವೆ ಶಮನಾಗಿ ಹಂಚಲು ಣಾಣು ಆದೇಶಿಸುತ್ತೇನೆ ಮತ್ತು ಮರವನ್ನು ಕತ್ತರಿಸಿ, ಅದರ ರೆಂಬೆ ಖೊಂಬೆಗಳನ್ನೂ ನಿಮ್ಮಿಬ್ಬರಿಗೆ ಸಮನಾಘಿ ಹಂಛಲಾಗುವುಧು ಏಂದು ಹೇಳಿದನು.",akbar_birbal,"ಅಕ್ಬರ್ ಭಾರತದ ಇತಿಹಾಸದಲ್ಲಿನ ಪ್ರಸಿದ್ಧ ಚಕ್ರವರ್ತಿಗಳಲ್ಲಿ ಒಬ್ಬನು. ಬೀರಬಲ್ಲನು ಅಕ್ಬರ್‌ ಚಕ್ರವರ್ತಿಯ ಮಂತ್ರಿ, ಆಪ್ತ ಸಲಹೆಗಾರ ಮತ್ತು ಸೇನಾಪತಿಯಾಗಿದ್ದನು. ಅವನು ತನ್ನ ಬುದ್ಧಿವಂತಿಕೆ ಮತ್ತು ಹಾಸ್ಯ ಪ್ರವೃತ್ತಿಗೆ ಹೆಸರುವಾಸಿಯಾಗಿದ್ದನು. ಒಮ್ಮೆ ರಾಮು ಮತ್ತು ಶಾಮು ಎಂಬ ಇಬ್ಬರು ರೈತರು ನ್ಯಾಯವನ್ನು ಕೋರಿ ಬೀರಬಲ್ಲನ ಹತ್ತಿರ ಬಂದರು. ಶಾಮು: ಹುಜೂರ್! ನನ್ನ ಶೋಟದ ಅಂಚಿನಲ್ಲಿ ಓಂದು ಮಾವಿನ ಮರವಿದೆ. ಅದು ಯಾವಾಗಲೂ ನನಗೆ ಸೇರಿತ್ತು. ಅದು ಸಸಿ ಆಗಿದ್ದ ಸಮಯದಿಂದ ಈವರೆಗೂ ಅದಕ್ಕೆ ನೀರೆರೆದು ಪೋಷಿಸಿದ್ದೇನೆ. ಅದರಲ್ಲಿಯ ಹಣ್ಣು ಬಿಡಲು ಪ್ರಾರಂಭವಾಗಿದೆ. ಆದರೆ, ಈಗ ರಾಮು ಆ ಮರವನ್ನು ತನ್ನದು ಎಂದು ಹೇಳುತ್ತಿದ್ದಾನೆ. ರಾಮು: ಇಲ್ಲ ಹುಜೂರ್‌! ಆ ಮಾವಿನ ಮರ ನನಗೆ ಸೇರಿದ್ದು, ಇವನು ಸುಳ್ಳು ಹೇಳುತ್ತಿದ್ದಾನೆ. ಬೀರಬಲ್ಲ: (ಒಂದು ಕ್ಷಣ ಯೋಚಿಸಿ) ಆ ಮಾವಿನ ಮರವು ನಿಮ್ಮಿಬ್ಬರಿಗೂ ಸೇರಿರಲು ಸಾಧ್ಯವಿಲ್ಲ. ಈ ವಿವಾದವನ್ನು ಬಗೆಹರಿಸಲು ನನಗೆ ಕಪ್ಪವಾಗುತ್ತಿದೆ. ಹಾಗಾಗಿ ಆ ಮರದ ಮಾವಿನಹಣ್ಣನ್ನು ಕಿತ್ತು ನಿಮ್ಮಿಬ್ಬರ ನಡುವೆ ಸಮನಾಗಿ ಹಂಚಲು ನಾನು ಆದೇಶಿಸುತ್ತೇನೆ ಮತ್ತು ಮರವನ್ನು ಕತ್ತರಿಸಿ, ಅದರ ರೆಂಬೆ ಕೊಂಬೆಗಳನ್ನೂ ನಿಮ್ಮಿಬ್ಬರಿಗೆ ಸಮನಾಗಿ ಹಂಚಲಾಗುವುದು ಎಂದು ಹೇಳಿದನು.",0.695,0.305,0.0,0.837,0.96,0.878,0.122,0.006,0.943,0.968,0.736,0.264,0.003,0.842,0.974
19,"ಆಖ್ಭರ್ ಭಾರತದ ಇತಿಹಾಸಧಲ್ಲಿನ ಪ್ರಸಿದ್ಧ ಚಕ್ರವರ್ತಿಘಲಳ್ಳಿ ಓಭ್ಬನು. ಬೀರಬಲ್ಲನು ಅಕ್ಭರ್‌ ಚಕ್ರವರ್ತಿಯ ಮಂತ್ರಿ, ಆಫ್ತ ಶಲಹೆಗಾರ ಮತ್ಥು ಸೇನಾಪಥಿಯಾಗಿದ್ದನು. ಅವನು ತಣ್ಣ ಬುದ್ದಿವಂತಿಕೆ ಮತ್ತು ಹಾಸ್ಯ ಪ್ರವೃತ್ತಿಗೆ ಹಸರುವಾಶಿಯಾಗಿದ್ದನು. ಓಮ್ಮೆ ರಾಮು ಮಥ್ತು ಶಾಮು ಎಂಬ ಇಬ್ಬರು ರೈಥರು ನ್ಯಾಯವನ್ನು ಕೋರಿ ಭೀರಬಲ್ಲನ ಹಥ್ತಿರ ಬಂದರು. ಶಾಮು: ಹುಜೂರ್! ನನ್ನ ಸೋಟದ ಅಂಚಿನಲ್ಲಿ ಓಂದು ಮಾವಿನ ಮರವಿದೆ. ಅದು ಯಾವಾಗಲೂ ನಣಗೆ ಶೇರಿಥ್ತು. ಅದು ಸಸಿ ಆಘಿದ್ದ ಸಮಯದಿಂಧ ಇವರೆಘೂ ಇವರೆಘೂ ಆದಕ್ಕೆ ಣೀರೆರೆದು ಫೋಷಿಸಿಧ್ದೇನೆ. ಅಧರಲ್ಲಿಯ ಹಣ್ಣು ಬಿಢಲು ಪ್ರಾರಂಬವಾಘಿಧೆ. ಆಧರೆ, ಈಗ ರಾಮು ಆ ಮರವನ್ನು ತನ್ನದು ಎಂದು ಹೇಳುಥ್ತಿಧ್ದಾನೆ. ರಾಮು: ಈಲ್ಲ ಹುಜೂರ್‌! ಆ ಮಾವಿನ ಮರ ನನಗೆ ಸೇರಿದ್ದು, ಇವನು ಶುಳ್ಳು ಹೇಳುತ್ಥಿದ್ದಾನೆ. ಬೀರಬಲ್ಲ: (ಒಂದು ಕ್ಷಣ ಯೋಛಿಶಿ) ಆ ಮಾವಿಣ ಮರವು ನಿಮ್ಮಿಬ್ಬರಿಗೂ ಸೇರಿರಲು ಶಾಧ್ಯವಿಲ್ಲ. ಈ ವಿವಾಧವನ್ನು ಭಗೆಹರಿಸಲು ನನಗೆ ಖಪ್ಪವಾಗುತ್ತಿದೆ. ಹಾಗಾಘಿ ಆ ಮರದ ಮಾವಿನಹಣ್ಣನ್ಣು ಕಿತ್ತು ಣಿಮ್ಮಿಭ್ಬರ ನಡುವೆ ಸಮನಾಗಿ ಹಂಚಲು ನಾನು ಆದೇಶಿಸುತ್ಥೇಣೆ ಮತ್ತು ಮರವನ್ಣು ಖತ್ತರಿಸಿ, ಅದರ ರೆಂಬೆ ಕೊಂಭೆಗಲನ್ನೂ ನಿಮ್ಮಿಬ್ಬರಿಗೆ ಸಮನಾಘಿ ಹಂಚಲಾಘುವುದು ಎಂಧು ಹೇಲಿದಣು.",akbar_birbal,"ಅಕ್ಬರ್ ಭಾರತದ ಇತಿಹಾಸದಲ್ಲಿನ ಪ್ರಸಿದ್ಧ ಚಕ್ರವರ್ತಿಗಳಲ್ಲಿ ಒಬ್ಬನು. ಬೀರಬಲ್ಲನು ಅಕ್ಬರ್‌ ಚಕ್ರವರ್ತಿಯ ಮಂತ್ರಿ, ಆಪ್ತ ಸಲಹೆಗಾರ ಮತ್ತು ಸೇನಾಪತಿಯಾಗಿದ್ದನು. ಅವನು ತನ್ನ ಬುದ್ಧಿವಂತಿಕೆ ಮತ್ತು ಹಾಸ್ಯ ಪ್ರವೃತ್ತಿಗೆ ಹೆಸರುವಾಸಿಯಾಗಿದ್ದನು. ಒಮ್ಮೆ ರಾಮು ಮತ್ತು ಶಾಮು ಎಂಬ ಇಬ್ಬರು ರೈತರು ನ್ಯಾಯವನ್ನು ಕೋರಿ ಬೀರಬಲ್ಲನ ಹತ್ತಿರ ಬಂದರು. ಶಾಮು: ಹುಜೂರ್! ನನ್ನ ಶೋಟದ ಅಂಚಿನಲ್ಲಿ ಓಂದು ಮಾವಿನ ಮರವಿದೆ. ಅದು ಯಾವಾಗಲೂ ನನಗೆ ಸೇರಿತ್ತು. ಅದು ಸಸಿ ಆಗಿದ್ದ ಸಮಯದಿಂದ ಈವರೆಗೂ ಅದಕ್ಕೆ ನೀರೆರೆದು ಪೋಷಿಸಿದ್ದೇನೆ. ಅದರಲ್ಲಿಯ ಹಣ್ಣು ಬಿಡಲು ಪ್ರಾರಂಭವಾಗಿದೆ. ಆದರೆ, ಈಗ ರಾಮು ಆ ಮರವನ್ನು ತನ್ನದು ಎಂದು ಹೇಳುತ್ತಿದ್ದಾನೆ. ರಾಮು: ಇಲ್ಲ ಹುಜೂರ್‌! ಆ ಮಾವಿನ ಮರ ನನಗೆ ಸೇರಿದ್ದು, ಇವನು ಸುಳ್ಳು ಹೇಳುತ್ತಿದ್ದಾನೆ. ಬೀರಬಲ್ಲ: (ಒಂದು ಕ್ಷಣ ಯೋಚಿಸಿ) ಆ ಮಾವಿನ ಮರವು ನಿಮ್ಮಿಬ್ಬರಿಗೂ ಸೇರಿರಲು ಸಾಧ್ಯವಿಲ್ಲ. ಈ ವಿವಾದವನ್ನು ಬಗೆಹರಿಸಲು ನನಗೆ ಕಪ್ಪವಾಗುತ್ತಿದೆ. ಹಾಗಾಗಿ ಆ ಮರದ ಮಾವಿನಹಣ್ಣನ್ನು ಕಿತ್ತು ನಿಮ್ಮಿಬ್ಬರ ನಡುವೆ ಸಮನಾಗಿ ಹಂಚಲು ನಾನು ಆದೇಶಿಸುತ್ತೇನೆ ಮತ್ತು ಮರವನ್ನು ಕತ್ತರಿಸಿ, ಅದರ ರೆಂಬೆ ಕೊಂಬೆಗಳನ್ನೂ ನಿಮ್ಮಿಬ್ಬರಿಗೆ ಸಮನಾಗಿ ಹಂಚಲಾಗುವುದು ಎಂದು ಹೇಳಿದನು.",0.668,0.332,0.003,0.822,0.951,0.776,0.224,0.008,0.883,0.935,0.661,0.339,0.006,0.741,0.948
20,"ಆಕ್ಬರ್ ಭಾರಥದ ಇಥಿಹಾಸದಲ್ಲಿಣ ಪ್ರಸಿದ್ಧ ಛಕ್ರವರ್ತಿಗಳಲ್ಳಿ ಒಭ್ಬನು. ಬೀರಬಲ್ಲನು ಅಕ್ಬರ್‌ ಚಕ್ರವರ್ತಿಯ ಮಂಥ್ರಿ, ಆಪ್ತ ಸಲಹೆಗಾರ ಮಥ್ತು ಸೇನಾಪತಿಯಾಗಿದ್ದನು. ಅವಣು ತನ್ಣ ಭುದ್ಧಿವಂತಿಖೆ ಮತ್ಥು ಹಾಶ್ಯ ಫ್ರವೃಥ್ಥಿಗೆ ಹಸರುವಾಶಿಯಾಘಿಧ್ದನು. ಓಮ್ಮೆ ರಾಮು ಮತ್ತು ಶಾಮು ಎಂಭ ಇಬ್ಬರು ರೈಥರು ನ್ಯಾಯವನ್ಣು ಖೋರಿ ಬೀರಬಳ್ಲನ ಹಥ್ತಿರ ಬಂದರು. ಶಾಮು: ಹುಜೂರ್! ನನ್ನ ಶೋಟದ ಅಂಚಿನಲ್ಲಿ ಓಂದು ಮಾವಿನ ಮರವಿದೆ. ಅದು ಯಾವಾಗಲೂ ಣನಗೆ ಸೇರಿತ್ತು. ಆದು ಸಶಿ ಆಗಿದ್ದ ಸಮಯಧಿಂದ ಈವರೆಗೂ ಆದಕ್ಕೆ ನೀರೆರೆದು ಫೋಷಿಸಿದ್ದೇನೆ. ಆಧರಲ್ಲಿಯ ಹನ್ನು ಬಿಡಳು ಫ್ರಾರಂಭವಾಗಿದೆ. ಅದರೆ, ಈಗ ರಾಮು ಆ ಮರವನ್ನು ಥನ್ನದು ಏಂದು ಹೇಳುತ್ತಿದ್ದಾನೆ. ರಾಮು: ಈಲ್ಲ ಹುಜೂರ್‌! ಆ ಮಾವಿನ ಮರ ನನಗೆ ಸೇರಿದ್ದು, ಇವನು ಸುಳ್ಳು ಹೇಳುತ್ತಿದ್ದಾನೆ. ಭೀರಭಲ್ಲ: (ಒಂದು ಕ್ಷಣ ಯೋಚಿಸಿ) ಆ ಮಾವಿನ ಮರವು ನಿಮ್ಮಿಬ್ಬರಿಘೂ ಸೇರಿರಳು ಸಾದ್ಯವಿಳ್ಳ. ಈ ವಿವಾದವನ್ನು ಬಗೆಹರಿಶಲು ನನಘೆ ಕಪ್ಪವಾಗುತ್ತಿಧೆ. ಹಾಘಾಗಿ ಆ ಮರದ ಮಾವಿನಹಣ್ಣನ್ಣು ಕಿತ್ಥು ನಿಮ್ಮಿಬ್ಬರ ನಡುವೆ ಸಮನಾಘಿ ಹಂಚಲು ನಾನು ಆದೇಶಿಸುತ್ತೇನೆ ಮತ್ತು ಮರವನ್ನು ಕಥ್ಥರಿಸಿ, ಅದರ ರೆಂಬೆ ಕೊಂಬೆಗಲನ್ಣೂ ನಿಮ್ಮಿಭ್ಬರಿಗೆ ಸಮಣಾಘಿ ಹಂಚಲಾಗುವುಧು ಏಂದು ಹೇಳಿಧನು.",akbar_birbal,"ಅಕ್ಬರ್ ಭಾರತದ ಇತಿಹಾಸದಲ್ಲಿನ ಪ್ರಸಿದ್ಧ ಚಕ್ರವರ್ತಿಗಳಲ್ಲಿ ಒಬ್ಬನು. ಬೀರಬಲ್ಲನು ಅಕ್ಬರ್‌ ಚಕ್ರವರ್ತಿಯ ಮಂತ್ರಿ, ಆಪ್ತ ಸಲಹೆಗಾರ ಮತ್ತು ಸೇನಾಪತಿಯಾಗಿದ್ದನು. ಅವನು ತನ್ನ ಬುದ್ಧಿವಂತಿಕೆ ಮತ್ತು ಹಾಸ್ಯ ಪ್ರವೃತ್ತಿಗೆ ಹೆಸರುವಾಸಿಯಾಗಿದ್ದನು. ಒಮ್ಮೆ ರಾಮು ಮತ್ತು ಶಾಮು ಎಂಬ ಇಬ್ಬರು ರೈತರು ನ್ಯಾಯವನ್ನು ಕೋರಿ ಬೀರಬಲ್ಲನ ಹತ್ತಿರ ಬಂದರು. ಶಾಮು: ಹುಜೂರ್! ನನ್ನ ಶೋಟದ ಅಂಚಿನಲ್ಲಿ ಓಂದು ಮಾವಿನ ಮರವಿದೆ. ಅದು ಯಾವಾಗಲೂ ನನಗೆ ಸೇರಿತ್ತು. ಅದು ಸಸಿ ಆಗಿದ್ದ ಸಮಯದಿಂದ ಈವರೆಗೂ ಅದಕ್ಕೆ ನೀರೆರೆದು ಪೋಷಿಸಿದ್ದೇನೆ. ಅದರಲ್ಲಿಯ ಹಣ್ಣು ಬಿಡಲು ಪ್ರಾರಂಭವಾಗಿದೆ. ಆದರೆ, ಈಗ ರಾಮು ಆ ಮರವನ್ನು ತನ್ನದು ಎಂದು ಹೇಳುತ್ತಿದ್ದಾನೆ. ರಾಮು: ಇಲ್ಲ ಹುಜೂರ್‌! ಆ ಮಾವಿನ ಮರ ನನಗೆ ಸೇರಿದ್ದು, ಇವನು ಸುಳ್ಳು ಹೇಳುತ್ತಿದ್ದಾನೆ. ಬೀರಬಲ್ಲ: (ಒಂದು ಕ್ಷಣ ಯೋಚಿಸಿ) ಆ ಮಾವಿನ ಮರವು ನಿಮ್ಮಿಬ್ಬರಿಗೂ ಸೇರಿರಲು ಸಾಧ್ಯವಿಲ್ಲ. ಈ ವಿವಾದವನ್ನು ಬಗೆಹರಿಸಲು ನನಗೆ ಕಪ್ಪವಾಗುತ್ತಿದೆ. ಹಾಗಾಗಿ ಆ ಮರದ ಮಾವಿನಹಣ್ಣನ್ನು ಕಿತ್ತು ನಿಮ್ಮಿಬ್ಬರ ನಡುವೆ ಸಮನಾಗಿ ಹಂಚಲು ನಾನು ಆದೇಶಿಸುತ್ತೇನೆ ಮತ್ತು ಮರವನ್ನು ಕತ್ತರಿಸಿ, ಅದರ ರೆಂಬೆ ಕೊಂಬೆಗಳನ್ನೂ ನಿಮ್ಮಿಬ್ಬರಿಗೆ ಸಮನಾಗಿ ಹಂಚಲಾಗುವುದು ಎಂದು ಹೇಳಿದನು.",0.626,0.374,0.003,0.912,0.941,0.793,0.207,0.0,0.8,0.939,0.612,0.388,0.0,0.945,0.939
21,"ಅಕ್ಬರ್ ಭಾರತದ ಇಥಿಹಾಸಧಲ್ಳಿನ ಪ್ರಸಿಧ್ಧ ಚಕ್ರವರ್ತಿಗಳಲ್ಲಿ ಓಭ್ಬನು. ಬೀರಬಲ್ಲಣು ಅಕ್ಬರ್‌ ಚಕ್ರವರ್ತಿಯ ಮಂತ್ರಿ, ಅಫ್ಥ ಶಲಹೆಗಾರ ಮಥ್ತು ಸೇನಾಪತಿಯಾಗಿದ್ಧನು. ಅವನು ಥನ್ನ ಬುದ್ಧಿವಂತಿಖೆ ಮಥ್ಥು ಹಾಸ್ಯ ಪ್ರವೃತ್ತಿಗೆ ಹಸರುವಾಸಿಯಾಗಿದ್ದಣು. ಓಮ್ಮೆ ರಾಮು ಮಥ್ತು ಸಾಮು ಎಂಭ ಇಬ್ಬರು ರೈಥರು ನ್ಯಾಯವನ್ಣು ಕೋರಿ ಬೀರಬಲ್ಲನ ಹಥ್ತಿರ ಬಂದರು. ಸಾಮು: ಹುಜೂರ್! ಣನ್ನ ಶೋಟದ ಅಂಛಿಣಲ್ಲಿ ಓಂದು ಮಾವಿಣ ಮರವಿಧೆ. ಆದು ಯಾವಾಘಲೂ ನನಗೆ ಸೇರಿಥ್ತು. ಅದು ಶಸಿ ಆಗಿದ್ದ ಸಮಯದಿಂದ ಇವರೆಗೂ ಅದಕ್ಕೆ ನೀರೆರೆಧು ಪೋಷಿಸಿದ್ಧೇನೆ. ಅದರಲ್ಲಿಯ ಹಣ್ಣು ಬಿಡಲು ಪ್ರಾರಂಭವಾಘಿದೆ. ಆಧರೆ, ಈಗ ರಾಮು ಅ ಮರವನ್ಣು ತನ್ನದು ಏಂದು ಹೇಳುಥ್ಥಿದ್ದಾನೆ. ರಾಮು: ಇಳ್ಲ ಹುಜೂರ್‌! ಆ ಮಾವಿಣ ಮರ ನನಗೆ ಸೇರಿದ್ದು, ಇವಣು ಸುಳ್ಳು ಹೇಳುತ್ತಿದ್ದಾನೆ. ಬೀರಬಲ್ಲ: (ಒಂದು ಕ್ಷಣ ಯೋಛಿಸಿ) ಆ ಮಾವಿಣ ಮರವು ನಿಮ್ಮಿಬ್ಬರಿಗೂ ಸೇರಿರಲು ಸಾಧ್ಯವಿಲ್ಲ. ಈ ವಿವಾದವನ್ನು ಭಗೆಹರಿಸಲು ನನಘೆ ಕಪ್ಫವಾಗುಥ್ಥಿದೆ. ಹಾಗಾಗಿ ಆ ಮರದ ಮಾವಿನಹಣ್ಣನ್ನು ಖಿತ್ಥು ನಿಮ್ಮಿಬ್ಬರ ನಡುವೆ ಸಮನಾಗಿ ಹಂಚಲು ಣಾಣು ಆದೇಶಿಶುಥ್ಥೇನೆ ಮತ್ತು ಮರವನ್ನು ಕತ್ತರಿಸಿ, ಅಧರ ರೆಂಬೆ ಕೊಂಭೆಗಳನ್ನೂ ನಿಮ್ಮಿಬ್ಬರಿಗೆ ಸಮಣಾಗಿ ಹಂಚಲಾಘುವುದು ಏಂದು ಹೇಳಿಧನು.",akbar_birbal,"ಅಕ್ಬರ್ ಭಾರತದ ಇತಿಹಾಸದಲ್ಲಿನ ಪ್ರಸಿದ್ಧ ಚಕ್ರವರ್ತಿಗಳಲ್ಲಿ ಒಬ್ಬನು. ಬೀರಬಲ್ಲನು ಅಕ್ಬರ್‌ ಚಕ್ರವರ್ತಿಯ ಮಂತ್ರಿ, ಆಪ್ತ ಸಲಹೆಗಾರ ಮತ್ತು ಸೇನಾಪತಿಯಾಗಿದ್ದನು. ಅವನು ತನ್ನ ಬುದ್ಧಿವಂತಿಕೆ ಮತ್ತು ಹಾಸ್ಯ ಪ್ರವೃತ್ತಿಗೆ ಹೆಸರುವಾಸಿಯಾಗಿದ್ದನು. ಒಮ್ಮೆ ರಾಮು ಮತ್ತು ಶಾಮು ಎಂಬ ಇಬ್ಬರು ರೈತರು ನ್ಯಾಯವನ್ನು ಕೋರಿ ಬೀರಬಲ್ಲನ ಹತ್ತಿರ ಬಂದರು. ಶಾಮು: ಹುಜೂರ್! ನನ್ನ ಶೋಟದ ಅಂಚಿನಲ್ಲಿ ಓಂದು ಮಾವಿನ ಮರವಿದೆ. ಅದು ಯಾವಾಗಲೂ ನನಗೆ ಸೇರಿತ್ತು. ಅದು ಸಸಿ ಆಗಿದ್ದ ಸಮಯದಿಂದ ಈವರೆಗೂ ಅದಕ್ಕೆ ನೀರೆರೆದು ಪೋಷಿಸಿದ್ದೇನೆ. ಅದರಲ್ಲಿಯ ಹಣ್ಣು ಬಿಡಲು ಪ್ರಾರಂಭವಾಗಿದೆ. ಆದರೆ, ಈಗ ರಾಮು ಆ ಮರವನ್ನು ತನ್ನದು ಎಂದು ಹೇಳುತ್ತಿದ್ದಾನೆ. ರಾಮು: ಇಲ್ಲ ಹುಜೂರ್‌! ಆ ಮಾವಿನ ಮರ ನನಗೆ ಸೇರಿದ್ದು, ಇವನು ಸುಳ್ಳು ಹೇಳುತ್ತಿದ್ದಾನೆ. ಬೀರಬಲ್ಲ: (ಒಂದು ಕ್ಷಣ ಯೋಚಿಸಿ) ಆ ಮಾವಿನ ಮರವು ನಿಮ್ಮಿಬ್ಬರಿಗೂ ಸೇರಿರಲು ಸಾಧ್ಯವಿಲ್ಲ. ಈ ವಿವಾದವನ್ನು ಬಗೆಹರಿಸಲು ನನಗೆ ಕಪ್ಪವಾಗುತ್ತಿದೆ. ಹಾಗಾಗಿ ಆ ಮರದ ಮಾವಿನಹಣ್ಣನ್ನು ಕಿತ್ತು ನಿಮ್ಮಿಬ್ಬರ ನಡುವೆ ಸಮನಾಗಿ ಹಂಚಲು ನಾನು ಆದೇಶಿಸುತ್ತೇನೆ ಮತ್ತು ಮರವನ್ನು ಕತ್ತರಿಸಿ, ಅದರ ರೆಂಬೆ ಕೊಂಬೆಗಳನ್ನೂ ನಿಮ್ಮಿಬ್ಬರಿಗೆ ಸಮನಾಗಿ ಹಂಚಲಾಗುವುದು ಎಂದು ಹೇಳಿದನು.",0.682,0.318,0.003,0.867,0.958,0.8,0.2,0.0,0.771,0.94,0.546,0.454,0.0,0.847,0.891
22,"ಅಖ್ಬರ್ ಭಾರತದ ಇತಿಹಾಸದಲ್ಲಿನ ಪ್ರಶಿದ್ಧ ಚಕ್ರವರ್ತಿಘಳಳ್ಲಿ ಒಬ್ಬನು. ಭೀರಬಳ್ಲನು ಅಕ್ಬರ್‌ ಚಕ್ರವರ್ತಿಯ ಮಂಥ್ರಿ, ಆಪ್ತ ಶಲಹೆಘಾರ ಮತ್ತು ಸೇನಾಪಥಿಯಾಘಿಧ್ದನು. ಅವನು ತನ್ನ ಬುದ್ಧಿವಂತಿಖೆ ಮತ್ತು ಹಾಸ್ಯ ಪ್ರವೃಥ್ತಿಗೆ ಹಶರುವಾಸಿಯಾಗಿದ್ದಣು. ಓಮ್ಮೆ ರಾಮು ಮತ್ತು ಶಾಮು ಏಂಬ ಇಬ್ಬರು ರೈಥರು ನ್ಯಾಯವಣ್ಣು ಖೋರಿ ಭೀರಬಳ್ಲನ ಹತ್ಥಿರ ಬಂದರು. ಶಾಮು: ಹುಜೂರ್! ನನ್ನ ಶೋಟದ ಅಂಛಿನಲ್ಲಿ ಓಂದು ಮಾವಿನ ಮರವಿದೆ. ಅದು ಯಾವಾಘಲೂ ನಣಗೆ ಶೇರಿತ್ತು. ಅದು ಸಸಿ ಅಗಿದ್ದ ಸಮಯದಿಂದ ಈವರೆಗೂ ಅಧಕ್ಕೆ ನೀರೆರೆದು ಪೋಷಿಸಿದ್ದೇನೆ. ಅದರಲ್ಲಿಯ ಹನ್ಣು ಬಿಡಲು ಪ್ರಾರಂಭವಾಗಿದೆ. ಅದರೆ, ಈಗ ರಾಮು ಅ ಮರವನ್ನು ಥನ್ನದು ಎಂಧು ಹೇಳುತ್ಥಿಧ್ದಾನೆ. ರಾಮು: ಇಲ್ಲ ಹುಝೂರ್‌! ಅ ಮಾವಿಣ ಮರ ನನಗೆ ಸೇರಿದ್ದು, ಇವನು ಸುಳ್ಲು ಹೇಳುಥ್ತಿದ್ದಾನೆ. ಭೀರಭಳ್ಲ: (ಒಂದು ಖ್ಷಣ ಯೋಚಿಸಿ) ಆ ಮಾವಿನ ಮರವು ಣಿಮ್ಮಿಬ್ಬರಿಗೂ ಸೇರಿರಲು ಸಾಧ್ಯವಿಲ್ಲ. ಈ ವಿವಾದವನ್ನು ಬಗೆಹರಿಸಲು ನನಘೆ ಕಪ್ಪವಾಗುತ್ತಿದೆ. ಹಾಘಾಗಿ ಅ ಮರದ ಮಾವಿಣಹಣ್ನನ್ನು ಕಿತ್ತು ಣಿಮ್ಮಿಬ್ಬರ ನಡುವೆ ಶಮನಾಘಿ ಹಂಚಲು ನಾನು ಆದೇಶಿಶುತ್ಥೇನೆ ಮತ್ತು ಮರವನ್ನು ಖತ್ತರಿಶಿ, ಅದರ ರೆಂಬೆ ಕೊಂಬೆಗಲನ್ನೂ ನಿಮ್ಮಿಭ್ಬರಿಗೆ ಸಮನಾಗಿ ಹಂಚಳಾಗುವುದು ಎಂದು ಹೇಲಿದನು.",akbar_birbal,"ಅಕ್ಬರ್ ಭಾರತದ ಇತಿಹಾಸದಲ್ಲಿನ ಪ್ರಸಿದ್ಧ ಚಕ್ರವರ್ತಿಗಳಲ್ಲಿ ಒಬ್ಬನು. ಬೀರಬಲ್ಲನು ಅಕ್ಬರ್‌ ಚಕ್ರವರ್ತಿಯ ಮಂತ್ರಿ, ಆಪ್ತ ಸಲಹೆಗಾರ ಮತ್ತು ಸೇನಾಪತಿಯಾಗಿದ್ದನು. ಅವನು ತನ್ನ ಬುದ್ಧಿವಂತಿಕೆ ಮತ್ತು ಹಾಸ್ಯ ಪ್ರವೃತ್ತಿಗೆ ಹೆಸರುವಾಸಿಯಾಗಿದ್ದನು. ಒಮ್ಮೆ ರಾಮು ಮತ್ತು ಶಾಮು ಎಂಬ ಇಬ್ಬರು ರೈತರು ನ್ಯಾಯವನ್ನು ಕೋರಿ ಬೀರಬಲ್ಲನ ಹತ್ತಿರ ಬಂದರು. ಶಾಮು: ಹುಜೂರ್! ನನ್ನ ಶೋಟದ ಅಂಚಿನಲ್ಲಿ ಓಂದು ಮಾವಿನ ಮರವಿದೆ. ಅದು ಯಾವಾಗಲೂ ನನಗೆ ಸೇರಿತ್ತು. ಅದು ಸಸಿ ಆಗಿದ್ದ ಸಮಯದಿಂದ ಈವರೆಗೂ ಅದಕ್ಕೆ ನೀರೆರೆದು ಪೋಷಿಸಿದ್ದೇನೆ. ಅದರಲ್ಲಿಯ ಹಣ್ಣು ಬಿಡಲು ಪ್ರಾರಂಭವಾಗಿದೆ. ಆದರೆ, ಈಗ ರಾಮು ಆ ಮರವನ್ನು ತನ್ನದು ಎಂದು ಹೇಳುತ್ತಿದ್ದಾನೆ. ರಾಮು: ಇಲ್ಲ ಹುಜೂರ್‌! ಆ ಮಾವಿನ ಮರ ನನಗೆ ಸೇರಿದ್ದು, ಇವನು ಸುಳ್ಳು ಹೇಳುತ್ತಿದ್ದಾನೆ. ಬೀರಬಲ್ಲ: (ಒಂದು ಕ್ಷಣ ಯೋಚಿಸಿ) ಆ ಮಾವಿನ ಮರವು ನಿಮ್ಮಿಬ್ಬರಿಗೂ ಸೇರಿರಲು ಸಾಧ್ಯವಿಲ್ಲ. ಈ ವಿವಾದವನ್ನು ಬಗೆಹರಿಸಲು ನನಗೆ ಕಪ್ಪವಾಗುತ್ತಿದೆ. ಹಾಗಾಗಿ ಆ ಮರದ ಮಾವಿನಹಣ್ಣನ್ನು ಕಿತ್ತು ನಿಮ್ಮಿಬ್ಬರ ನಡುವೆ ಸಮನಾಗಿ ಹಂಚಲು ನಾನು ಆದೇಶಿಸುತ್ತೇನೆ ಮತ್ತು ಮರವನ್ನು ಕತ್ತರಿಸಿ, ಅದರ ರೆಂಬೆ ಕೊಂಬೆಗಳನ್ನೂ ನಿಮ್ಮಿಬ್ಬರಿಗೆ ಸಮನಾಗಿ ಹಂಚಲಾಗುವುದು ಎಂದು ಹೇಳಿದನು.",0.698,0.302,0.003,0.816,0.96,0.806,0.194,0.0,0.909,0.948,0.666,0.334,0.0,0.842,0.955
23,"ಅಕ್ಬರ್ ಬಾರತದ ಇತಿಹಾಸದಲ್ಳಿನ ಫ್ರಸಿದ್ಧ ಛಕ್ರವರ್ತಿಗಳಲ್ಲಿ ಒಬ್ಬನು. ಬೀರಬಲ್ಲಣು ಅಖ್ಬರ್‌ ಚಖ್ರವರ್ತಿಯ ಮಂತ್ರಿ, ಅಪ್ತ ಸಲಹೆಗಾರ ಮತ್ಥು ಶೇನಾಫಥಿಯಾಗಿದ್ದನು. ಅವನು ತನ್ಣ ಬುದ್ಧಿವಂತಿಕೆ ಮತ್ಥು ಹಾಸ್ಯ ಫ್ರವೃತ್ಥಿಘೆ ಹಶರುವಾಸಿಯಾಗಿದ್ದನು. ಒಮ್ಮೆ ರಾಮು ಮಥ್ತು ಸಾಮು ಎಂಬ ಇಬ್ಬರು ರೈಥರು ನ್ಯಾಯವನ್ನು ಕೋರಿ ಬೀರಬಲ್ಲಣ ಹತ್ಥಿರ ಬಂಧರು. ಶಾಮು: ಹುಜೂರ್! ನಣ್ನ ಶೋಠದ ಅಂಛಿಣಲ್ಲಿ ಓಂದು ಮಾವಿನ ಮರವಿದೆ. ಆದು ಯಾವಾಗಲೂ ನಣಗೆ ಸೇರಿಥ್ಥು. ಅದು ಶಸಿ ಆಗಿದ್ದ ಶಮಯದಿಂದ ಈವರೆಗೂ ಅದಖ್ಖೆ ನೀರೆರೆದು ಪೋಷಿಸಿದ್ದೇಣೆ. ಅದರಲ್ಲಿಯ ಹಣ್ಣು ಬಿಡಲು ಫ್ರಾರಂಬವಾಘಿದೆ. ಆದರೆ, ಈಗ ರಾಮು ಆ ಮರವನ್ನು ತನ್ನದು ಎಂದು ಹೇಲುತ್ತಿಧ್ಧಾನೆ. ರಾಮು: ಇಲ್ಲ ಹುಜೂರ್‌! ಆ ಮಾವಿನ ಮರ ಣನಗೆ ಶೇರಿದ್ದು, ಇವಣು ಸುಲ್ಳು ಹೇಲುತ್ತಿದ್ಧಾನೆ. ಭೀರಬಲ್ಲ: (ಒಂದು ಖ್ಷನ ಯೋಚಿಸಿ) ಆ ಮಾವಿನ ಮರವು ನಿಮ್ಮಿಭ್ಭರಿಗೂ ಸೇರಿರಳು ಸಾಧ್ಯವಿಲ್ಳ. ಈ ವಿವಾಧವನ್ನು ಬಘೆಹರಿಸಲು ನನಗೆ ಖಪ್ಪವಾಗುತ್ತಿದೆ. ಹಾಗಾಗಿ ಆ ಮರದ ಮಾವಿನಹಣ್ಣನ್ನು ಕಿಥ್ಥು ನಿಮ್ಮಿಬ್ಬರ ನಡುವೆ ಸಮನಾಗಿ ಹಂಚಲು ನಾನು ಆಧೇಶಿಸುತ್ತೇಣೆ ಮತ್ತು ಮರವನ್ನು ಕಥ್ತರಿಶಿ, ಅಧರ ರೆಂಬೆ ಕೊಂಭೆಘಳನ್ನೂ ನಿಮ್ಮಿಬ್ಭರಿಗೆ ಸಮನಾಘಿ ಹಂಛಳಾಗುವುದು ಎಂದು ಹೇಳಿದನು.",akbar_birbal,"ಅಕ್ಬರ್ ಭಾರತದ ಇತಿಹಾಸದಲ್ಲಿನ ಪ್ರಸಿದ್ಧ ಚಕ್ರವರ್ತಿಗಳಲ್ಲಿ ಒಬ್ಬನು. ಬೀರಬಲ್ಲನು ಅಕ್ಬರ್‌ ಚಕ್ರವರ್ತಿಯ ಮಂತ್ರಿ, ಆಪ್ತ ಸಲಹೆಗಾರ ಮತ್ತು ಸೇನಾಪತಿಯಾಗಿದ್ದನು. ಅವನು ತನ್ನ ಬುದ್ಧಿವಂತಿಕೆ ಮತ್ತು ಹಾಸ್ಯ ಪ್ರವೃತ್ತಿಗೆ ಹೆಸರುವಾಸಿಯಾಗಿದ್ದನು. ಒಮ್ಮೆ ರಾಮು ಮತ್ತು ಶಾಮು ಎಂಬ ಇಬ್ಬರು ರೈತರು ನ್ಯಾಯವನ್ನು ಕೋರಿ ಬೀರಬಲ್ಲನ ಹತ್ತಿರ ಬಂದರು. ಶಾಮು: ಹುಜೂರ್! ನನ್ನ ಶೋಟದ ಅಂಚಿನಲ್ಲಿ ಓಂದು ಮಾವಿನ ಮರವಿದೆ. ಅದು ಯಾವಾಗಲೂ ನನಗೆ ಸೇರಿತ್ತು. ಅದು ಸಸಿ ಆಗಿದ್ದ ಸಮಯದಿಂದ ಈವರೆಗೂ ಅದಕ್ಕೆ ನೀರೆರೆದು ಪೋಷಿಸಿದ್ದೇನೆ. ಅದರಲ್ಲಿಯ ಹಣ್ಣು ಬಿಡಲು ಪ್ರಾರಂಭವಾಗಿದೆ. ಆದರೆ, ಈಗ ರಾಮು ಆ ಮರವನ್ನು ತನ್ನದು ಎಂದು ಹೇಳುತ್ತಿದ್ದಾನೆ. ರಾಮು: ಇಲ್ಲ ಹುಜೂರ್‌! ಆ ಮಾವಿನ ಮರ ನನಗೆ ಸೇರಿದ್ದು, ಇವನು ಸುಳ್ಳು ಹೇಳುತ್ತಿದ್ದಾನೆ. ಬೀರಬಲ್ಲ: (ಒಂದು ಕ್ಷಣ ಯೋಚಿಸಿ) ಆ ಮಾವಿನ ಮರವು ನಿಮ್ಮಿಬ್ಬರಿಗೂ ಸೇರಿರಲು ಸಾಧ್ಯವಿಲ್ಲ. ಈ ವಿವಾದವನ್ನು ಬಗೆಹರಿಸಲು ನನಗೆ ಕಪ್ಪವಾಗುತ್ತಿದೆ. ಹಾಗಾಗಿ ಆ ಮರದ ಮಾವಿನಹಣ್ಣನ್ನು ಕಿತ್ತು ನಿಮ್ಮಿಬ್ಬರ ನಡುವೆ ಸಮನಾಗಿ ಹಂಚಲು ನಾನು ಆದೇಶಿಸುತ್ತೇನೆ ಮತ್ತು ಮರವನ್ನು ಕತ್ತರಿಸಿ, ಅದರ ರೆಂಬೆ ಕೊಂಬೆಗಳನ್ನೂ ನಿಮ್ಮಿಬ್ಬರಿಗೆ ಸಮನಾಗಿ ಹಂಚಲಾಗುವುದು ಎಂದು ಹೇಳಿದನು.",0.657,0.343,0.003,0.789,0.946,0.793,0.207,0.0,0.933,0.945,0.562,0.438,0.0,0.794,0.897
24,"ಆಕ್ಭರ್ ಭಾರತದ ಇತಿಹಾಶದಳ್ಳಿನ ಪ್ರಸಿದ್ಧ ಚಕ್ರವರ್ತಿಗಳಲ್ಲಿ ಒಬ್ಬನು. ಬೀರಬಳ್ಲನು ಅಕ್ಬರ್‌ ಚಖ್ರವರ್ತಿಯ ಮಂಥ್ರಿ, ಆಪ್ಥ ಸಲಹೆಗಾರ ಮಥ್ತು ಸೇನಾಫತಿಯಾಗಿದ್ದನು. ಅವನು ತನ್ನ ಬುದ್ದಿವಂಥಿಕೆ ಮತ್ಥು ಹಾಸ್ಯ ಫ್ರವೃತ್ತಿಗೆ ಹಸರುವಾಸಿಯಾಗಿದ್ದಣು. ಒಮ್ಮೆ ರಾಮು ಮತ್ಥು ಶಾಮು ಎಂಭ ಇಬ್ಬರು ರೈತರು ನ್ಯಾಯವಣ್ನು ಕೋರಿ ಬೀರಬಲ್ಲಣ ಹತ್ಥಿರ ಭಂದರು. ಶಾಮು: ಹುಜೂರ್! ನನ್ನ ಶೋಠದ ಅಂಚಿನಳ್ಲಿ ಓಂಧು ಮಾವಿನ ಮರವಿದೆ. ಅದು ಯಾವಾಗಲೂ ನನಘೆ ಸೇರಿಥ್ತು. ಅಧು ಸಸಿ ಆಗಿದ್ಧ ಸಮಯಧಿಂದ ಈವರೆಗೂ ಅದಕ್ಕೆ ನೀರೆರೆದು ಫೋಷಿಸಿದ್ದೇನೆ. ಅದರಲ್ಲಿಯ ಹಣ್ಣು ಬಿಡಲು ಪ್ರಾರಂಭವಾಗಿದೆ. ಆದರೆ, ಈಗ ರಾಮು ಆ ಮರವನ್ನು ಥಣ್ಣದು ಎಂದು ಹೇಳುತ್ತಿದ್ದಾನೆ. ರಾಮು: ಇಲ್ಲ ಹುಜೂರ್‌! ಆ ಮಾವಿನ ಮರ ನನಗೆ ಸೇರಿದ್ದು, ಈವನು ಸುಲ್ಲು ಹೇಳುತ್ತಿದ್ದಾನೆ. ಭೀರಬಳ್ಲ: (ಒಂದು ಖ್ಷನ ಯೋಚಿಸಿ) ಆ ಮಾವಿನ ಮರವು ಣಿಮ್ಮಿಬ್ಬರಿಗೂ ಸೇರಿರಲು ಸಾಧ್ಯವಿಲ್ಲ. ಈ ವಿವಾಧವನ್ನು ಬಗೆಹರಿಸಲು ನಣಗೆ ಕಪ್ಫವಾಗುತ್ತಿದೆ. ಹಾಘಾಗಿ ಆ ಮರದ ಮಾವಿನಹನ್ಣನ್ನು ಕಿಥ್ತು ನಿಮ್ಮಿಬ್ಭರ ನಡುವೆ ಶಮನಾಗಿ ಹಂಚಲು ನಾಣು ಆದೇಸಿಸುತ್ಥೇನೆ ಮತ್ತು ಮರವನ್ಣು ಕತ್ಥರಿಸಿ, ಅದರ ಅದರ ರೆಂಬೆ ಖೊಂಬೆಗಳಣ್ನೂ ನಿಮ್ಮಿಬ್ಬರಿಗೆ ಸಮಣಾಗಿ ಹಂಛಳಾಘುವುದು ಎಂಧು ಹೇಳಿದಣು.",akbar_birbal,"ಅಕ್ಬರ್ ಭಾರತದ ಇತಿಹಾಸದಲ್ಲಿನ ಪ್ರಸಿದ್ಧ ಚಕ್ರವರ್ತಿಗಳಲ್ಲಿ ಒಬ್ಬನು. ಬೀರಬಲ್ಲನು ಅಕ್ಬರ್‌ ಚಕ್ರವರ್ತಿಯ ಮಂತ್ರಿ, ಆಪ್ತ ಸಲಹೆಗಾರ ಮತ್ತು ಸೇನಾಪತಿಯಾಗಿದ್ದನು. ಅವನು ತನ್ನ ಬುದ್ಧಿವಂತಿಕೆ ಮತ್ತು ಹಾಸ್ಯ ಪ್ರವೃತ್ತಿಗೆ ಹೆಸರುವಾಸಿಯಾಗಿದ್ದನು. ಒಮ್ಮೆ ರಾಮು ಮತ್ತು ಶಾಮು ಎಂಬ ಇಬ್ಬರು ರೈತರು ನ್ಯಾಯವನ್ನು ಕೋರಿ ಬೀರಬಲ್ಲನ ಹತ್ತಿರ ಬಂದರು. ಶಾಮು: ಹುಜೂರ್! ನನ್ನ ಶೋಟದ ಅಂಚಿನಲ್ಲಿ ಓಂದು ಮಾವಿನ ಮರವಿದೆ. ಅದು ಯಾವಾಗಲೂ ನನಗೆ ಸೇರಿತ್ತು. ಅದು ಸಸಿ ಆಗಿದ್ದ ಸಮಯದಿಂದ ಈವರೆಗೂ ಅದಕ್ಕೆ ನೀರೆರೆದು ಪೋಷಿಸಿದ್ದೇನೆ. ಅದರಲ್ಲಿಯ ಹಣ್ಣು ಬಿಡಲು ಪ್ರಾರಂಭವಾಗಿದೆ. ಆದರೆ, ಈಗ ರಾಮು ಆ ಮರವನ್ನು ತನ್ನದು ಎಂದು ಹೇಳುತ್ತಿದ್ದಾನೆ. ರಾಮು: ಇಲ್ಲ ಹುಜೂರ್‌! ಆ ಮಾವಿನ ಮರ ನನಗೆ ಸೇರಿದ್ದು, ಇವನು ಸುಳ್ಳು ಹೇಳುತ್ತಿದ್ದಾನೆ. ಬೀರಬಲ್ಲ: (ಒಂದು ಕ್ಷಣ ಯೋಚಿಸಿ) ಆ ಮಾವಿನ ಮರವು ನಿಮ್ಮಿಬ್ಬರಿಗೂ ಸೇರಿರಲು ಸಾಧ್ಯವಿಲ್ಲ. ಈ ವಿವಾದವನ್ನು ಬಗೆಹರಿಸಲು ನನಗೆ ಕಪ್ಪವಾಗುತ್ತಿದೆ. ಹಾಗಾಗಿ ಆ ಮರದ ಮಾವಿನಹಣ್ಣನ್ನು ಕಿತ್ತು ನಿಮ್ಮಿಬ್ಬರ ನಡುವೆ ಸಮನಾಗಿ ಹಂಚಲು ನಾನು ಆದೇಶಿಸುತ್ತೇನೆ ಮತ್ತು ಮರವನ್ನು ಕತ್ತರಿಸಿ, ಅದರ ರೆಂಬೆ ಕೊಂಬೆಗಳನ್ನೂ ನಿಮ್ಮಿಬ್ಬರಿಗೆ ಸಮನಾಗಿ ಹಂಚಲಾಗುವುದು ಎಂದು ಹೇಳಿದನು.",0.648,0.352,0.0,0.786,0.943,0.716,0.284,0.006,0.825,0.901,0.648,0.352,0.003,0.828,0.947
25,"ಅಕ್ಬರ್ ಬಾರತಧ ಇತಿಹಾಸಧಲ್ಲಿಣ ಪ್ರಸಿದ್ಧ ಚಕ್ರವರ್ತಿಘಲಲ್ಳಿ ಓಬ್ಬನು. ಬೀರಬಳ್ಲನು ಅಕ್ಭರ್‌ ಚಕ್ರವರ್ತಿಯ ಮಂತ್ರಿ, ಆಪ್ಥ ಸಲಹೆಘಾರ ಮತ್ಥು ಸೇಣಾಪಥಿಯಾಗಿದ್ದಣು. ಅವನು ತನ್ನ ಭುದ್ಧಿವಂತಿಕೆ ಮತ್ತು ಹಾಸ್ಯ ಪ್ರವೃತ್ತಿಗೆ ಹಸರುವಾಶಿಯಾಘಿದ್ದನು. ಒಮ್ಮೆ ರಾಮು ಮಥ್ತು ಶಾಮು ಎಂಭ ಈಭ್ಬರು ರೈತರು ಣ್ಯಾಯವನ್ನು ಕೋರಿ ಭೀರಬಳ್ಲನ ಹತ್ತಿರ ಬಂದರು. ಶಾಮು: ಹುಜೂರ್! ಣನ್ನ ಶೋಟದ ಅಂಚಿನಳ್ಲಿ ಓಂಧು ಮಾವಿಣ ಮರವಿದೆ. ಅದು ಯಾವಾಗಲೂ ನನಗೆ ಶೇರಿಥ್ತು. ಅಧು ಶಸಿ ಆಗಿದ್ದ ಸಮಯದಿಂದ ಈವರೆಗೂ ಅಧಕ್ಕೆ ನೀರೆರೆದು ಪೋಷಿಸಿದ್ದೇಣೆ. ಅದರಲ್ಲಿಯ ಹಣ್ಣು ಬಿಡಲು ಫ್ರಾರಂಭವಾಗಿದೆ. ಆದರೆ, ಈಗ ರಾಮು ಅ ಮರವಣ್ಣು ತನ್ನದು ಎಂದು ಹೇಲುತ್ಥಿದ್ದಾನೆ. ರಾಮು: ಇಲ್ಲ ಹುಜೂರ್‌! ಆ ಮಾವಿನ ಮರ ನನಗೆ ಸೇರಿಧ್ಧು, ಇವನು ಸುಳ್ಳು ಹೇಳುತ್ತಿದ್ದಾಣೆ. ಬೀರಭಲ್ಲ: (ಒಂದು ಕ್ಷಣ ಯೋಚಿಸಿ) ಆ ಮಾವಿನ ಮರವು ನಿಮ್ಮಿಬ್ಬರಿಘೂ ಶೇರಿರಲು ಸಾದ್ಯವಿಲ್ಳ. ಈ ವಿವಾದವನ್ನು ಬಗೆಹರಿಸಲು ನನಗೆ ಕಪ್ಪವಾಘುತ್ತಿದೆ. ಹಾಗಾಗಿ ಆ ಮರಧ ಮಾವಿಣಹಣ್ಣನ್ನು ಕಿಥ್ತು ನಿಮ್ಮಿಬ್ಬರ ನಡುವೆ ಸಮನಾಗಿ ಹಂಛಲು ನಾಣು ಆದೇಸಿಸುತ್ತೇನೆ ಮಥ್ತು ಮರವನ್ನು ಕತ್ತರಿಸಿ, ಆದರ ರೆಂಭೆ ಖೊಂಬೆಗಳನ್ನೂ ನಿಮ್ಮಿಬ್ಬರಿಗೆ ಸಮನಾಘಿ ಹಂಚಳಾಗುವುಧು ಎಂದು ಹೇಲಿದನು.",akbar_birbal,"ಅಕ್ಬರ್ ಭಾರತದ ಇತಿಹಾಸದಲ್ಲಿನ ಪ್ರಸಿದ್ಧ ಚಕ್ರವರ್ತಿಗಳಲ್ಲಿ ಒಬ್ಬನು. ಬೀರಬಲ್ಲನು ಅಕ್ಬರ್‌ ಚಕ್ರವರ್ತಿಯ ಮಂತ್ರಿ, ಆಪ್ತ ಸಲಹೆಗಾರ ಮತ್ತು ಸೇನಾಪತಿಯಾಗಿದ್ದನು. ಅವನು ತನ್ನ ಬುದ್ಧಿವಂತಿಕೆ ಮತ್ತು ಹಾಸ್ಯ ಪ್ರವೃತ್ತಿಗೆ ಹೆಸರುವಾಸಿಯಾಗಿದ್ದನು. ಒಮ್ಮೆ ರಾಮು ಮತ್ತು ಶಾಮು ಎಂಬ ಇಬ್ಬರು ರೈತರು ನ್ಯಾಯವನ್ನು ಕೋರಿ ಬೀರಬಲ್ಲನ ಹತ್ತಿರ ಬಂದರು. ಶಾಮು: ಹುಜೂರ್! ನನ್ನ ಶೋಟದ ಅಂಚಿನಲ್ಲಿ ಓಂದು ಮಾವಿನ ಮರವಿದೆ. ಅದು ಯಾವಾಗಲೂ ನನಗೆ ಸೇರಿತ್ತು. ಅದು ಸಸಿ ಆಗಿದ್ದ ಸಮಯದಿಂದ ಈವರೆಗೂ ಅದಕ್ಕೆ ನೀರೆರೆದು ಪೋಷಿಸಿದ್ದೇನೆ. ಅದರಲ್ಲಿಯ ಹಣ್ಣು ಬಿಡಲು ಪ್ರಾರಂಭವಾಗಿದೆ. ಆದರೆ, ಈಗ ರಾಮು ಆ ಮರವನ್ನು ತನ್ನದು ಎಂದು ಹೇಳುತ್ತಿದ್ದಾನೆ. ರಾಮು: ಇಲ್ಲ ಹುಜೂರ್‌! ಆ ಮಾವಿನ ಮರ ನನಗೆ ಸೇರಿದ್ದು, ಇವನು ಸುಳ್ಳು ಹೇಳುತ್ತಿದ್ದಾನೆ. ಬೀರಬಲ್ಲ: (ಒಂದು ಕ್ಷಣ ಯೋಚಿಸಿ) ಆ ಮಾವಿನ ಮರವು ನಿಮ್ಮಿಬ್ಬರಿಗೂ ಸೇರಿರಲು ಸಾಧ್ಯವಿಲ್ಲ. ಈ ವಿವಾದವನ್ನು ಬಗೆಹರಿಸಲು ನನಗೆ ಕಪ್ಪವಾಗುತ್ತಿದೆ. ಹಾಗಾಗಿ ಆ ಮರದ ಮಾವಿನಹಣ್ಣನ್ನು ಕಿತ್ತು ನಿಮ್ಮಿಬ್ಬರ ನಡುವೆ ಸಮನಾಗಿ ಹಂಚಲು ನಾನು ಆದೇಶಿಸುತ್ತೇನೆ ಮತ್ತು ಮರವನ್ನು ಕತ್ತರಿಸಿ, ಅದರ ರೆಂಬೆ ಕೊಂಬೆಗಳನ್ನೂ ನಿಮ್ಮಿಬ್ಬರಿಗೆ ಸಮನಾಗಿ ಹಂಚಲಾಗುವುದು ಎಂದು ಹೇಳಿದನು.",0.626,0.374,0.003,0.833,0.936,0.783,0.217,0.0,0.883,0.939,0.729,0.271,0.0,0.787,0.971
26,"ಅಖ್ಬರ್ ಭಾರತದ ಇತಿಹಾಸದಲ್ಲಿನ ಪ್ರಸಿದ್ದ ಚಕ್ರವರ್ತಿಗಳಲ್ಲಿ ಒಬ್ಬನು. ಬೀರಭಲ್ಲನು ಅಖ್ಬರ್‌ ಚಕ್ರವರ್ಥಿಯ ಮಂಥ್ರಿ, ಆಪ್ತ ಸಲಹೆಘಾರ ಮತ್ತು ಶೇನಾಪತಿಯಾಗಿದ್ಧನು. ಅವನು ಥನ್ನ ಬುಧ್ಧಿವಂತಿಕೆ ಮತ್ಥು ಹಾಸ್ಯ ಪ್ರವೃತ್ಥಿಘೆ ಹಸರುವಾಸಿಯಾಗಿದ್ದನು. ಒಮ್ಮೆ ರಾಮು ಮಥ್ತು ಶಾಮು ಎಂಬ ಈಭ್ಬರು ರೈತರು ನ್ಯಾಯವನ್ಣು ಖೋರಿ ಬೀರಭಲ್ಲನ ಹತ್ತಿರ ಬಂಧರು. ಶಾಮು: ಹುಜೂರ್! ಣನ್ಣ ಶೋಟದ ಅಂಚಿನಲ್ಲಿ ಒಂದು ಮಾವಿನ ಮರವಿದೆ. ಆದು ಯಾವಾಗಳೂ ಣನಗೆ ಸೇರಿಥ್ಥು. ಅಧು ಸಶಿ ಆಘಿದ್ದ ಸಮಯದಿಂಧ ಈವರೆಗೂ ಅದಕ್ಕೆ ನೀರೆರೆದು ಪೋಷಿಶಿದ್ದೇನೆ. ಅಧರಲ್ಲಿಯ ಹಣ್ಣು ಬಿಡಲು ಪ್ರಾರಂಭವಾಗಿದೆ. ಆಧರೆ, ಈಗ ರಾಮು ಆ ಮರವನ್ನು ತನ್ನದು ಏಂದು ಹೇಳುಥ್ತಿದ್ದಾನೆ. ರಾಮು: ಇಲ್ಲ ಹುಝೂರ್‌! ಆ ಮಾವಿಣ ಮರ ನನಗೆ ಸೇರಿಧ್ದು, ಈವಣು ಸುಳ್ಲು ಹೇಲುತ್ತಿದ್ದಾನೆ. ಬೀರಬಲ್ಲ: (ಒಂದು ಕ್ಷಣ ಯೋಚಿಶಿ) ಆ ಮಾವಿನ ಮರವು ನಿಮ್ಮಿಬ್ಬರಿಗೂ ಸೇರಿರಲು ಸಾಧ್ಯವಿಲ್ಲ. ಈ ವಿವಾಧವನ್ನು ಬಗೆಹರಿಸಲು ಣನಗೆ ಕಪ್ಫವಾಗುತ್ತಿದೆ. ಹಾಗಾಗಿ ಅ ಮರದ ಮಾವಿನಹಣ್ಣನ್ಣು ಖಿತ್ತು ನಿಮ್ಮಿಬ್ಭರ ನಡುವೆ ಶಮನಾಗಿ ಹಂಚಳು ನಾನು ಅದೇಶಿಸುತ್ಥೇನೆ ಮಥ್ಥು ಮರವನ್ನು ಖತ್ಥರಿಶಿ, ಆದರ ರೆಂಬೆ ಖೊಂಬೆಗಳನ್ನೂ ನಿಮ್ಮಿಬ್ಬರಿಗೆ ಸಮನಾಘಿ ಹಂಚಲಾಗುವುದು ಎಂದು ಹೇಳಿದನು.",akbar_birbal,"ಅಕ್ಬರ್ ಭಾರತದ ಇತಿಹಾಸದಲ್ಲಿನ ಪ್ರಸಿದ್ಧ ಚಕ್ರವರ್ತಿಗಳಲ್ಲಿ ಒಬ್ಬನು. ಬೀರಬಲ್ಲನು ಅಕ್ಬರ್‌ ಚಕ್ರವರ್ತಿಯ ಮಂತ್ರಿ, ಆಪ್ತ ಸಲಹೆಗಾರ ಮತ್ತು ಸೇನಾಪತಿಯಾಗಿದ್ದನು. ಅವನು ತನ್ನ ಬುದ್ಧಿವಂತಿಕೆ ಮತ್ತು ಹಾಸ್ಯ ಪ್ರವೃತ್ತಿಗೆ ಹೆಸರುವಾಸಿಯಾಗಿದ್ದನು. ಒಮ್ಮೆ ರಾಮು ಮತ್ತು ಶಾಮು ಎಂಬ ಇಬ್ಬರು ರೈತರು ನ್ಯಾಯವನ್ನು ಕೋರಿ ಬೀರಬಲ್ಲನ ಹತ್ತಿರ ಬಂದರು. ಶಾಮು: ಹುಜೂರ್! ನನ್ನ ಶೋಟದ ಅಂಚಿನಲ್ಲಿ ಓಂದು ಮಾವಿನ ಮರವಿದೆ. ಅದು ಯಾವಾಗಲೂ ನನಗೆ ಸೇರಿತ್ತು. ಅದು ಸಸಿ ಆಗಿದ್ದ ಸಮಯದಿಂದ ಈವರೆಗೂ ಅದಕ್ಕೆ ನೀರೆರೆದು ಪೋಷಿಸಿದ್ದೇನೆ. ಅದರಲ್ಲಿಯ ಹಣ್ಣು ಬಿಡಲು ಪ್ರಾರಂಭವಾಗಿದೆ. ಆದರೆ, ಈಗ ರಾಮು ಆ ಮರವನ್ನು ತನ್ನದು ಎಂದು ಹೇಳುತ್ತಿದ್ದಾನೆ. ರಾಮು: ಇಲ್ಲ ಹುಜೂರ್‌! ಆ ಮಾವಿನ ಮರ ನನಗೆ ಸೇರಿದ್ದು, ಇವನು ಸುಳ್ಳು ಹೇಳುತ್ತಿದ್ದಾನೆ. ಬೀರಬಲ್ಲ: (ಒಂದು ಕ್ಷಣ ಯೋಚಿಸಿ) ಆ ಮಾವಿನ ಮರವು ನಿಮ್ಮಿಬ್ಬರಿಗೂ ಸೇರಿರಲು ಸಾಧ್ಯವಿಲ್ಲ. ಈ ವಿವಾದವನ್ನು ಬಗೆಹರಿಸಲು ನನಗೆ ಕಪ್ಪವಾಗುತ್ತಿದೆ. ಹಾಗಾಗಿ ಆ ಮರದ ಮಾವಿನಹಣ್ಣನ್ನು ಕಿತ್ತು ನಿಮ್ಮಿಬ್ಬರ ನಡುವೆ ಸಮನಾಗಿ ಹಂಚಲು ನಾನು ಆದೇಶಿಸುತ್ತೇನೆ ಮತ್ತು ಮರವನ್ನು ಕತ್ತರಿಸಿ, ಅದರ ರೆಂಬೆ ಕೊಂಬೆಗಳನ್ನೂ ನಿಮ್ಮಿಬ್ಬರಿಗೆ ಸಮನಾಗಿ ಹಂಚಲಾಗುವುದು ಎಂದು ಹೇಳಿದನು.",0.67,0.33,0.003,0.872,0.954,0.818,0.182,0.0,0.776,0.947,0.647,0.353,0.0,0.756,0.943
27,"ಅಕ್ಬರ್ ಭಾರಥದ ಇತಿಹಾಸದಲ್ಲಿನ ಪ್ರಶಿದ್ಧ ಚಕ್ರವರ್ತಿಗಳಳ್ಲಿ ಓಬ್ಬನು. ಬೀರಭಲ್ಲನು ಅಕ್ಭರ್‌ ಚಕ್ರವರ್ಥಿಯ ಮಂತ್ರಿ, ಆಪ್ತ ಶಲಹೆಗಾರ ಮಥ್ತು ಸೇನಾಪತಿಯಾಘಿದ್ದನು. ಆವನು ಥನ್ಣ ಬುದ್ಧಿವಂತಿಖೆ ಮತ್ತು ಹಾಸ್ಯ ಫ್ರವೃಥ್ತಿಘೆ ಹಸರುವಾಶಿಯಾಗಿಧ್ಧನು. ಒಮ್ಮೆ ರಾಮು ಮತ್ತು ಶಾಮು ಎಂಬ ಇಬ್ಬರು ರೈತರು ನ್ಯಾಯವನ್ನು ಕೋರಿ ಬೀರಬಲ್ಲನ ಹತ್ತಿರ ಬಂದರು. ಶಾಮು: ಹುಝೂರ್! ನನ್ಣ ಶೋಟದ ಅಂಚಿನಲ್ಲಿ ಓಂದು ಮಾವಿನ ಮರವಿದೆ. ಆದು ಯಾವಾಗಲೂ ನನಗೆ ಸೇರಿತ್ತು. ಅಧು ಸಶಿ ಅಗಿಧ್ದ ಸಮಯದಿಂದ ಈವರೆಗೂ ಆದಕ್ಖೆ ನೀರೆರೆಧು ಪೋಷಿಸಿದ್ದೇನೆ. ಅದರಳ್ಳಿಯ ಹನ್ಣು ಬಿಡಲು ಫ್ರಾರಂಭವಾಗಿದೆ. ಆಧರೆ, ಇಘ ರಾಮು ಆ ಮರವನ್ನು ತನ್ನಧು ಎಂಧು ಹೇಳುಥ್ತಿದ್ದಾನೆ. ರಾಮು: ಇಲ್ಲ ಹುಜೂರ್‌! ಆ ಮಾವಿನ ಮರ ನನಗೆ ಸೇರಿದ್ದು, ಇವನು ಶುಳ್ಲು ಹೇಲುಥ್ತಿದ್ದಾನೆ. ಬೀರಬಲ್ಲ: (ಒಂದು ಕ್ಷಣ ಯೋಛಿಶಿ) ಆ ಮಾವಿನ ಮರವು ನಿಮ್ಮಿಬ್ಬರಿಗೂ ಸೇರಿರಲು ಸಾಧ್ಯವಿಲ್ಲ. ಈ ವಿವಾದವನ್ನು ಬಗೆಹರಿಸಲು ನನಗೆ ಕಪ್ಫವಾಗುತ್ತಿದೆ. ಹಾಗಾಗಿ ಅ ಮರದ ಮರದ ಮಾವಿನಹಣ್ನಣ್ನು ಕಿತ್ಥು ನಿಮ್ಮಿಬ್ಬರ ನಡುವೆ ಸಮನಾಗಿ ಹಂಚಲು ನಾನು ಅದೇಶಿಶುತ್ತೇನೆ ಮತ್ಥು ಮರವನ್ನು ಕಥ್ತರಿಸಿ, ಅದರ ರೆಂಬೆ ಕೊಂಬೆಗಲಣ್ಣೂ ನಿಮ್ಮಿಬ್ಬರಿಗೆ ಸಮನಾಗಿ ಹಂಚಲಾಗುವುದು ಎಂದು ಹೇಳಿಧನು.",akbar_birbal,"ಅಕ್ಬರ್ ಭಾರತದ ಇತಿಹಾಸದಲ್ಲಿನ ಪ್ರಸಿದ್ಧ ಚಕ್ರವರ್ತಿಗಳಲ್ಲಿ ಒಬ್ಬನು. ಬೀರಬಲ್ಲನು ಅಕ್ಬರ್‌ ಚಕ್ರವರ್ತಿಯ ಮಂತ್ರಿ, ಆಪ್ತ ಸಲಹೆಗಾರ ಮತ್ತು ಸೇನಾಪತಿಯಾಗಿದ್ದನು. ಅವನು ತನ್ನ ಬುದ್ಧಿವಂತಿಕೆ ಮತ್ತು ಹಾಸ್ಯ ಪ್ರವೃತ್ತಿಗೆ ಹೆಸರುವಾಸಿಯಾಗಿದ್ದನು. ಒಮ್ಮೆ ರಾಮು ಮತ್ತು ಶಾಮು ಎಂಬ ಇಬ್ಬರು ರೈತರು ನ್ಯಾಯವನ್ನು ಕೋರಿ ಬೀರಬಲ್ಲನ ಹತ್ತಿರ ಬಂದರು. ಶಾಮು: ಹುಜೂರ್! ನನ್ನ ಶೋಟದ ಅಂಚಿನಲ್ಲಿ ಓಂದು ಮಾವಿನ ಮರವಿದೆ. ಅದು ಯಾವಾಗಲೂ ನನಗೆ ಸೇರಿತ್ತು. ಅದು ಸಸಿ ಆಗಿದ್ದ ಸಮಯದಿಂದ ಈವರೆಗೂ ಅದಕ್ಕೆ ನೀರೆರೆದು ಪೋಷಿಸಿದ್ದೇನೆ. ಅದರಲ್ಲಿಯ ಹಣ್ಣು ಬಿಡಲು ಪ್ರಾರಂಭವಾಗಿದೆ. ಆದರೆ, ಈಗ ರಾಮು ಆ ಮರವನ್ನು ತನ್ನದು ಎಂದು ಹೇಳುತ್ತಿದ್ದಾನೆ. ರಾಮು: ಇಲ್ಲ ಹುಜೂರ್‌! ಆ ಮಾವಿನ ಮರ ನನಗೆ ಸೇರಿದ್ದು, ಇವನು ಸುಳ್ಳು ಹೇಳುತ್ತಿದ್ದಾನೆ. ಬೀರಬಲ್ಲ: (ಒಂದು ಕ್ಷಣ ಯೋಚಿಸಿ) ಆ ಮಾವಿನ ಮರವು ನಿಮ್ಮಿಬ್ಬರಿಗೂ ಸೇರಿರಲು ಸಾಧ್ಯವಿಲ್ಲ. ಈ ವಿವಾದವನ್ನು ಬಗೆಹರಿಸಲು ನನಗೆ ಕಪ್ಪವಾಗುತ್ತಿದೆ. ಹಾಗಾಗಿ ಆ ಮರದ ಮಾವಿನಹಣ್ಣನ್ನು ಕಿತ್ತು ನಿಮ್ಮಿಬ್ಬರ ನಡುವೆ ಸಮನಾಗಿ ಹಂಚಲು ನಾನು ಆದೇಶಿಸುತ್ತೇನೆ ಮತ್ತು ಮರವನ್ನು ಕತ್ತರಿಸಿ, ಅದರ ರೆಂಬೆ ಕೊಂಬೆಗಳನ್ನೂ ನಿಮ್ಮಿಬ್ಬರಿಗೆ ಸಮನಾಗಿ ಹಂಚಲಾಗುವುದು ಎಂದು ಹೇಳಿದನು.",0.739,0.261,0.0,0.846,0.971,0.842,0.158,0.006,0.831,0.956,0.714,0.286,0.003,0.87,0.97
28,"ಅಕ್ಬರ್ ಭಾರಥಧ ಇಥಿಹಾಸಧಲ್ಳಿನ ಪ್ರಸಿದ್ಧ ಚಕ್ರವರ್ಥಿಗಳಳ್ಲಿ ಒಬ್ಭನು. ಬೀರಬಲ್ಲನು ಆಕ್ಬರ್‌ ಚಕ್ರವರ್ತಿಯ ಮಂಥ್ರಿ, ಆಪ್ತ ಸಲಹೆಗಾರ ಮತ್ಥು ಸೇನಾಪತಿಯಾಗಿಧ್ದನು. ಆವಣು ತನ್ಣ ಬುದ್ಧಿವಂತಿಕೆ ಮತ್ತು ಹಾಶ್ಯ ಪ್ರವೃತ್ತಿಗೆ ಹಸರುವಾಸಿಯಾಗಿದ್ದನು. ಒಮ್ಮೆ ರಾಮು ಮತ್ಥು ಶಾಮು ಎಂಭ ಇಬ್ಬರು ರೈಥರು ಣ್ಯಾಯವನ್ನು ಕೋರಿ ಬೀರಭಲ್ಲಣ ಹತ್ಥಿರ ಭಂಧರು. ಶಾಮು: ಹುಝೂರ್! ನಣ್ನ ಸೋಠಧ ಅಂಚಿಣಳ್ಳಿ ಓಂಧು ಮಾವಿನ ಮರವಿದೆ. ಆದು ಯಾವಾಗಲೂ ನನಗೆ ಶೇರಿಥ್ತು. ಅದು ಸಸಿ ಆಗಿದ್ದ ಸಮಯದಿಂದ ಈವರೆಗೂ ಅದಕ್ಕೆ ನೀರೆರೆಧು ಫೋಷಿಶಿದ್ದೇನೆ. ಆಧರಲ್ಲಿಯ ಹನ್ಣು ಬಿಡಲು ಫ್ರಾರಂಭವಾಗಿದೆ. ಆದರೆ, ಈಘ ರಾಮು ಆ ಮರವನ್ನು ತನ್ನದು ಏಂದು ಹೇಳುತ್ಥಿದ್ದಾನೆ. ರಾಮು: ಇಲ್ಳ ಹುಜೂರ್‌! ಆ ಮಾವಿನ ಮರ ನನಘೆ ಸೇರಿದ್ದು, ಈವನು ಸುಳ್ಲು ಹೇಳುಥ್ತಿದ್ದಾಣೆ. ಬೀರಬಲ್ಲ: (ಒಂದು ಕ್ಷಣ ಯೋಚಿಸಿ) ಅ ಮಾವಿನ ಮರವು ಣಿಮ್ಮಿಬ್ಬರಿಗೂ ಸೇರಿರಲು ಶಾಧ್ಯವಿಲ್ಲ. ಈ ವಿವಾದವನ್ನು ಬಗೆಹರಿಶಲು ನನಗೆ ಕಪ್ಫವಾಘುಥ್ತಿದೆ. ಹಾಗಾಗಿ ಅ ಮರದ ಮಾವಿನಹಣ್ಣನ್ನು ಕಿತ್ಥು ನಿಮ್ಮಿಬ್ಬರ ನಡುವೆ ಸಮನಾಗಿ ಹಂಚಲು ನಾನು ಆದೇಶಿಸುತ್ಥೇನೆ ಮತ್ಥು ಮರವನ್ನು ಕತ್ತರಿಸಿ, ಅಧರ ರೆಂಭೆ ಕೊಂಭೆಗಳಣ್ನೂ ನಿಮ್ಮಿಬ್ಭರಿಘೆ ಸಮನಾಗಿ ಹಂಚಲಾಗುವುದು ಎಂದು ಹೇಳಿಧನು.",akbar_birbal,"ಅಕ್ಬರ್ ಭಾರತದ ಇತಿಹಾಸದಲ್ಲಿನ ಪ್ರಸಿದ್ಧ ಚಕ್ರವರ್ತಿಗಳಲ್ಲಿ ಒಬ್ಬನು. ಬೀರಬಲ್ಲನು ಅಕ್ಬರ್‌ ಚಕ್ರವರ್ತಿಯ ಮಂತ್ರಿ, ಆಪ್ತ ಸಲಹೆಗಾರ ಮತ್ತು ಸೇನಾಪತಿಯಾಗಿದ್ದನು. ಅವನು ತನ್ನ ಬುದ್ಧಿವಂತಿಕೆ ಮತ್ತು ಹಾಸ್ಯ ಪ್ರವೃತ್ತಿಗೆ ಹೆಸರುವಾಸಿಯಾಗಿದ್ದನು. ಒಮ್ಮೆ ರಾಮು ಮತ್ತು ಶಾಮು ಎಂಬ ಇಬ್ಬರು ರೈತರು ನ್ಯಾಯವನ್ನು ಕೋರಿ ಬೀರಬಲ್ಲನ ಹತ್ತಿರ ಬಂದರು. ಶಾಮು: ಹುಜೂರ್! ನನ್ನ ಶೋಟದ ಅಂಚಿನಲ್ಲಿ ಓಂದು ಮಾವಿನ ಮರವಿದೆ. ಅದು ಯಾವಾಗಲೂ ನನಗೆ ಸೇರಿತ್ತು. ಅದು ಸಸಿ ಆಗಿದ್ದ ಸಮಯದಿಂದ ಈವರೆಗೂ ಅದಕ್ಕೆ ನೀರೆರೆದು ಪೋಷಿಸಿದ್ದೇನೆ. ಅದರಲ್ಲಿಯ ಹಣ್ಣು ಬಿಡಲು ಪ್ರಾರಂಭವಾಗಿದೆ. ಆದರೆ, ಈಗ ರಾಮು ಆ ಮರವನ್ನು ತನ್ನದು ಎಂದು ಹೇಳುತ್ತಿದ್ದಾನೆ. ರಾಮು: ಇಲ್ಲ ಹುಜೂರ್‌! ಆ ಮಾವಿನ ಮರ ನನಗೆ ಸೇರಿದ್ದು, ಇವನು ಸುಳ್ಳು ಹೇಳುತ್ತಿದ್ದಾನೆ. ಬೀರಬಲ್ಲ: (ಒಂದು ಕ್ಷಣ ಯೋಚಿಸಿ) ಆ ಮಾವಿನ ಮರವು ನಿಮ್ಮಿಬ್ಬರಿಗೂ ಸೇರಿರಲು ಸಾಧ್ಯವಿಲ್ಲ. ಈ ವಿವಾದವನ್ನು ಬಗೆಹರಿಸಲು ನನಗೆ ಕಪ್ಪವಾಗುತ್ತಿದೆ. ಹಾಗಾಗಿ ಆ ಮರದ ಮಾವಿನಹಣ್ಣನ್ನು ಕಿತ್ತು ನಿಮ್ಮಿಬ್ಬರ ನಡುವೆ ಸಮನಾಗಿ ಹಂಚಲು ನಾನು ಆದೇಶಿಸುತ್ತೇನೆ ಮತ್ತು ಮರವನ್ನು ಕತ್ತರಿಸಿ, ಅದರ ರೆಂಬೆ ಕೊಂಬೆಗಳನ್ನೂ ನಿಮ್ಮಿಬ್ಬರಿಗೆ ಸಮನಾಗಿ ಹಂಚಲಾಗುವುದು ಎಂದು ಹೇಳಿದನು.",0.657,0.343,0.003,0.855,0.949,0.714,0.286,0.0,0.777,0.898,0.666,0.334,0.0,0.753,0.95
29,"ಅಕ್ಬರ್ ಭಾರಥದ ಇತಿಹಾಸದಲ್ಲಿನ ಫ್ರಸಿದ್ಧ ಚಕ್ರವರ್ಥಿಗಳಲ್ಲಿ ಒಬ್ಬನು. ಬೀರಬಳ್ಲಣು ಅಕ್ಬರ್‌ ಚಖ್ರವರ್ತಿಯ ಮಂತ್ರಿ, ಆಪ್ತ ಸಲಹೆಗಾರ ಮತ್ಥು ಸೇನಾಪಥಿಯಾಗಿದ್ದನು. ಆವನು ತಣ್ನ ಬುದ್ಧಿವಂತಿಕೆ ಮತ್ಥು ಹಾಸ್ಯ ಪ್ರವೃಥ್ತಿಗೆ ಹಸರುವಾಸಿಯಾಗಿದ್ಧನು. ಒಮ್ಮೆ ರಾಮು ಮತ್ತು ಸಾಮು ಎಂಭ ಈಭ್ಬರು ರೈತರು ಣ್ಯಾಯವನ್ನು ಕೋರಿ ಭೀರಭಳ್ಲನ ಹಥ್ತಿರ ಬಂದರು. ಸಾಮು: ಹುಜೂರ್! ನನ್ನ ಶೋಟದ ಅಂಚಿನಲ್ಳಿ ಒಂದು ಮಾವಿಣ ಮರವಿದೆ. ಅದು ಯಾವಾಗಳೂ ನನಘೆ ಸೇರಿಥ್ತು. ಅದು ಸಸಿ ಆಘಿದ್ದ ಸಮಯದಿಂಧ ಈವರೆಗೂ ಆದಖ್ಕೆ ನೀರೆರೆದು ಪೋಷಿಸಿದ್ದೇನೆ. ಆಧರಲ್ಳಿಯ ಹಣ್ಣು ಬಿಡಲು ಪ್ರಾರಂಭವಾಗಿದೆ. ಅದರೆ, ಈಗ ರಾಮು ಆ ಮರವಣ್ನು ತಣ್ನದು ಎಂದು ಹೇಳುತ್ತಿದ್ದಾನೆ. ರಾಮು: ಈಲ್ಲ ಹುಜೂರ್‌! ಆ ಮಾವಿನ ಮರ ನನಗೆ ಸೇರಿದ್ದು, ಇವನು ಸುಳ್ಳು ಹೇಳುತ್ತಿದ್ದಾನೆ. ಭೀರಬಲ್ಲ: (ಒಂದು ಕ್ಷಣ ಯೋಛಿಸಿ) ಅ ಮಾವಿನ ಮರವು ಣಿಮ್ಮಿಬ್ಭರಿಘೂ ಸೇರಿರಲು ಸಾಧ್ಯವಿಲ್ಲ. ಈ ವಿವಾದವನ್ಣು ಬಘೆಹರಿಸಳು ನನಗೆ ಕಪ್ಫವಾಗುತ್ತಿದೆ. ಹಾಘಾಘಿ ಅ ಮರದ ಮಾವಿನಹಣ್ನನ್ನು ಕಿತ್ತು ನಿಮ್ಮಿಬ್ಬರ ಣಡುವೆ ಸಮನಾಗಿ ಹಂಚಲು ನಾಣು ಆದೇಶಿಸುತ್ಥೇಣೆ ಮತ್ತು ಮರವನ್ನು ಕತ್ಥರಿಸಿ, ಅದರ ರೆಂಭೆ ಕೊಂಬೆಗಲನ್ನೂ ನಿಮ್ಮಿಬ್ಭರಿಗೆ ಸಮನಾಗಿ ಹಂಚಲಾಗುವುಧು ಏಂದು ಹೇಲಿದನು.",akbar_birbal,"ಅಕ್ಬರ್ ಭಾರತದ ಇತಿಹಾಸದಲ್ಲಿನ ಪ್ರಸಿದ್ಧ ಚಕ್ರವರ್ತಿಗಳಲ್ಲಿ ಒಬ್ಬನು. ಬೀರಬಲ್ಲನು ಅಕ್ಬರ್‌ ಚಕ್ರವರ್ತಿಯ ಮಂತ್ರಿ, ಆಪ್ತ ಸಲಹೆಗಾರ ಮತ್ತು ಸೇನಾಪತಿಯಾಗಿದ್ದನು. ಅವನು ತನ್ನ ಬುದ್ಧಿವಂತಿಕೆ ಮತ್ತು ಹಾಸ್ಯ ಪ್ರವೃತ್ತಿಗೆ ಹೆಸರುವಾಸಿಯಾಗಿದ್ದನು. ಒಮ್ಮೆ ರಾಮು ಮತ್ತು ಶಾಮು ಎಂಬ ಇಬ್ಬರು ರೈತರು ನ್ಯಾಯವನ್ನು ಕೋರಿ ಬೀರಬಲ್ಲನ ಹತ್ತಿರ ಬಂದರು. ಶಾಮು: ಹುಜೂರ್! ನನ್ನ ಶೋಟದ ಅಂಚಿನಲ್ಲಿ ಓಂದು ಮಾವಿನ ಮರವಿದೆ. ಅದು ಯಾವಾಗಲೂ ನನಗೆ ಸೇರಿತ್ತು. ಅದು ಸಸಿ ಆಗಿದ್ದ ಸಮಯದಿಂದ ಈವರೆಗೂ ಅದಕ್ಕೆ ನೀರೆರೆದು ಪೋಷಿಸಿದ್ದೇನೆ. ಅದರಲ್ಲಿಯ ಹಣ್ಣು ಬಿಡಲು ಪ್ರಾರಂಭವಾಗಿದೆ. ಆದರೆ, ಈಗ ರಾಮು ಆ ಮರವನ್ನು ತನ್ನದು ಎಂದು ಹೇಳುತ್ತಿದ್ದಾನೆ. ರಾಮು: ಇಲ್ಲ ಹುಜೂರ್‌! ಆ ಮಾವಿನ ಮರ ನನಗೆ ಸೇರಿದ್ದು, ಇವನು ಸುಳ್ಳು ಹೇಳುತ್ತಿದ್ದಾನೆ. ಬೀರಬಲ್ಲ: (ಒಂದು ಕ್ಷಣ ಯೋಚಿಸಿ) ಆ ಮಾವಿನ ಮರವು ನಿಮ್ಮಿಬ್ಬರಿಗೂ ಸೇರಿರಲು ಸಾಧ್ಯವಿಲ್ಲ. ಈ ವಿವಾದವನ್ನು ಬಗೆಹರಿಸಲು ನನಗೆ ಕಪ್ಪವಾಗುತ್ತಿದೆ. ಹಾಗಾಗಿ ಆ ಮರದ ಮಾವಿನಹಣ್ಣನ್ನು ಕಿತ್ತು ನಿಮ್ಮಿಬ್ಬರ ನಡುವೆ ಸಮನಾಗಿ ಹಂಚಲು ನಾನು ಆದೇಶಿಸುತ್ತೇನೆ ಮತ್ತು ಮರವನ್ನು ಕತ್ತರಿಸಿ, ಅದರ ರೆಂಬೆ ಕೊಂಬೆಗಳನ್ನೂ ನಿಮ್ಮಿಬ್ಬರಿಗೆ ಸಮನಾಗಿ ಹಂಚಲಾಗುವುದು ಎಂದು ಹೇಳಿದನು.",0.67,0.33,0.003,0.852,0.953,0.716,0.284,0.0,0.898,0.908,0.726,0.274,0.0,0.856,0.972
30,"ಅಕ್ಭರ್ ಭಾರತದ ಈಥಿಹಾಸದಳ್ಲಿನ ಪ್ರಸಿದ್ಧ ಚಕ್ರವರ್ಥಿಗಳಲ್ಲಿ ಒಬ್ಬನು. ಬೀರಬಲ್ಲಣು ಅಖ್ಬರ್‌ ಚಖ್ರವರ್ತಿಯ ಮಂತ್ರಿ, ಆಫ್ತ ಸಲಹೆಗಾರ ಮಥ್ಥು ಸೇನಾಪತಿಯಾಗಿದ್ದನು. ಅವನು ತನ್ನ ಬುದ್ಧಿವಂತಿಖೆ ಮಥ್ತು ಹಾಸ್ಯ ಫ್ರವೃತ್ಥಿಗೆ ಹಸರುವಾಶಿಯಾಗಿಧ್ದನು. ಓಮ್ಮೆ ರಾಮು ಮಥ್ತು ಸಾಮು ಎಂಬ ಇಬ್ಬರು ರೈಥರು ನ್ಯಾಯವನ್ನು ಕೋರಿ ಬೀರಬಲ್ಲನ ಹಥ್ತಿರ ಬಂದರು. ಶಾಮು: ಹುಜೂರ್! ನಣ್ನ ಶೋಟದ ಅಂಚಿನಳ್ಲಿ ಓಂದು ಮಾವಿನ ಮರವಿದೆ. ಅದು ಯಾವಾಗಲೂ ಣಣಗೆ ಸೇರಿತ್ತು. ಅದು ಸಶಿ ಆಗಿದ್ದ ಶಮಯಧಿಂಧ ಈವರೆಗೂ ಆದಕ್ಖೆ ನೀರೆರೆಧು ಪೋಷಿಸಿದ್ದೇನೆ. ಅದರಲ್ಲಿಯ ಹಣ್ಣು ಬಿಡಳು ಪ್ರಾರಂಭವಾಗಿದೆ. ಆಧರೆ, ಈಗ ರಾಮು ಆ ಮರವನ್ನು ಥನ್ನದು ಎಂದು ಹೇಳುಥ್ತಿದ್ದಾನೆ. ರಾಮು: ಇಲ್ಲ ಹುಜೂರ್‌! ಆ ಮಾವಿನ ಮರ ನನಘೆ ಸೇರಿದ್ದು, ಇವಣು ಸುಳ್ಲು ಹೇಳುತ್ತಿದ್ದಾನೆ. ಬೀರಭಲ್ಲ: (ಒಂದು ಕ್ಷಣ ಯೋಛಿಶಿ) ಅ ಮಾವಿನ ಮರವು ನಿಮ್ಮಿಬ್ಭರಿಗೂ ಸೇರಿರಲು ಸಾಧ್ಯವಿಲ್ಳ. ಈ ವಿವಾದವಣ್ನು ಭಘೆಹರಿಸಲು ಣನಗೆ ಕಪ್ಪವಾಗುತ್ಥಿದೆ. ಹಾಗಾಗಿ ಆ ಮರದ ಮಾವಿನಹನ್ಣನ್ಣು ಕಿಥ್ಥು ಣಿಮ್ಮಿಬ್ಬರ ನಡುವೆ ಸಮನಾಗಿ ಹಂಚಳು ನಾನು ಆದೇಶಿಸುತ್ತೇನೆ ಮಥ್ತು ಮರವಣ್ನು ಖತ್ತರಿಸಿ, ಆಧರ ರೆಂಬೆ ಖೊಂಬೆಗಳಣ್ನೂ ನಿಮ್ಮಿಬ್ಭರಿಗೆ ಸಮಣಾಗಿ ಹಂಚಲಾಗುವುದು ಎಂದು ಹೇಳಿದನು.",akbar_birbal,"ಅಕ್ಬರ್ ಭಾರತದ ಇತಿಹಾಸದಲ್ಲಿನ ಪ್ರಸಿದ್ಧ ಚಕ್ರವರ್ತಿಗಳಲ್ಲಿ ಒಬ್ಬನು. ಬೀರಬಲ್ಲನು ಅಕ್ಬರ್‌ ಚಕ್ರವರ್ತಿಯ ಮಂತ್ರಿ, ಆಪ್ತ ಸಲಹೆಗಾರ ಮತ್ತು ಸೇನಾಪತಿಯಾಗಿದ್ದನು. ಅವನು ತನ್ನ ಬುದ್ಧಿವಂತಿಕೆ ಮತ್ತು ಹಾಸ್ಯ ಪ್ರವೃತ್ತಿಗೆ ಹೆಸರುವಾಸಿಯಾಗಿದ್ದನು. ಒಮ್ಮೆ ರಾಮು ಮತ್ತು ಶಾಮು ಎಂಬ ಇಬ್ಬರು ರೈತರು ನ್ಯಾಯವನ್ನು ಕೋರಿ ಬೀರಬಲ್ಲನ ಹತ್ತಿರ ಬಂದರು. ಶಾಮು: ಹುಜೂರ್! ನನ್ನ ಶೋಟದ ಅಂಚಿನಲ್ಲಿ ಓಂದು ಮಾವಿನ ಮರವಿದೆ. ಅದು ಯಾವಾಗಲೂ ನನಗೆ ಸೇರಿತ್ತು. ಅದು ಸಸಿ ಆಗಿದ್ದ ಸಮಯದಿಂದ ಈವರೆಗೂ ಅದಕ್ಕೆ ನೀರೆರೆದು ಪೋಷಿಸಿದ್ದೇನೆ. ಅದರಲ್ಲಿಯ ಹಣ್ಣು ಬಿಡಲು ಪ್ರಾರಂಭವಾಗಿದೆ. ಆದರೆ, ಈಗ ರಾಮು ಆ ಮರವನ್ನು ತನ್ನದು ಎಂದು ಹೇಳುತ್ತಿದ್ದಾನೆ. ರಾಮು: ಇಲ್ಲ ಹುಜೂರ್‌! ಆ ಮಾವಿನ ಮರ ನನಗೆ ಸೇರಿದ್ದು, ಇವನು ಸುಳ್ಳು ಹೇಳುತ್ತಿದ್ದಾನೆ. ಬೀರಬಲ್ಲ: (ಒಂದು ಕ್ಷಣ ಯೋಚಿಸಿ) ಆ ಮಾವಿನ ಮರವು ನಿಮ್ಮಿಬ್ಬರಿಗೂ ಸೇರಿರಲು ಸಾಧ್ಯವಿಲ್ಲ. ಈ ವಿವಾದವನ್ನು ಬಗೆಹರಿಸಲು ನನಗೆ ಕಪ್ಪವಾಗುತ್ತಿದೆ. ಹಾಗಾಗಿ ಆ ಮರದ ಮಾವಿನಹಣ್ಣನ್ನು ಕಿತ್ತು ನಿಮ್ಮಿಬ್ಬರ ನಡುವೆ ಸಮನಾಗಿ ಹಂಚಲು ನಾನು ಆದೇಶಿಸುತ್ತೇನೆ ಮತ್ತು ಮರವನ್ನು ಕತ್ತರಿಸಿ, ಅದರ ರೆಂಬೆ ಕೊಂಬೆಗಳನ್ನೂ ನಿಮ್ಮಿಬ್ಬರಿಗೆ ಸಮನಾಗಿ ಹಂಚಲಾಗುವುದು ಎಂದು ಹೇಳಿದನು.",0.664,0.336,0.003,0.734,0.945,0.812,0.188,0.0,0.796,0.946,0.644,0.356,0.0,0.887,0.949
1,"ಖರ್ನಾಠಕದ ಭೆಳಗಾವಿ ಝಿಲ್ಲೆಯಲ್ಲಿ ಕಿಥ್ತೂರು ಒಂದು ಫ್ರಾಂತ್ಯ: ಸುಮಾರು ೨೮೦ ವರ್ಷಗಳ ಹಿಂದೆ ಮಲ್ಲಸರ್ಜ ಎಂಬುವನು ಇಲ್ಲಿಯ ರಾಜನಾಘಿದ್ದನು. ಅವನ ಹೆಂಡತಿ ರಾಣಿ ಚೆಣ್ಣಮ್ಮ ಆಗ ಭಾರತ ಧೇಶವು ಬ್ರಿಟಿಷರ ಆಲ್ವಿಕೆಯಲ್ಳಿ ಇತ್ಥು ಖಿತ್ತೂರಿಣ ರಾಝ್ಯವು ಬಹಲ ಸಮೃದ್ಧವಾಗಿದ್ದು, ಅದರ ಮೇಲೆ ಬ್ರಿಟಿಷರಿಗೆ ಕಣ್ನಿಥ್ಥು. ಆವರು ಹೇಗಾದರೂ ಮಾಢಿ ಕಿತ್ತೂರಣ್ನು ಥಮ್ಮ ವಶಕ್ಕೆ ಥೆಗೆದುಖೊಲ್ಳಬೇಕೆಂದು ಹೊಂಚು ಹಾಖುಥ್ತಿಧ್ದರು. ಹೀಗಿರುವಾಗ, ದುರದೃಷ್ಠವಸಾತ್‌ ರಾಜ ಮಲ್ಪಸರ್ಜನು ಅನಾರೋಘ್ಯದಿಂದ ಶಾವಣ್ನಪ್ಫಿದನು. ಆಗ ಕಿತ್ಥೂರಿಗೆ ರಾಜನಿಲ್ಲಧಂತಾಯಿತು. ತನ್ನ ರಾಜ್ಯ ಬ್ರಿಠಿಷರ ಪಾಲಾಗಬಾರದೆಂದು ಚೆನ್ನಮ್ಮ ದತ್ತು ಮಗನನ್ನು ಪಡೆದುಕೊಂಡು, ಅವನನ್ನೇ ರಾಜನೆಂದು ಘೋಷಿಸಿ ರಾಜ್ಯಬಾರ ಮಾಡಥೊಢಗಿಧಲು. ಆದರೆ ಬ್ರಿಟಿಷರು “ದತ್ತು ಮಕ್ಕಳಿಘೆ ಹಕ್ಕಿಲ್ಲ” ಎಂಬ ಖಾಣೂನನ್ನು ಜಾರಿಘೆ ತಂದಿದ್ದ ರು. ಇ ಕಾನೂನಿನಂಥೆ ಕಿತ್ತೂರಿಘೆ ಯಾವ ರಾಜನೂ ಇಲ್ಳವೆಂಧೂ, ಆದನ್ನು 'ಬ್ರಿಟಿಷರಿಗೆ ಒಪ್ಪಿಸಬೇಕು” ಎಂದು ಚೆನ್ಣಮ್ಮನಿಘೆ ವಿಚಾರ ಖಳುಹಿಸಿದರು. ಆದರೆ ಛೆನ್ನಮ್ಮ ಅದಕ್ಕೆ ಓಪ್ಫಲಿಲ್ಲ. ಖೋಪಗೊಂಡ ಬ್ರಿಟಿಷರು ಕಿತ್ತೂರಿನ ಮೇಲೆ ದಾಳಿ ಮಾಡಿದರು.",kitturu_chennamma,"ಕರ್ನಾಟಕದ ಬೆಳಗಾವಿ ಜಿಲ್ಲೆಯಲ್ಲಿ ಕಿತ್ತೂರು ಒಂದು ಪ್ರಾಂತ್ಯ: ಸುಮಾರು ೨೮೦ ವರ್ಷಗಳ ಹಿಂದೆ ಮಲ್ಲಸರ್ಜ ಎಂಬುವನು ಇಲ್ಲಿಯ ರಾಜನಾಗಿದ್ದನು. ಅವನ ಹೆಂಡತಿ ರಾಣಿ ಚೆನ್ನಮ್ಮ ಆಗ ಭಾರತ ದೇಶವು ಬ್ರಿಟಿಷರ ಆಳ್ವಿಕೆಯಲ್ಲಿ ಇತ್ತು ಕಿತ್ತೂರಿನ ರಾಜ್ಯವು ಬಹಳ ಸಮೃದ್ಧವಾಗಿದ್ದು, ಅದರ ಮೇಲೆ ಬ್ರಿಟಿಷರಿಗೆ ಕಣ್ಣಿತ್ತು. ಅವರು ಹೇಗಾದರೂ ಮಾಡಿ ಕಿತ್ತೂರನ್ನು ತಮ್ಮ ವಶಕ್ಕೆ ತೆಗೆದುಕೊಳ್ಳಬೇಕೆಂದು ಹೊಂಚು ಹಾಕುತ್ತಿದ್ದರು. ಹೀಗಿರುವಾಗ, ದುರದೃಷ್ಟವಶಾತ್‌ ರಾಜ ಮಲ್ಪಸರ್ಜನು ಅನಾರೋಗ್ಯದಿಂದ ಸಾವನ್ನಪ್ಪಿದನು. ಆಗ ಕಿತ್ತೂರಿಗೆ ರಾಜನಿಲ್ಲದಂತಾಯಿತು. ತನ್ನ ರಾಜ್ಯ ಬ್ರಿಟಿಷರ ಪಾಲಾಗಬಾರದೆಂದು ಚೆನ್ನಮ್ಮ ದತ್ತು ಮಗನನ್ನು ಪಡೆದುಕೊಂಡು, ಅವನನ್ನೇ ರಾಜನೆಂದು ಘೋಷಿಸಿ ರಾಜ್ಯಭಾರ ಮಾಡತೊಡಗಿದಳು. ಆದರೆ ಬ್ರಿಟಿಷರು “ದತ್ತು ಮಕ್ಕಳಿಗೆ ಹಕ್ಕಿಲ್ಲ” ಎಂಬ ಕಾನೂನನ್ನು ಜಾರಿಗೆ ತಂದಿದ್ದ ರು. ಈ ಕಾನೂನಿನಂತೆ ಕಿತ್ತೂರಿಗೆ ಯಾವ ರಾಜನೂ ಇಲ್ಲವೆಂದೂ, ಅದನ್ನು 'ಬ್ರಿಟಿಷರಿಗೆ ಒಪ್ಪಿಸಬೇಕು” ಎಂದು ಚೆನ್ನಮ್ಮನಿಗೆ ಸಂದೇಶ ಕಳುಹಿಸಿದರು. ಆದರೆ ಚೆನ್ನಮ್ಮ ಅದಕ್ಕೆ ಒಪ್ಪಲಿಲ್ಲ. ಕೋಪಗೊಂಡ ಬ್ರಿಟಿಷರು ಕಿತ್ತೂರಿನ ಮೇಲೆ ದಾಳಿ ಮಾಡಿದರು.",0.612,0.388,0.0,0.87,0.933,0.813,0.187,0.0,0.763,0.945,0.176,0.824,0.779,0.721,0.072
2,"ಕರ್ನಾಟಕದ ಬೆಳಗಾವಿ ಜಿಲ್ಲೆಯಲ್ಳಿ ಕಿತ್ತೂರು ಒಂದು ಪ್ರಾಂತ್ಯ: ಸುಮಾರು ೨೮೦ ವರ್ಷಗಳ ಹಿಂದೆ ಮಲ್ಲಸರ್ಜ ಎಂಬುವನು ಇಲ್ಳಿಯ ರಾಜನಾಗಿದ್ಧಣು. ಆವನ ಹೆಂಡಥಿ ರಾಣಿ ಚೆನಮ್ಮ ಆಗ ಭಾರಥ ದೇಸವು ಬ್ರಿಟಿಷರ ಅಲ್ವಿಕೆಯಲ್ಲಿ ಇತ್ಥು ಕಿತ್ತೂರಲ್ಲಿ ರಾಜ್ಯವು ಭಹಳ ಸಮೃದ್ಧವಾಗಿಧ್ದು, ಅದರ ಅದರ ಮೇಳೆ ಬ್ರಿಟಿಷರಿಗೆ ಕಣ್ನಿಥ್ಥು. ಆವರು ಹೇಗಾಧರೂ ಮಾಡಿ ಖಿತ್ಥೂರನ್ನು ತಮ್ಮ ವಶಕ್ಕೆ ಥೆಗೆದುಕೊಳ್ಲಬೇಕೆಂಧು ಹೊಂಚು ಹಾಕುಥ್ತಿದ್ದರು. ಹೀಗಿರುವಾಗ, ದುರಧೃಷ್ಠವಶಾಥ್‌ ರಾಜ ಮಳ್ಫಸರ್ಜನು ಅನಾರೋಘ್ಯದಿಂದ ಸಾವನ್ನಪ್ಫಿದಣು. ಆಗ ಕಿಥ್ಥೂರಿಗೆ ರಾಜನಿಲ್ಲದಂತಾಯಿಥು. ತನ್ನ ರಾಝ್ಯ ಬ್ರಿಟಿಷರ ಪಾಲಾಗಭಾರದೆಂಧು ಛೆನ್ನಮ್ಮ ದಥ್ತು ಮಘನನ್ನು ಪಡೆದುಖೊಂಡು, ಅವನನ್ಣೇ ರಾಜನೆಂದು ಘೋಷಿಸಿ ರಾಜ್ಯಭಾರ ಮಾಡತೊಡಗಿದಳು. ಆಧರೆ ಬ್ರಿಟಿಷರು “ಧಥ್ತು ಮಕ್ಖಲಿಗೆ ಹಕ್ಕಿಲ್ಲ” ಏಂಬ ಕಾನೂನನ್ಣು ಜಾರಿಗೆ ತಂದಿದ್ದ ರು. ಇ ಕಾನೂನಿನಂಥೆ ಖಿತ್ತೂರಿಗೆ ಯಾವ ರಾಜನೂ ಇಲ್ಲವೆಂದೂ, ಅದನ್ನು 'ಬ್ರಿಟಿಷರಿಗೆ ಒಪ್ಪಿಸಬೇಖು” ಎಂದು ಛೆನ್ನಮ್ಮನಿಗೆ ಶಂದೇಶ ಕಳುಹಿಸಿದರು. ಅದರೆ ಚೆನಮ್ಮ ಅದಕ್ಖೆ ಏಕವಲ್ಲ. ಕೋಪಗೊಂಡ ಬ್ರಿಟಿಷರು ಕಿತ್ಥೂರಿನ ಮೇಲೆ ದಾಳಿ ಮಾಡಿದರು.",kitturu_chennamma,"ಕರ್ನಾಟಕದ ಬೆಳಗಾವಿ ಜಿಲ್ಲೆಯಲ್ಲಿ ಕಿತ್ತೂರು ಒಂದು ಪ್ರಾಂತ್ಯ: ಸುಮಾರು ೨೮೦ ವರ್ಷಗಳ ಹಿಂದೆ ಮಲ್ಲಸರ್ಜ ಎಂಬುವನು ಇಲ್ಲಿಯ ರಾಜನಾಗಿದ್ದನು. ಅವನ ಹೆಂಡತಿ ರಾಣಿ ಚೆನ್ನಮ್ಮ ಆಗ ಭಾರತ ದೇಶವು ಬ್ರಿಟಿಷರ ಆಳ್ವಿಕೆಯಲ್ಲಿ ಇತ್ತು ಕಿತ್ತೂರಿನ ರಾಜ್ಯವು ಬಹಳ ಸಮೃದ್ಧವಾಗಿದ್ದು, ಅದರ ಮೇಲೆ ಬ್ರಿಟಿಷರಿಗೆ ಕಣ್ಣಿತ್ತು. ಅವರು ಹೇಗಾದರೂ ಮಾಡಿ ಕಿತ್ತೂರನ್ನು ತಮ್ಮ ವಶಕ್ಕೆ ತೆಗೆದುಕೊಳ್ಳಬೇಕೆಂದು ಹೊಂಚು ಹಾಕುತ್ತಿದ್ದರು. ಹೀಗಿರುವಾಗ, ದುರದೃಷ್ಟವಶಾತ್‌ ರಾಜ ಮಲ್ಪಸರ್ಜನು ಅನಾರೋಗ್ಯದಿಂದ ಸಾವನ್ನಪ್ಪಿದನು. ಆಗ ಕಿತ್ತೂರಿಗೆ ರಾಜನಿಲ್ಲದಂತಾಯಿತು. ತನ್ನ ರಾಜ್ಯ ಬ್ರಿಟಿಷರ ಪಾಲಾಗಬಾರದೆಂದು ಚೆನ್ನಮ್ಮ ದತ್ತು ಮಗನನ್ನು ಪಡೆದುಕೊಂಡು, ಅವನನ್ನೇ ರಾಜನೆಂದು ಘೋಷಿಸಿ ರಾಜ್ಯಭಾರ ಮಾಡತೊಡಗಿದಳು. ಆದರೆ ಬ್ರಿಟಿಷರು “ದತ್ತು ಮಕ್ಕಳಿಗೆ ಹಕ್ಕಿಲ್ಲ” ಎಂಬ ಕಾನೂನನ್ನು ಜಾರಿಗೆ ತಂದಿದ್ದ ರು. ಈ ಕಾನೂನಿನಂತೆ ಕಿತ್ತೂರಿಗೆ ಯಾವ ರಾಜನೂ ಇಲ್ಲವೆಂದೂ, ಅದನ್ನು 'ಬ್ರಿಟಿಷರಿಗೆ ಒಪ್ಪಿಸಬೇಕು” ಎಂದು ಚೆನ್ನಮ್ಮನಿಗೆ ಸಂದೇಶ ಕಳುಹಿಸಿದರು. ಆದರೆ ಚೆನ್ನಮ್ಮ ಅದಕ್ಕೆ ಒಪ್ಪಲಿಲ್ಲ. ಕೋಪಗೊಂಡ ಬ್ರಿಟಿಷರು ಕಿತ್ತೂರಿನ ಮೇಲೆ ದಾಳಿ ಮಾಡಿದರು.",0.599,0.401,0.01,0.876,0.927,0.827,0.173,0.002,0.895,0.954,0.155,0.845,0.776,0.872,0.072
3,"ಕರ್ನಾಠಕದ ಬೆಲಗಾವಿ ಝಿಲ್ಲೆಯಲ್ಲಿ ಕಿಥ್ಥೂರು ಒಂದು ಪ್ರಾಂತ್ಯ: ಸುಮಾರು ೨೮೦ ವರ್ಷಗಲ ಹಿಂದೆ ಮಲ್ಲಸರ್ಜ ಎಂಬುವಣು ಈಲ್ಲಿಯ ರಾಝಣಾಗಿದ್ದನು. ಅವನ ಹೆಂಡತಿ ರಾಣಿ ಚೆನ್ನಮ್ಮ ಆಗ ಬಾರತ ದೇಸವು ಬ್ರಿಟಿಷರ ಆಲ್ವಿಕೆಯಲ್ಲಿ ಇಥ್ತು ಖಿತ್ಥೂರಿನ ರಾಝ್ಯವು ಬಹಳ ಸಮೃದ್ಧವಾಗಿಧ್ದು, ಅದರ ಮೇಲೆ ಬ್ರಿಟಿಷರಿಗೆ ಕಣ್ಣಿತ್ತು. ಆವರು ಹೇಗಾದರೂ ಮಾಢಿ ಕಿಥ್ತೂರನ್ನು ತಮ್ಮ ವಸಖ್ಕೆ ತೆಗೆದುಖೊಲ್ಳಬೇಖೆಂದು ಹೊಂಚು ಹಾಖುತ್ತಿದ್ದರು. ಹೀಘಿರುವಾಗ, ದುರಧೃಷ್ಟವಶಾತ್‌ ರಾಜ ಮಲ್ಪಸರ್ಝನು ಆನಾರೋಗ್ಯದಿಂದ ಸಾವನ್ನಪ್ಪಿದಣು. ಆಗ ಖಿತ್ತೂರಿಗೆ ರಾಜನಿಲ್ಲಧಂತಾಯಿಥು. ಥನ್ಣ ರಾಜ್ಯ ಬ್ರಿಟಿಷರ ಪಾಲಾಗಬಾರದೆಂದು ಚೆಣ್ನಮ್ಮ ಧತ್ತು ಮಘನಣ್ಣು ಫಡೆದುಕೊಂಡು, ಆವನನ್ಣೇ ರಾಝನೆಂದು ಗೋಷಿಸಿ ರಾಜ್ಯಭಾರ ಮಾಡತೊಡಘಿದಲು. ಆದರೆ ಬ್ರಿಟಿಷರು “ಧಥ್ತು ಮಖ್ಖಳಿಗೆ ಹಖ್ಕಿಳ್ಲ” ಎಂಬ ಕಾನೂನನ್ಣು ಜಾರಿಘೆ ತಂದಿಧ್ದ ರು. ಈ ಕಾನೂನಿನಂತೆ ಕಿತ್ತೂರಿಘೆ ಯಾವ ರಾಜನೂ ಇಲ್ಲವೆಂದೂ, ಅದನ್ನು 'ಬ್ರಿಟಿಷರಿಗೆ ಒಪ್ಫಿಸಬೇಖು” ಏಂದು ಚೆನ್ನಮ್ಮನಿಗೆ ಸಂದೇಶ ಖಳುಹಿಸಿದರು. ಖಳುಹಿಸಿದರು. ಆದರೆ ಚೆನ್ಣಮ್ಮ ಅಧಖ್ಖೆ ಒಪ್ಪಳಿಲ್ಲ. ಕೋಪಘೊಂಡ ಭ್ರಿಟಿಷರು ಖಿತ್ತೂರಿನ ಮೇಲೆ ದಾಳಿ ಮಾಡಿದರು.",kitturu_chennamma,"ಕರ್ನಾಟಕದ ಬೆಳಗಾವಿ ಜಿಲ್ಲೆಯಲ್ಲಿ ಕಿತ್ತೂರು ಒಂದು ಪ್ರಾಂತ್ಯ: ಸುಮಾರು ೨೮೦ ವರ್ಷಗಳ ಹಿಂದೆ ಮಲ್ಲಸರ್ಜ ಎಂಬುವನು ಇಲ್ಲಿಯ ರಾಜನಾಗಿದ್ದನು. ಅವನ ಹೆಂಡತಿ ರಾಣಿ ಚೆನ್ನಮ್ಮ ಆಗ ಭಾರತ ದೇಶವು ಬ್ರಿಟಿಷರ ಆಳ್ವಿಕೆಯಲ್ಲಿ ಇತ್ತು ಕಿತ್ತೂರಿನ ರಾಜ್ಯವು ಬಹಳ ಸಮೃದ್ಧವಾಗಿದ್ದು, ಅದರ ಮೇಲೆ ಬ್ರಿಟಿಷರಿಗೆ ಕಣ್ಣಿತ್ತು. ಅವರು ಹೇಗಾದರೂ ಮಾಡಿ ಕಿತ್ತೂರನ್ನು ತಮ್ಮ ವಶಕ್ಕೆ ತೆಗೆದುಕೊಳ್ಳಬೇಕೆಂದು ಹೊಂಚು ಹಾಕುತ್ತಿದ್ದರು. ಹೀಗಿರುವಾಗ, ದುರದೃಷ್ಟವಶಾತ್‌ ರಾಜ ಮಲ್ಪಸರ್ಜನು ಅನಾರೋಗ್ಯದಿಂದ ಸಾವನ್ನಪ್ಪಿದನು. ಆಗ ಕಿತ್ತೂರಿಗೆ ರಾಜನಿಲ್ಲದಂತಾಯಿತು. ತನ್ನ ರಾಜ್ಯ ಬ್ರಿಟಿಷರ ಪಾಲಾಗಬಾರದೆಂದು ಚೆನ್ನಮ್ಮ ದತ್ತು ಮಗನನ್ನು ಪಡೆದುಕೊಂಡು, ಅವನನ್ನೇ ರಾಜನೆಂದು ಘೋಷಿಸಿ ರಾಜ್ಯಭಾರ ಮಾಡತೊಡಗಿದಳು. ಆದರೆ ಬ್ರಿಟಿಷರು “ದತ್ತು ಮಕ್ಕಳಿಗೆ ಹಕ್ಕಿಲ್ಲ” ಎಂಬ ಕಾನೂನನ್ನು ಜಾರಿಗೆ ತಂದಿದ್ದ ರು. ಈ ಕಾನೂನಿನಂತೆ ಕಿತ್ತೂರಿಗೆ ಯಾವ ರಾಜನೂ ಇಲ್ಲವೆಂದೂ, ಅದನ್ನು 'ಬ್ರಿಟಿಷರಿಗೆ ಒಪ್ಪಿಸಬೇಕು” ಎಂದು ಚೆನ್ನಮ್ಮನಿಗೆ ಸಂದೇಶ ಕಳುಹಿಸಿದರು. ಆದರೆ ಚೆನ್ನಮ್ಮ ಅದಕ್ಕೆ ಒಪ್ಪಲಿಲ್ಲ. ಕೋಪಗೊಂಡ ಬ್ರಿಟಿಷರು ಕಿತ್ತೂರಿನ ಮೇಲೆ ದಾಳಿ ಮಾಡಿದರು.",0.621,0.379,0.013,0.893,0.937,0.783,0.217,0.016,0.946,0.94,0.132,0.868,0.781,0.85,0.059
4,"ಕರ್ನಾಟಕದ ಬೆಳಗಾವಿ ಜಿಳ್ಲೆಯಲ್ಲಿ ಖಿತ್ತೂರು ಒಂಧು ಪ್ರಾಂಥ್ಯ: ಶುಮಾರು ೨೮೦ ವರ್ಷಗಳ ಹಿಂದೆ ಮಲ್ಲಸರ್ಜ ಎಂಬುವನು ಇಳ್ಲಿಯ ರಾಜನಾಘಿದ್ದನು. ಅವಣ ಹೆಂಡತಿ ರಾನಿ ಚೆನ್ನಮ್ಮ ಆಗ ಭಾರತ ಧೇಶವು ಬ್ರಿಠಿಷರ ಆಲ್ವಿಕೆಯಳ್ಲಿ ಈತ್ಥು ಕಿಥ್ತೂರಿನ ರಾಜ್ಯವು ಬಹಳ ಸಮೃದ್ಧವಾಗಿಧ್ಧು, ಅಧರ ಮೇಲೆ ಬ್ರಿಟಿಷರಿಘೆ ಖನ್ಣಿಥ್ತು. ಅವರು ಹೇಗಾದರೂ ಮಾಢಿ ಕಿತ್ತೂರಣ್ನು ತಮ್ಮ ವಶಕ್ಕೆ ತೆಗೆಧುಕೊಳ್ಳಬೇಕೆಂದು ಹೊಂಛು ಹಾಕುತ್ತಿದ್ದರು. ಹೀಗಿರುವಾಗ, ದುರದೃಷ್ಠವಸಾತ್‌ ರಾಝ ಮಲ್ಪಸರ್ಜನು ಅನಾರೋಘ್ಯದಿಂದ ಸಾವನ್ಣಪ್ಫಿದಣು. ಆಗ ಕಿತ್ತೂರಿಘೆ ರಾಝನಿಲ್ಲದಂತಾಯಿಥು. ತನ್ನ ರಾಜ್ಯ ಬ್ರಿಠಿಷರ ಫಾಲಾಘಬಾರದೆಂದು ಚೆನ್ಣಮ್ಮ ದಥ್ತು ಮಗನನ್ನು ಫಡೆದುಕೊಂಡು, ಆವಣಣ್ನೇ ರಾಜನೆಂದು ಘೋಷಿಶಿ ರಾಜ್ಯಭಾರ ಮಾಡತೊಡಗಿದಲು. ಅದರೆ ಭ್ರಿಟಿಷರು “ದತ್ತು ಮಖ್ಕಳಿಗೆ ಹಕ್ಕಿಲ್ಲ” ಎಂಭ ಕಾನೂನನ್ನು ಜಾರಿಗೆ ಥಂದಿದ್ದ ರು. ಈ ಕಾನೂನಿನಂಥೆ ಖಿತ್ತೂರಿಗೆ ಯಾವ ರಾಝಣೂ ಇಲ್ಲವೆಂದೂ, ಅದನ್ಣು 'ಬ್ರಿಟಿಷರಿಗೆ ಒಪ್ಪಿಸಭೇಕು” ಎಂದು ಚೆನ್ನಮ್ಮನಿಘೆ ಸಂಧೇಶ ಖಳುಹಿಶಿಧರು. ಅದರೆ ಚೆನ್ನಮ್ಮ ಆದಕ್ಕೆ ಒಫ್ಪಳಿಲ್ಲ. ಕೋಪಗೊಂಡ ಬ್ರಿಟಿಷರು ಕಿಥ್ತೂರಿನ ಮೇಲೆ ದಾಳಿ ಮಾಡಿದರು.",kitturu_chennamma,"ಕರ್ನಾಟಕದ ಬೆಳಗಾವಿ ಜಿಲ್ಲೆಯಲ್ಲಿ ಕಿತ್ತೂರು ಒಂದು ಪ್ರಾಂತ್ಯ: ಸುಮಾರು ೨೮೦ ವರ್ಷಗಳ ಹಿಂದೆ ಮಲ್ಲಸರ್ಜ ಎಂಬುವನು ಇಲ್ಲಿಯ ರಾಜನಾಗಿದ್ದನು. ಅವನ ಹೆಂಡತಿ ರಾಣಿ ಚೆನ್ನಮ್ಮ ಆಗ ಭಾರತ ದೇಶವು ಬ್ರಿಟಿಷರ ಆಳ್ವಿಕೆಯಲ್ಲಿ ಇತ್ತು ಕಿತ್ತೂರಿನ ರಾಜ್ಯವು ಬಹಳ ಸಮೃದ್ಧವಾಗಿದ್ದು, ಅದರ ಮೇಲೆ ಬ್ರಿಟಿಷರಿಗೆ ಕಣ್ಣಿತ್ತು. ಅವರು ಹೇಗಾದರೂ ಮಾಡಿ ಕಿತ್ತೂರನ್ನು ತಮ್ಮ ವಶಕ್ಕೆ ತೆಗೆದುಕೊಳ್ಳಬೇಕೆಂದು ಹೊಂಚು ಹಾಕುತ್ತಿದ್ದರು. ಹೀಗಿರುವಾಗ, ದುರದೃಷ್ಟವಶಾತ್‌ ರಾಜ ಮಲ್ಪಸರ್ಜನು ಅನಾರೋಗ್ಯದಿಂದ ಸಾವನ್ನಪ್ಪಿದನು. ಆಗ ಕಿತ್ತೂರಿಗೆ ರಾಜನಿಲ್ಲದಂತಾಯಿತು. ತನ್ನ ರಾಜ್ಯ ಬ್ರಿಟಿಷರ ಪಾಲಾಗಬಾರದೆಂದು ಚೆನ್ನಮ್ಮ ದತ್ತು ಮಗನನ್ನು ಪಡೆದುಕೊಂಡು, ಅವನನ್ನೇ ರಾಜನೆಂದು ಘೋಷಿಸಿ ರಾಜ್ಯಭಾರ ಮಾಡತೊಡಗಿದಳು. ಆದರೆ ಬ್ರಿಟಿಷರು “ದತ್ತು ಮಕ್ಕಳಿಗೆ ಹಕ್ಕಿಲ್ಲ” ಎಂಬ ಕಾನೂನನ್ನು ಜಾರಿಗೆ ತಂದಿದ್ದ ರು. ಈ ಕಾನೂನಿನಂತೆ ಕಿತ್ತೂರಿಗೆ ಯಾವ ರಾಜನೂ ಇಲ್ಲವೆಂದೂ, ಅದನ್ನು 'ಬ್ರಿಟಿಷರಿಗೆ ಒಪ್ಪಿಸಬೇಕು” ಎಂದು ಚೆನ್ನಮ್ಮನಿಗೆ ಸಂದೇಶ ಕಳುಹಿಸಿದರು. ಆದರೆ ಚೆನ್ನಮ್ಮ ಅದಕ್ಕೆ ಒಪ್ಪಲಿಲ್ಲ. ಕೋಪಗೊಂಡ ಬ್ರಿಟಿಷರು ಕಿತ್ತೂರಿನ ಮೇಲೆ ದಾಳಿ ಮಾಡಿದರು.",0.707,0.293,0.0,0.838,0.963,0.809,0.191,0.0,0.912,0.949,0.166,0.834,0.779,0.775,0.071
5,"ಕರ್ನಾಟಕದ ಬೆಲಗಾವಿ ಜಿಲ್ಲೆಯಳ್ಲಿ ಕಿತ್ತೂರು ಒಂಧು ಫ್ರಾಂಥ್ಯ: ಶುಮಾರು ೨೮೦ ವರ್ಷಗಳ ಹಿಂದೆ ಮಲ್ಳಸರ್ಝ ಎಂಬುವನು ಈಲ್ಲಿಯ ರಾಝನಾಗಿಧ್ದನು. ಅವನ ಹೆಂಡಥಿ ರಾಣಿ ಚೆನ್ನಮ್ಮ ಆಗ ಭಾರತ ದೇಶವು ಬ್ರಿಠಿಷರ ಆಳ್ವಿಖೆಯಲ್ಲಿ ಇತ್ತು ಕಿತ್ತೂರಿನ ರಾಜ್ಯವು ಬಹಳ ಸಮೃಧ್ಧವಾಘಿದ್ದು, ಅದರ ಮೇಲೆ ಭ್ರಿಟಿಷರಿಗೆ ಖಣ್ಣಿತ್ತು. ಅವರು ಹೇಗಾದರೂ ಮಾಡಿ ಕಿತ್ತೂರನ್ನು ಥಮ್ಮ ವಶಕ್ಕೆ ತೆಗೆದುಕೊಲ್ಳಬೇಕೆಂಧು ಹೊಂಛು ಹಾಕುತ್ಥಿದ್ದರು. ಹೀಗಿರುವಾಘ, ದುರಧೃಷ್ಟವಶಾತ್‌ ರಾಜ ಮಳ್ಪಸರ್ಜನು ಆನಾರೋಗ್ಯದಿಂದ ಸಾವನ್ನಪ್ಫಿದನು. ಅಗ ಖಿತ್ಥೂರಿಗೆ ರಾಜನಿಲ್ಲಧಂಥಾಯಿತು. ತನ್ನ ರಾಜ್ಯ ಬ್ರಿಟಿಷರ ಫಾಲಾಗಬಾರದೆಂದು ಚೆನ್ನಮ್ಮ ಧಥ್ತು ಮಗಣನ್ನು ಫಡೆದುಖೊಂಡು, ಅವನಣ್ನೇ ರಾಜಣೆಂದು ಘೋಷಿಸಿ ರಾಜ್ಯಭಾರ ಮಾಡಥೊಡಗಿದಳು. ಆದರೆ ಬ್ರಿಟಿಷರು “ದಥ್ಥು ಮಖ್ಕಲಿಗೆ ಹಕ್ಕಿಲ್ಳ” ಏಂಬ ಕಾಣೂನನ್ನು ಜಾರಿಗೆ ಥಂದಿದ್ದ ರು. ಈ ಕಾನೂನಿನಂತೆ ಕಿಥ್ತೂರಿಗೆ ಯಾವ ರಾಜನೂ ಇಳ್ಲವೆಂಧೂ, ಅದನ್ನು 'ಬ್ರಿಟಿಷರಿಗೆ ಓಪ್ಪಿಸಬೇಕು” ಏಂದು ಚೆಣ್ನಮ್ಮನಿಗೆ ಶಂದೇಸ ಕಳುಹಿಸಿದರು. ಆಧರೆ ಚೆನ್ನಮ್ಮ ಅಧಕ್ಕೆ ಒಪ್ಪಳಿಲ್ಲ. ಖೋಪಘೊಂಡ ಬ್ರಿಠಿಷರು ಕಿತ್ತೂರಿನ ಮೇಲೆ ಧಾಲಿ ಮಾಡಿದರು.",kitturu_chennamma,"ಕರ್ನಾಟಕದ ಬೆಳಗಾವಿ ಜಿಲ್ಲೆಯಲ್ಲಿ ಕಿತ್ತೂರು ಒಂದು ಪ್ರಾಂತ್ಯ: ಸುಮಾರು ೨೮೦ ವರ್ಷಗಳ ಹಿಂದೆ ಮಲ್ಲಸರ್ಜ ಎಂಬುವನು ಇಲ್ಲಿಯ ರಾಜನಾಗಿದ್ದನು. ಅವನ ಹೆಂಡತಿ ರಾಣಿ ಚೆನ್ನಮ್ಮ ಆಗ ಭಾರತ ದೇಶವು ಬ್ರಿಟಿಷರ ಆಳ್ವಿಕೆಯಲ್ಲಿ ಇತ್ತು ಕಿತ್ತೂರಿನ ರಾಜ್ಯವು ಬಹಳ ಸಮೃದ್ಧವಾಗಿದ್ದು, ಅದರ ಮೇಲೆ ಬ್ರಿಟಿಷರಿಗೆ ಕಣ್ಣಿತ್ತು. ಅವರು ಹೇಗಾದರೂ ಮಾಡಿ ಕಿತ್ತೂರನ್ನು ತಮ್ಮ ವಶಕ್ಕೆ ತೆಗೆದುಕೊಳ್ಳಬೇಕೆಂದು ಹೊಂಚು ಹಾಕುತ್ತಿದ್ದರು. ಹೀಗಿರುವಾಗ, ದುರದೃಷ್ಟವಶಾತ್‌ ರಾಜ ಮಲ್ಪಸರ್ಜನು ಅನಾರೋಗ್ಯದಿಂದ ಸಾವನ್ನಪ್ಪಿದನು. ಆಗ ಕಿತ್ತೂರಿಗೆ ರಾಜನಿಲ್ಲದಂತಾಯಿತು. ತನ್ನ ರಾಜ್ಯ ಬ್ರಿಟಿಷರ ಪಾಲಾಗಬಾರದೆಂದು ಚೆನ್ನಮ್ಮ ದತ್ತು ಮಗನನ್ನು ಪಡೆದುಕೊಂಡು, ಅವನನ್ನೇ ರಾಜನೆಂದು ಘೋಷಿಸಿ ರಾಜ್ಯಭಾರ ಮಾಡತೊಡಗಿದಳು. ಆದರೆ ಬ್ರಿಟಿಷರು “ದತ್ತು ಮಕ್ಕಳಿಗೆ ಹಕ್ಕಿಲ್ಲ” ಎಂಬ ಕಾನೂನನ್ನು ಜಾರಿಗೆ ತಂದಿದ್ದ ರು. ಈ ಕಾನೂನಿನಂತೆ ಕಿತ್ತೂರಿಗೆ ಯಾವ ರಾಜನೂ ಇಲ್ಲವೆಂದೂ, ಅದನ್ನು 'ಬ್ರಿಟಿಷರಿಗೆ ಒಪ್ಪಿಸಬೇಕು” ಎಂದು ಚೆನ್ನಮ್ಮನಿಗೆ ಸಂದೇಶ ಕಳುಹಿಸಿದರು. ಆದರೆ ಚೆನ್ನಮ್ಮ ಅದಕ್ಕೆ ಒಪ್ಪಲಿಲ್ಲ. ಕೋಪಗೊಂಡ ಬ್ರಿಟಿಷರು ಕಿತ್ತೂರಿನ ಮೇಲೆ ದಾಳಿ ಮಾಡಿದರು.",0.658,0.342,0.0,0.834,0.949,0.82,0.18,0.0,0.847,0.95,0.156,0.844,0.779,0.848,0.071
6,"ಕರ್ನಾಠಕಧ ಬೆಳಗಾವಿ ಜಿಲ್ಲೆಯಲ್ಲಿ ಕಿತ್ತೂರು ಓಂದು ಫ್ರಾಂತ್ಯ: ಸುಮಾರು ೨೮೦ ವರ್ಷಗಳ ಹಿಂದೆ ಮಲ್ಲಸರ್ಜ ಎಂಭುವನು ಇಲ್ಳಿಯ ರಾಜನಾಘಿದ್ದಣು. ಆವನ ಹೆಂಡಥಿ ರಾಣಿ ಛೆನ್ನಮ್ಮ ಛೆನ್ನಮ್ಮ ಆಗ ಭಾರಥ ದೇಶವು ಭ್ರಿಠಿಷರ ಆಳ್ವಿಖೆಯಲ್ಳಿ ಇತ್ತು ಕಿತ್ತೂರಲ್ಲಿ ರಾಜ್ಯವು ಬಹಳ ಸಮೃದ್ಧವಾಘಿಧ್ಧು, ಅದರ ಮೇಲೆ ಬ್ರಿಟಿಷರಿಗೆ ಖಣ್ಣಿತ್ತು. ಅವರು ಹೇಘಾಧರೂ ಮಾಡಿ ಕಿತ್ತೂರನ್ನು ತಮ್ಮ ವಶಕ್ಕೆ ಥೆಗೆದುಖೊಳ್ಳಬೇಕೆಂದು ಹೊಂಚು ಹಾಕುಥ್ಥಿಧ್ದರು. ಹೀಗಿರುವಾಗ, ದುರಧೃಷ್ಟವಶಾತ್‌ ರಾಜ ಮಲ್ಪಶರ್ಜನು ಅನಾರೋಗ್ಯಧಿಂದ ಸಾವನ್ನಪ್ಫಿದನು. ಅಗ ಕಿತ್ತೂರಿಗೆ ರಾಜನಿಲ್ಲದಂತಾಯಿಥು. ತಣ್ನ ರಾಜ್ಯ ಬ್ರಿಟಿಷರ ಪಾಲಾಗಬಾರದೆಂಧು ಚೆನಮ್ಮ ದತ್ತು ಮಘನನ್ನು ಪಡೆದುಕೊಂಢು, ಅವನನ್ನೇ ರಾಜನೆಂಧು ಘೋಷಿಸಿ ರಾಜ್ಯಭಾರ ಮಾಢತೊಢಗಿದಳು. ಆಧರೆ ಬ್ರಿಟಿಷರು “ಧತ್ತು ಮಕ್ಕಳಿಗೆ ಹಕ್ಖಿಲ್ಲ” ಏಂಭ ಕಾನೂನಣ್ನು ಜಾರಿಗೆ ತಂದಿದ್ದ ರು. ಈ ಖಾನೂನಿನಂತೆ ಕಿತ್ತೂರಿಘೆ ಯಾವ ರಾಜನೂ ಇಲ್ಲವೆಂದೂ, ಅಧನ್ನು 'ಬ್ರಿಠಿಷರಿಗೆ ಓಪ್ಪಿಸಬೇಕು” ಎಂದು ಚೆನ್ನಮ್ಮನಿಗೆ ವಿಚಾರ ಕಳುಹಿಸಿದರು. ಆದರೆ ಚೆನ್ಣಮ್ಮ ಅದಕ್ಕೆ ಒಫ್ಪಲಿಲ್ಲ. ಖೋಫಗೊಂಡ ಬ್ರಿಟಿಷರು ಕಿತ್ತೂರಲ್ಲಿ ಮೇಲೆ ಧಾಲಿ ಮಾಡಿದರು.",kitturu_chennamma,"ಕರ್ನಾಟಕದ ಬೆಳಗಾವಿ ಜಿಲ್ಲೆಯಲ್ಲಿ ಕಿತ್ತೂರು ಒಂದು ಪ್ರಾಂತ್ಯ: ಸುಮಾರು ೨೮೦ ವರ್ಷಗಳ ಹಿಂದೆ ಮಲ್ಲಸರ್ಜ ಎಂಬುವನು ಇಲ್ಲಿಯ ರಾಜನಾಗಿದ್ದನು. ಅವನ ಹೆಂಡತಿ ರಾಣಿ ಚೆನ್ನಮ್ಮ ಆಗ ಭಾರತ ದೇಶವು ಬ್ರಿಟಿಷರ ಆಳ್ವಿಕೆಯಲ್ಲಿ ಇತ್ತು ಕಿತ್ತೂರಿನ ರಾಜ್ಯವು ಬಹಳ ಸಮೃದ್ಧವಾಗಿದ್ದು, ಅದರ ಮೇಲೆ ಬ್ರಿಟಿಷರಿಗೆ ಕಣ್ಣಿತ್ತು. ಅವರು ಹೇಗಾದರೂ ಮಾಡಿ ಕಿತ್ತೂರನ್ನು ತಮ್ಮ ವಶಕ್ಕೆ ತೆಗೆದುಕೊಳ್ಳಬೇಕೆಂದು ಹೊಂಚು ಹಾಕುತ್ತಿದ್ದರು. ಹೀಗಿರುವಾಗ, ದುರದೃಷ್ಟವಶಾತ್‌ ರಾಜ ಮಲ್ಪಸರ್ಜನು ಅನಾರೋಗ್ಯದಿಂದ ಸಾವನ್ನಪ್ಪಿದನು. ಆಗ ಕಿತ್ತೂರಿಗೆ ರಾಜನಿಲ್ಲದಂತಾಯಿತು. ತನ್ನ ರಾಜ್ಯ ಬ್ರಿಟಿಷರ ಪಾಲಾಗಬಾರದೆಂದು ಚೆನ್ನಮ್ಮ ದತ್ತು ಮಗನನ್ನು ಪಡೆದುಕೊಂಡು, ಅವನನ್ನೇ ರಾಜನೆಂದು ಘೋಷಿಸಿ ರಾಜ್ಯಭಾರ ಮಾಡತೊಡಗಿದಳು. ಆದರೆ ಬ್ರಿಟಿಷರು “ದತ್ತು ಮಕ್ಕಳಿಗೆ ಹಕ್ಕಿಲ್ಲ” ಎಂಬ ಕಾನೂನನ್ನು ಜಾರಿಗೆ ತಂದಿದ್ದ ರು. ಈ ಕಾನೂನಿನಂತೆ ಕಿತ್ತೂರಿಗೆ ಯಾವ ರಾಜನೂ ಇಲ್ಲವೆಂದೂ, ಅದನ್ನು 'ಬ್ರಿಟಿಷರಿಗೆ ಒಪ್ಪಿಸಬೇಕು” ಎಂದು ಚೆನ್ನಮ್ಮನಿಗೆ ಸಂದೇಶ ಕಳುಹಿಸಿದರು. ಆದರೆ ಚೆನ್ನಮ್ಮ ಅದಕ್ಕೆ ಒಪ್ಪಲಿಲ್ಲ. ಕೋಪಗೊಂಡ ಬ್ರಿಟಿಷರು ಕಿತ್ತೂರಿನ ಮೇಲೆ ದಾಳಿ ಮಾಡಿದರು.",0.677,0.323,0.01,0.867,0.956,0.813,0.187,0.013,0.859,0.947,0.142,0.858,0.781,0.874,0.065
7,"ಕರ್ನಾಟಖದ ಬೆಲಗಾವಿ ಜಿಳ್ಲೆಯಲ್ಲಿ ಕಿತ್ಥೂರು ಒಂದು ಪ್ರಾಂಥ್ಯ: ಸುಮಾರು ೨೮೦ ವರ್ಷಗಲ ಹಿಂದೆ ಮಲ್ಲಸರ್ಜ ಎಂಬುವನು ಇಳ್ಲಿಯ ರಾಜನಾಗಿದ್ದನು. ಅವನ ಹೆಂಢತಿ ರಾಣಿ ಚೆನ್ನಮ್ಮ ಆಗ ಭಾರತ ದೇಸವು ಬ್ರಿಟಿಷರ ಆಳ್ವಿಖೆಯಲ್ಲಿ ಈತ್ತು ಕಿತ್ಥೂರಿನ ರಾಜ್ಯವು ಬಹಳ ಸಮೃಧ್ಧವಾಗಿಧ್ಧು, ಆದರ ಮೇಳೆ ಬ್ರಿಟಿಷರಿಗೆ ಕನ್ಣಿಥ್ತು. ಅವರು ಹೇಗಾದರೂ ಮಾಡಿ ಕಿತ್ತೂರನ್ನು ತಮ್ಮ ವಶಕ್ಕೆ ತೆಗೆದುಕೊಳ್ಳಬೇಕೆಂಧು ಹೊಂಚು ಹಾಕುತ್ಥಿದ್ದರು. ಹೀಗಿರುವಾಗ, ಧುರದೃಷ್ಟವಶಾಥ್‌ ರಾಜ ಮಳ್ಪಸರ್ಜಣು ಅನಾರೋಗ್ಯದಿಂದ ಸಾವನ್ಣಪ್ಪಿದನು. ಆಗ ಖಿತ್ತೂರಿಘೆ ರಾಜನಿಲ್ಲಧಂತಾಯಿತು. ಥನ್ಣ ರಾಜ್ಯ ಬ್ರಿಠಿಷರ ಪಾಲಾಗಬಾರದೆಂಧು ಛೆನ್ನಮ್ಮ ದತ್ಥು ಮಘಣನ್ನು ಪಡೆಧುಕೊಂಡು, ಅವನನ್ನೇ ರಾಜನೆಂದು ಘೋಷಿಸಿ ರಾಜ್ಯಬಾರ ಮಾಡತೊಡಗಿಧಳು. ಅದರೆ ಭ್ರಿಟಿಷರು “ದಥ್ತು ಮಕ್ಕಳಿಗೆ ಹಖ್ಕಿಲ್ಲ” ಎಂಬ ಖಾನೂನಣ್ನು ಜಾರಿಘೆ ಥಂಧಿಧ್ದ ರು. ಈ ಖಾನೂನಿಣಂತೆ ಖಿಥ್ತೂರಿಗೆ ಯಾವ ರಾಜನೂ ಇಲ್ಲವೆಂಧೂ, ಅಧನ್ನು 'ಭ್ರಿಟಿಷರಿಗೆ ಒಫ್ಪಿಶಬೇಕು” ಎಂದು ಚೆಣ್ನಮ್ಮನಿಘೆ ಸಂಧೇಶ ಕಳುಹಿಸಿದರು. ಆದರೆ ಚೆನ್ನಮ್ಮ ಆದಕ್ಕೆ ಒಫ್ಪಳಿಲ್ಲ. ಕೋಪಘೊಂಢ ಭ್ರಿಟಿಷರು ಕಿತ್ಥೂರಿಣ ಮೇಲೆ ದಾಲಿ ಮಾಢಿದರು.",kitturu_chennamma,"ಕರ್ನಾಟಕದ ಬೆಳಗಾವಿ ಜಿಲ್ಲೆಯಲ್ಲಿ ಕಿತ್ತೂರು ಒಂದು ಪ್ರಾಂತ್ಯ: ಸುಮಾರು ೨೮೦ ವರ್ಷಗಳ ಹಿಂದೆ ಮಲ್ಲಸರ್ಜ ಎಂಬುವನು ಇಲ್ಲಿಯ ರಾಜನಾಗಿದ್ದನು. ಅವನ ಹೆಂಡತಿ ರಾಣಿ ಚೆನ್ನಮ್ಮ ಆಗ ಭಾರತ ದೇಶವು ಬ್ರಿಟಿಷರ ಆಳ್ವಿಕೆಯಲ್ಲಿ ಇತ್ತು ಕಿತ್ತೂರಿನ ರಾಜ್ಯವು ಬಹಳ ಸಮೃದ್ಧವಾಗಿದ್ದು, ಅದರ ಮೇಲೆ ಬ್ರಿಟಿಷರಿಗೆ ಕಣ್ಣಿತ್ತು. ಅವರು ಹೇಗಾದರೂ ಮಾಡಿ ಕಿತ್ತೂರನ್ನು ತಮ್ಮ ವಶಕ್ಕೆ ತೆಗೆದುಕೊಳ್ಳಬೇಕೆಂದು ಹೊಂಚು ಹಾಕುತ್ತಿದ್ದರು. ಹೀಗಿರುವಾಗ, ದುರದೃಷ್ಟವಶಾತ್‌ ರಾಜ ಮಲ್ಪಸರ್ಜನು ಅನಾರೋಗ್ಯದಿಂದ ಸಾವನ್ನಪ್ಪಿದನು. ಆಗ ಕಿತ್ತೂರಿಗೆ ರಾಜನಿಲ್ಲದಂತಾಯಿತು. ತನ್ನ ರಾಜ್ಯ ಬ್ರಿಟಿಷರ ಪಾಲಾಗಬಾರದೆಂದು ಚೆನ್ನಮ್ಮ ದತ್ತು ಮಗನನ್ನು ಪಡೆದುಕೊಂಡು, ಅವನನ್ನೇ ರಾಜನೆಂದು ಘೋಷಿಸಿ ರಾಜ್ಯಭಾರ ಮಾಡತೊಡಗಿದಳು. ಆದರೆ ಬ್ರಿಟಿಷರು “ದತ್ತು ಮಕ್ಕಳಿಗೆ ಹಕ್ಕಿಲ್ಲ” ಎಂಬ ಕಾನೂನನ್ನು ಜಾರಿಗೆ ತಂದಿದ್ದ ರು. ಈ ಕಾನೂನಿನಂತೆ ಕಿತ್ತೂರಿಗೆ ಯಾವ ರಾಜನೂ ಇಲ್ಲವೆಂದೂ, ಅದನ್ನು 'ಬ್ರಿಟಿಷರಿಗೆ ಒಪ್ಪಿಸಬೇಕು” ಎಂದು ಚೆನ್ನಮ್ಮನಿಗೆ ಸಂದೇಶ ಕಳುಹಿಸಿದರು. ಆದರೆ ಚೆನ್ನಮ್ಮ ಅದಕ್ಕೆ ಒಪ್ಪಲಿಲ್ಲ. ಕೋಪಗೊಂಡ ಬ್ರಿಟಿಷರು ಕಿತ್ತೂರಿನ ಮೇಲೆ ದಾಳಿ ಮಾಡಿದರು.",0.57,0.43,0.0,0.885,0.914,0.802,0.198,0.0,0.765,0.941,0.179,0.821,0.779,0.846,0.084
8,"ಕರ್ನಾಟಕದ ಭೆಳಘಾವಿ ಜಿಳ್ಲೆಯಲ್ಲಿ ಕಿತ್ಥೂರು ಓಂದು ಪ್ರಾಂತ್ಯ: ಶುಮಾರು ೨೮೦ ವರ್ಷಗಳ ಹಿಂದೆ ಮಲ್ಲಸರ್ಜ ಏಂಬುವನು ಇಲ್ಲಿಯ ರಾಜನಾಘಿದ್ದನು. ಅವನ ಹೆಂಡಥಿ ರಾಣಿ ಚೆನ್ಣಮ್ಮ ಆಘ ಭಾರತ ಧೇಶವು ಬ್ರಿಟಿಷರ ಆಳ್ವಿಕೆಯಳ್ಲಿ ಇತ್ಥು ಕಿತ್ಥೂರಿನ ರಾಜ್ಯವು ಬಹಳ ಶಮೃದ್ಧವಾಘಿದ್ದು, ಆದರ ಮೇಲೆ ಬ್ರಿಟಿಷರಿಗೆ ಕಣ್ಣಿಥ್ಥು. ಆವರು ಹೇಗಾದರೂ ಮಾಡಿ ಕಿತ್ತೂರನ್ನು ತಮ್ಮ ವಶಕ್ಕೆ ತೆಗೆಧುಕೊಲ್ಲಬೇಕೆಂದು ಹೊಂಚು ಹಾಕುತ್ಥಿದ್ಧರು. ಹೀಗಿರುವಾಗ, ದುರದೃಷ್ಟವಸಾತ್‌ ರಾಜ ಮಲ್ಫಶರ್ಜನು ಮಲ್ಫಶರ್ಜನು ಅನಾರೋಗ್ಯಧಿಂದ ಸಾವನ್ನಪ್ಪಿಧನು. ಆಘ ಖಿಥ್ತೂರಿಗೆ ರಾಜನಿಳ್ಲಧಂತಾಯಿತು. ತನ್ಣ ರಾಜ್ಯ ಬ್ರಿಠಿಷರ ಪಾಲಾಗಬಾರದೆಂದು ಚೆನ್ಣಮ್ಮ ದತ್ತು ಮಘನನ್ನು ಪಡೆದುಖೊಂಡು, ಅವಣನ್ನೇ ರಾಜನೆಂದು ಘೋಷಿಸಿ ರಾಜ್ಯಭಾರ ಮಾಡಥೊಡಗಿದಳು. ಅದರೆ ಬ್ರಿಟಿಷರು “ದತ್ತು ಮಕ್ಕಳಿಗೆ ಹಕ್ಕಿಲ್ಲ” ಏಂಬ ಕಾಣೂನಣ್ಣು ಜಾರಿಗೆ ತಂದಿದ್ಧ ರು. ಈ ಕಾಣೂನಿಣಂತೆ ಕಿತ್ತೂರಿಗೆ ಯಾವ ರಾಝನೂ ಈಲ್ಲವೆಂಧೂ, ಆದನ್ಣು 'ಬ್ರಿಟಿಷರಿಗೆ ಒಫ್ಪಿಸಬೇಖು” ಎಂಧು ಚೆನ್ನಮ್ಮಣಿಗೆ ಶಂದೇಶ ಖಳುಹಿಸಿದರು. ಆದರೆ ಚೆನ್ನಮ್ಮ ಆಧಕ್ಖೆ ಓಪ್ಪಲಿಲ್ಲ. ಖೋಪಗೊಂಡ ಬ್ರಿಟಿಷರು ಖಿತ್ತೂರಿನ ಮೇಲೆ ದಾಳಿ ಮಾಡಿದರು.",kitturu_chennamma,"ಕರ್ನಾಟಕದ ಬೆಳಗಾವಿ ಜಿಲ್ಲೆಯಲ್ಲಿ ಕಿತ್ತೂರು ಒಂದು ಪ್ರಾಂತ್ಯ: ಸುಮಾರು ೨೮೦ ವರ್ಷಗಳ ಹಿಂದೆ ಮಲ್ಲಸರ್ಜ ಎಂಬುವನು ಇಲ್ಲಿಯ ರಾಜನಾಗಿದ್ದನು. ಅವನ ಹೆಂಡತಿ ರಾಣಿ ಚೆನ್ನಮ್ಮ ಆಗ ಭಾರತ ದೇಶವು ಬ್ರಿಟಿಷರ ಆಳ್ವಿಕೆಯಲ್ಲಿ ಇತ್ತು ಕಿತ್ತೂರಿನ ರಾಜ್ಯವು ಬಹಳ ಸಮೃದ್ಧವಾಗಿದ್ದು, ಅದರ ಮೇಲೆ ಬ್ರಿಟಿಷರಿಗೆ ಕಣ್ಣಿತ್ತು. ಅವರು ಹೇಗಾದರೂ ಮಾಡಿ ಕಿತ್ತೂರನ್ನು ತಮ್ಮ ವಶಕ್ಕೆ ತೆಗೆದುಕೊಳ್ಳಬೇಕೆಂದು ಹೊಂಚು ಹಾಕುತ್ತಿದ್ದರು. ಹೀಗಿರುವಾಗ, ದುರದೃಷ್ಟವಶಾತ್‌ ರಾಜ ಮಲ್ಪಸರ್ಜನು ಅನಾರೋಗ್ಯದಿಂದ ಸಾವನ್ನಪ್ಪಿದನು. ಆಗ ಕಿತ್ತೂರಿಗೆ ರಾಜನಿಲ್ಲದಂತಾಯಿತು. ತನ್ನ ರಾಜ್ಯ ಬ್ರಿಟಿಷರ ಪಾಲಾಗಬಾರದೆಂದು ಚೆನ್ನಮ್ಮ ದತ್ತು ಮಗನನ್ನು ಪಡೆದುಕೊಂಡು, ಅವನನ್ನೇ ರಾಜನೆಂದು ಘೋಷಿಸಿ ರಾಜ್ಯಭಾರ ಮಾಡತೊಡಗಿದಳು. ಆದರೆ ಬ್ರಿಟಿಷರು “ದತ್ತು ಮಕ್ಕಳಿಗೆ ಹಕ್ಕಿಲ್ಲ” ಎಂಬ ಕಾನೂನನ್ನು ಜಾರಿಗೆ ತಂದಿದ್ದ ರು. ಈ ಕಾನೂನಿನಂತೆ ಕಿತ್ತೂರಿಗೆ ಯಾವ ರಾಜನೂ ಇಲ್ಲವೆಂದೂ, ಅದನ್ನು 'ಬ್ರಿಟಿಷರಿಗೆ ಒಪ್ಪಿಸಬೇಕು” ಎಂದು ಚೆನ್ನಮ್ಮನಿಗೆ ಸಂದೇಶ ಕಳುಹಿಸಿದರು. ಆದರೆ ಚೆನ್ನಮ್ಮ ಅದಕ್ಕೆ ಒಪ್ಪಲಿಲ್ಲ. ಕೋಪಗೊಂಡ ಬ್ರಿಟಿಷರು ಕಿತ್ತೂರಿನ ಮೇಲೆ ದಾಳಿ ಮಾಡಿದರು.",0.645,0.355,0.01,0.834,0.943,0.814,0.186,0.016,0.81,0.945,0.155,0.845,0.781,0.775,0.065
9,"ಕರ್ನಾಟಕದ ಬೆಳಗಾವಿ ಜಿಳ್ಲೆಯಲ್ಳಿ ಕಿತ್ತೂರು ಒಂಧು ಫ್ರಾಂತ್ಯ: ಸುಮಾರು ೨೮೦ ವರ್ಷಗಳ ಹಿಂದೆ ಮಲ್ಲಸರ್ಜ ಎಂಬುವಣು ಇಲ್ಲಿಯ ರಾಜನಾಗಿದ್ಧಣು. ಅವನ ಹೆಂಡತಿ ರಾನಿ ಛೆನ್ನಮ್ಮ ಅಗ ಭಾರತ ದೇಸವು ಬ್ರಿಠಿಷರ ಆಳ್ವಿಖೆಯಲ್ಲಿ ಈಥ್ಥು ಖಿಥ್ತೂರಿನ ರಾಜ್ಯವು ಬಹಲ ಸಮೃದ್ಧವಾಗಿದ್ದು, ಅದರ ಮೇಲೆ ಭ್ರಿಟಿಷರಿಗೆ ಕನ್ಣಿತ್ತು. ಅವರು ಹೇಗಾದರೂ ಮಾಢಿ ಖಿತ್ಥೂರನ್ನು ತಮ್ಮ ವಶಕ್ಖೆ ತೆಗೆದುಕೊಲ್ಲಬೇಕೆಂದು ಹೊಂಚು ಹಾಕುತ್ತಿದ್ದರು. ಹೀಘಿರುವಾಘ, ದುರದೃಷ್ಠವಶಾತ್‌ ರಾಜ ಮಲ್ಫಸರ್ಜನು ಆನಾರೋಘ್ಯದಿಂದ ಸಾವನ್ನಪ್ಫಿದನು. ಆಗ ಖಿತ್ತೂರಿಗೆ ರಾಝನಿಲ್ಲಧಂತಾಯಿತು. ತನ್ನ ರಾಜ್ಯ ಬ್ರಿಟಿಷರ ಪಾಲಾಗಬಾರದೆಂಧು ಚೆನ್ನಮ್ಮ ದಥ್ತು ಮಗನನ್ನು ಪಡೆದುಕೊಂಢು, ಆವನನ್ಣೇ ರಾಝನೆಂಧು ಘೋಷಿಸಿ ರಾಜ್ಯಭಾರ ಮಾಡಥೊಡಗಿದಳು. ಆಧರೆ ಬ್ರಿಠಿಷರು “ದತ್ತು ಮಕ್ಕಳಿಘೆ ಅಧಿಕಾರ ಇಲ್ಲ” ಏಂಭ ಕಾನೂನನ್ನು ಜಾರಿಗೆ ತಂದಿದ್ದ ರು. ಇ ಕಾಣೂನಿನಂತೆ ಖಿತ್ತೂರಿಗೆ ಯಾವ ರಾಜನೂ ಇಲ್ಲವೆಂದೂ, ಇಲ್ಲವೆಂದೂ, ಅದಣ್ನು 'ಬ್ರಿಟಿಷರಿಘೆ ಒಪ್ಫಿಸಬೇಕು” ಎಂಧು ಚೆನ್ನಮ್ಮನಿಗೆ ಸಂದೇಸ ಕಳುಹಿಸಿಧರು. ಆಧರೆ ಛೆನ್ನಮ್ಮ ಅದಕ್ಕೆ ಒಪ್ಫಲಿಲ್ಲ. ಕೋಫಗೊಂಡ ಭ್ರಿಟಿಷರು ಕಿತ್ತೂರಿನ ಮೇಲೆ ದಾಲಿ ಮಾಢಿದರು.",kitturu_chennamma,"ಕರ್ನಾಟಕದ ಬೆಳಗಾವಿ ಜಿಲ್ಲೆಯಲ್ಲಿ ಕಿತ್ತೂರು ಒಂದು ಪ್ರಾಂತ್ಯ: ಸುಮಾರು ೨೮೦ ವರ್ಷಗಳ ಹಿಂದೆ ಮಲ್ಲಸರ್ಜ ಎಂಬುವನು ಇಲ್ಲಿಯ ರಾಜನಾಗಿದ್ದನು. ಅವನ ಹೆಂಡತಿ ರಾಣಿ ಚೆನ್ನಮ್ಮ ಆಗ ಭಾರತ ದೇಶವು ಬ್ರಿಟಿಷರ ಆಳ್ವಿಕೆಯಲ್ಲಿ ಇತ್ತು ಕಿತ್ತೂರಿನ ರಾಜ್ಯವು ಬಹಳ ಸಮೃದ್ಧವಾಗಿದ್ದು, ಅದರ ಮೇಲೆ ಬ್ರಿಟಿಷರಿಗೆ ಕಣ್ಣಿತ್ತು. ಅವರು ಹೇಗಾದರೂ ಮಾಡಿ ಕಿತ್ತೂರನ್ನು ತಮ್ಮ ವಶಕ್ಕೆ ತೆಗೆದುಕೊಳ್ಳಬೇಕೆಂದು ಹೊಂಚು ಹಾಕುತ್ತಿದ್ದರು. ಹೀಗಿರುವಾಗ, ದುರದೃಷ್ಟವಶಾತ್‌ ರಾಜ ಮಲ್ಪಸರ್ಜನು ಅನಾರೋಗ್ಯದಿಂದ ಸಾವನ್ನಪ್ಪಿದನು. ಆಗ ಕಿತ್ತೂರಿಗೆ ರಾಜನಿಲ್ಲದಂತಾಯಿತು. ತನ್ನ ರಾಜ್ಯ ಬ್ರಿಟಿಷರ ಪಾಲಾಗಬಾರದೆಂದು ಚೆನ್ನಮ್ಮ ದತ್ತು ಮಗನನ್ನು ಪಡೆದುಕೊಂಡು, ಅವನನ್ನೇ ರಾಜನೆಂದು ಘೋಷಿಸಿ ರಾಜ್ಯಭಾರ ಮಾಡತೊಡಗಿದಳು. ಆದರೆ ಬ್ರಿಟಿಷರು “ದತ್ತು ಮಕ್ಕಳಿಗೆ ಹಕ್ಕಿಲ್ಲ” ಎಂಬ ಕಾನೂನನ್ನು ಜಾರಿಗೆ ತಂದಿದ್ದ ರು. ಈ ಕಾನೂನಿನಂತೆ ಕಿತ್ತೂರಿಗೆ ಯಾವ ರಾಜನೂ ಇಲ್ಲವೆಂದೂ, ಅದನ್ನು 'ಬ್ರಿಟಿಷರಿಗೆ ಒಪ್ಪಿಸಬೇಕು” ಎಂದು ಚೆನ್ನಮ್ಮನಿಗೆ ಸಂದೇಶ ಕಳುಹಿಸಿದರು. ಆದರೆ ಚೆನ್ನಮ್ಮ ಅದಕ್ಕೆ ಒಪ್ಪಲಿಲ್ಲ. ಕೋಪಗೊಂಡ ಬ್ರಿಟಿಷರು ಕಿತ್ತೂರಿನ ಮೇಲೆ ದಾಳಿ ಮಾಡಿದರು.",0.621,0.379,0.013,0.774,0.929,0.794,0.206,0.018,0.873,0.94,0.167,0.833,0.781,0.847,0.076
10,"ಕರ್ನಾಟಕದ ಬೆಳಗಾವಿ ಜಿಲ್ಲೆಯಲ್ಲಿ ಕಿಥ್ತೂರು ಒಂದು ಪ್ರಾಂತ್ಯ: ಸುಮಾರು ೨೮೦ ವರ್ಷಗಳ ಹಿಂದೆ ಮಲ್ಲಸರ್ಜ ಎಂಬುವನು ಈಳ್ಲಿಯ ರಾಝನಾಗಿದ್ಧನು. ಅವನ ಹೆಂಡತಿ ರಾಣಿ ಚೆನ್ನಮ್ಮ ಆಘ ಭಾರತ ಧೇಶವು ಭ್ರಿಟಿಷರ ಆಳ್ವಿಖೆಯಲ್ಲಿ ಇತ್ತು ಕಿಥ್ತೂರಿನ ರಾಜ್ಯವು ಭಹಲ ಶಮೃದ್ಧವಾಗಿಧ್ದು, ಅದರ ಮೇಳೆ ಬ್ರಿಟಿಷರಿಗೆ ಕಣ್ಣಿಥ್ಥು. ಅವರು ಹೇಗಾಧರೂ ಮಾಡಿ ಕಿತ್ತೂರನ್ನು ತಮ್ಮ ವಶಕ್ಕೆ ತೆಗೆದುಖೊಳ್ಲಬೇಕೆಂದು ಹೊಂಚು ಹಾಕುತ್ತಿದ್ಧರು. ಹೀಗಿರುವಾಗ, ಧುರದೃಷ್ಟವಶಾತ್‌ ರಾಝ ಮಲ್ಪಶರ್ಜನು ಅನಾರೋಗ್ಯದಿಂದ ಸಾವನ್ನಪ್ಪಿದನು. ಆಗ ಕಿಥ್ತೂರಿಗೆ ರಾಜನಿಲ್ಲದಂತಾಯಿಥು. ತನ್ನ ರಾಜ್ಯ ಬ್ರಿಟಿಷರ ಪಾಲಾಗಬಾರದೆಂದು ಛೆನ್ನಮ್ಮ ದತ್ತು ಮಗನನ್ನು ಫಡೆದುಖೊಂಡು, ಆವನನ್ನೇ ರಾಜಣೆಂದು ಘೋಷಿಸಿ ರಾಜ್ಯಭಾರ ಮಾಡತೊಡಗಿದಲು. ಆದರೆ ಬ್ರಿಟಿಷರು “ದಥ್ತು ಮಕ್ಕಲಿಗೆ ಹಕ್ಕಿಲ್ಳ” ಎಂಬ ಕಾನೂನನ್ನು ಜಾರಿಗೆ ತಂದಿದ್ದ ರು. ಇ ಕಾನೂನಿನಂತೆ ಕಿಥ್ತೂರಿಗೆ ಯಾವ ರಾಝಣೂ ಇಲ್ಲವೆಂಧೂ, ಅದನ್ನು 'ಬ್ರಿಟಿಷರಿಗೆ ಒಪ್ಪಿಸಬೇಕು” ಎಂಧು ಛೆನ್ನಮ್ಮನಿಘೆ ಸಂದೇಶ ಕಳುಹಿಸಿದರು. ಆದರೆ ಚೆನ್ನಮ್ಮ ಅಧಕ್ಕೆ ಒಪ್ಫಲಿಲ್ಲ. ಕೋಪಘೊಂಡ ಬ್ರಿಟಿಷರು ಕಿತ್ತೂರಿಣ ಮೇಲೆ ದಾಲಿ ಮಾಡಿದರು.",kitturu_chennamma,"ಕರ್ನಾಟಕದ ಬೆಳಗಾವಿ ಜಿಲ್ಲೆಯಲ್ಲಿ ಕಿತ್ತೂರು ಒಂದು ಪ್ರಾಂತ್ಯ: ಸುಮಾರು ೨೮೦ ವರ್ಷಗಳ ಹಿಂದೆ ಮಲ್ಲಸರ್ಜ ಎಂಬುವನು ಇಲ್ಲಿಯ ರಾಜನಾಗಿದ್ದನು. ಅವನ ಹೆಂಡತಿ ರಾಣಿ ಚೆನ್ನಮ್ಮ ಆಗ ಭಾರತ ದೇಶವು ಬ್ರಿಟಿಷರ ಆಳ್ವಿಕೆಯಲ್ಲಿ ಇತ್ತು ಕಿತ್ತೂರಿನ ರಾಜ್ಯವು ಬಹಳ ಸಮೃದ್ಧವಾಗಿದ್ದು, ಅದರ ಮೇಲೆ ಬ್ರಿಟಿಷರಿಗೆ ಕಣ್ಣಿತ್ತು. ಅವರು ಹೇಗಾದರೂ ಮಾಡಿ ಕಿತ್ತೂರನ್ನು ತಮ್ಮ ವಶಕ್ಕೆ ತೆಗೆದುಕೊಳ್ಳಬೇಕೆಂದು ಹೊಂಚು ಹಾಕುತ್ತಿದ್ದರು. ಹೀಗಿರುವಾಗ, ದುರದೃಷ್ಟವಶಾತ್‌ ರಾಜ ಮಲ್ಪಸರ್ಜನು ಅನಾರೋಗ್ಯದಿಂದ ಸಾವನ್ನಪ್ಪಿದನು. ಆಗ ಕಿತ್ತೂರಿಗೆ ರಾಜನಿಲ್ಲದಂತಾಯಿತು. ತನ್ನ ರಾಜ್ಯ ಬ್ರಿಟಿಷರ ಪಾಲಾಗಬಾರದೆಂದು ಚೆನ್ನಮ್ಮ ದತ್ತು ಮಗನನ್ನು ಪಡೆದುಕೊಂಡು, ಅವನನ್ನೇ ರಾಜನೆಂದು ಘೋಷಿಸಿ ರಾಜ್ಯಭಾರ ಮಾಡತೊಡಗಿದಳು. ಆದರೆ ಬ್ರಿಟಿಷರು “ದತ್ತು ಮಕ್ಕಳಿಗೆ ಹಕ್ಕಿಲ್ಲ” ಎಂಬ ಕಾನೂನನ್ನು ಜಾರಿಗೆ ತಂದಿದ್ದ ರು. ಈ ಕಾನೂನಿನಂತೆ ಕಿತ್ತೂರಿಗೆ ಯಾವ ರಾಜನೂ ಇಲ್ಲವೆಂದೂ, ಅದನ್ನು 'ಬ್ರಿಟಿಷರಿಗೆ ಒಪ್ಪಿಸಬೇಕು” ಎಂದು ಚೆನ್ನಮ್ಮನಿಗೆ ಸಂದೇಶ ಕಳುಹಿಸಿದರು. ಆದರೆ ಚೆನ್ನಮ್ಮ ಅದಕ್ಕೆ ಒಪ್ಪಲಿಲ್ಲ. ಕೋಪಗೊಂಡ ಬ್ರಿಟಿಷರು ಕಿತ್ತೂರಿನ ಮೇಲೆ ದಾಳಿ ಮಾಡಿದರು.",0.759,0.241,0.0,0.892,0.976,0.891,0.109,0.0,0.867,0.969,0.179,0.821,0.779,0.765,0.077
11,"ಕರ್ನಾಟಖದ ಬೆಲಗಾವಿ ಜಿಲ್ಳೆಯಲ್ಲಿ ಖಿತ್ತೂರು ಒಂದು ಪ್ರಾಂತ್ಯ: ಸುಮಾರು ೨೮೦ ವರ್ಷಗಳ ಹಿಂದೆ ಮಲ್ಲಸರ್ಝ ಮಲ್ಲಸರ್ಝ ಏಂಬುವನು ಇಳ್ಲಿಯ ರಾಜನಾಘಿದ್ದಣು. ಆವನ ಹೆಂಡಥಿ ರಾಣಿ ಚೆನಮ್ಮ ಆಗ ಬಾರತ ದೇಶವು ಬ್ರಿಟಿಷರ ಆಳ್ವಿಖೆಯಲ್ಲಿ ಇಥ್ತು ಕಿತ್ತೂರಿನ ರಾಜ್ಯವು ಬಹಲ ಸಮೃದ್ಧವಾಗಿದ್ದು, ಅದರ ಮೇಲೆ ಬ್ರಿಟಿಷರಿಗೆ ಕಣ್ಣಿತ್ಥು. ಅವರು ಹೇಗಾದರೂ ಮಾಡಿ ಖಿಥ್ಥೂರನ್ನು ಥಮ್ಮ ವಶಕ್ಕೆ ತೆಗೆದುಕೊಳ್ಳಬೇಕೆಂದು ಹೊಂಛು ಹಾಕುತ್ತಿದ್ದರು. ಹೀಗಿರುವಾಘ, ದುರದೃಷ್ಟವಶಾಥ್‌ ರಾಜ ಮಲ್ಪಸರ್ಝನು ಅಣಾರೋಘ್ಯದಿಂಧ ಶಾವನ್ಣಪ್ಪಿದನು. ಆಗ ಕಿತ್ತೂರಿಗೆ ರಾಜನಿಲ್ಲದಂತಾಯಿತು. ಥನ್ನ ರಾಜ್ಯ ಬ್ರಿಟಿಷರ ಪಾಲಾಘಬಾರದೆಂದು ಛೆನ್ನಮ್ಮ ದತ್ತು ಮಗನನ್ನು ಪಡೆದುಖೊಂಢು, ಆವನನ್ಣೇ ರಾಜಣೆಂದು ಘೋಷಿಸಿ ರಾಜ್ಯಭಾರ ಮಾಢಥೊಡಗಿದಳು. ಆದರೆ ಭ್ರಿಟಿಷರು “ದತ್ತು ಮಕ್ಕಳಿಗೆ ಹಕ್ಕಿಳ್ಲ” ಎಂಭ ಖಾಣೂನನ್ನು ಜಾರಿಗೆ ತಂದಿಧ್ದ ರು. ಈ ಖಾನೂನಿನಂತೆ ಕಿತ್ತೂರಿಘೆ ಯಾವ ರಾಜಣೂ ಇಲ್ಲವೆಂದೂ, ಆಧನ್ನು 'ಬ್ರಿಟಿಷರಿಗೆ ಒಪ್ಫಿಸಬೇಕು” ಎಂದು ಚೆನ್ಣಮ್ಮನಿಘೆ ಸಂದೇಶ ಕಳುಹಿಸಿದರು. ಅದರೆ ಚೆನಮ್ಮ ಅದಕ್ಕೆ ಏಕವಲ್ಲ. ಕೋಪಗೊಂಡ ಬ್ರಿಟಿಷರು ಖಿಥ್ತೂರಿನ ಮೇಲೆ ದಾಳಿ ಮಾಡಿಧರು.",kitturu_chennamma,"ಕರ್ನಾಟಕದ ಬೆಳಗಾವಿ ಜಿಲ್ಲೆಯಲ್ಲಿ ಕಿತ್ತೂರು ಒಂದು ಪ್ರಾಂತ್ಯ: ಸುಮಾರು ೨೮೦ ವರ್ಷಗಳ ಹಿಂದೆ ಮಲ್ಲಸರ್ಜ ಎಂಬುವನು ಇಲ್ಲಿಯ ರಾಜನಾಗಿದ್ದನು. ಅವನ ಹೆಂಡತಿ ರಾಣಿ ಚೆನ್ನಮ್ಮ ಆಗ ಭಾರತ ದೇಶವು ಬ್ರಿಟಿಷರ ಆಳ್ವಿಕೆಯಲ್ಲಿ ಇತ್ತು ಕಿತ್ತೂರಿನ ರಾಜ್ಯವು ಬಹಳ ಸಮೃದ್ಧವಾಗಿದ್ದು, ಅದರ ಮೇಲೆ ಬ್ರಿಟಿಷರಿಗೆ ಕಣ್ಣಿತ್ತು. ಅವರು ಹೇಗಾದರೂ ಮಾಡಿ ಕಿತ್ತೂರನ್ನು ತಮ್ಮ ವಶಕ್ಕೆ ತೆಗೆದುಕೊಳ್ಳಬೇಕೆಂದು ಹೊಂಚು ಹಾಕುತ್ತಿದ್ದರು. ಹೀಗಿರುವಾಗ, ದುರದೃಷ್ಟವಶಾತ್‌ ರಾಜ ಮಲ್ಪಸರ್ಜನು ಅನಾರೋಗ್ಯದಿಂದ ಸಾವನ್ನಪ್ಪಿದನು. ಆಗ ಕಿತ್ತೂರಿಗೆ ರಾಜನಿಲ್ಲದಂತಾಯಿತು. ತನ್ನ ರಾಜ್ಯ ಬ್ರಿಟಿಷರ ಪಾಲಾಗಬಾರದೆಂದು ಚೆನ್ನಮ್ಮ ದತ್ತು ಮಗನನ್ನು ಪಡೆದುಕೊಂಡು, ಅವನನ್ನೇ ರಾಜನೆಂದು ಘೋಷಿಸಿ ರಾಜ್ಯಭಾರ ಮಾಡತೊಡಗಿದಳು. ಆದರೆ ಬ್ರಿಟಿಷರು “ದತ್ತು ಮಕ್ಕಳಿಗೆ ಹಕ್ಕಿಲ್ಲ” ಎಂಬ ಕಾನೂನನ್ನು ಜಾರಿಗೆ ತಂದಿದ್ದ ರು. ಈ ಕಾನೂನಿನಂತೆ ಕಿತ್ತೂರಿಗೆ ಯಾವ ರಾಜನೂ ಇಲ್ಲವೆಂದೂ, ಅದನ್ನು 'ಬ್ರಿಟಿಷರಿಗೆ ಒಪ್ಪಿಸಬೇಕು” ಎಂದು ಚೆನ್ನಮ್ಮನಿಗೆ ಸಂದೇಶ ಕಳುಹಿಸಿದರು. ಆದರೆ ಚೆನ್ನಮ್ಮ ಅದಕ್ಕೆ ಒಪ್ಪಲಿಲ್ಲ. ಕೋಪಗೊಂಡ ಬ್ರಿಟಿಷರು ಕಿತ್ತೂರಿನ ಮೇಲೆ ದಾಳಿ ಮಾಡಿದರು.",0.746,0.254,0.003,0.814,0.971,0.817,0.183,0.007,0.802,0.947,0.16,0.84,0.778,0.906,0.077
12,"ಕರ್ನಾಟಕದ ಭೆಲಗಾವಿ ಜಿಲ್ಲೆಯಲ್ಲಿ ಖಿತ್ತೂರು ಒಂದು ಪ್ರಾಂತ್ಯ: ಸುಮಾರು ೨೮೦ ವರ್ಷಗಲ ಹಿಂಧೆ ಮಲ್ಳಶರ್ಜ ಎಂಭುವನು ಇಲ್ಲಿಯ ರಾಜನಾಗಿದ್ದನು. ಅವನ ಹೆಂಡತಿ ರಾಣಿ ಚೆನ್ನಮ್ಮ ಆಘ ಭಾರತ ದೇಸವು ಬ್ರಿಟಿಷರ ಆಳ್ವಿಕೆಯಲ್ಲಿ ಇತ್ತು ಕಿಥ್ತೂರಿನ ರಾಜ್ಯವು ಬಹಲ ಶಮೃದ್ದವಾಗಿದ್ದು, ಅಧರ ಮೇಲೆ ಬ್ರಿಟಿಷರಿಘೆ ಖಣ್ಣಿತ್ತು. ಅವರು ಹೇಗಾದರೂ ಮಾಡಿ ಖಿಥ್ತೂರನ್ನು ತಮ್ಮ ವಶಖ್ಕೆ ತೆಗೆದುಕೊಳ್ಲಬೇಕೆಂಧು ಹೊಂಚು ಹಾಕುತ್ತಿದ್ದರು. ಹೀಗಿರುವಾಗ, ಧುರದೃಷ್ಟವಶಾತ್‌ ರಾಜ ಮಲ್ಪಸರ್ಜನು ಅನಾರೋಗ್ಯದಿಂದ ಸಾವಣ್ನಪ್ಪಿದನು. ಆಗ ಕಿತ್ತೂರಿಗೆ ರಾಜನಿಲ್ಲಧಂತಾಯಿಥು. ತನ್ನ ರಾಜ್ಯ ಭ್ರಿಠಿಷರ ಪಾಲಾಘಬಾರದೆಂದು ಚೆಣ್ಣಮ್ಮ ದತ್ಥು ಮಗಣನ್ನು ಪಡೆದುಕೊಂಡು, ಅವಣನ್ನೇ ರಾಜನೆಂದು ಗೋಷಿಸಿ ರಾಜ್ಯಭಾರ ಮಾಡಥೊಡಗಿಧಲು. ಆಧರೆ ಭ್ರಿಟಿಷರು “ದತ್ತು ಮಕ್ಖಳಿಗೆ ಹಕ್ಕಿಲ್ಲ” ಎಂಬ ಕಾನೂನನ್ನು ಜಾರಿಗೆ ತಂದಿಧ್ದ ರು. ಇ ಕಾನೂನಿನಂಥೆ ಕಿಥ್ತೂರಿಗೆ ಯಾವ ರಾಜನೂ ಇಲ್ಲವೆಂದೂ, ಅದನ್ನು 'ಬ್ರಿಟಿಷರಿಗೆ ಒಪ್ಪಿಸಬೇಖು” ಎಂದು ಛೆನ್ಣಮ್ಮನಿಗೆ ಸಂದೇಶ ಕಳುಹಿಸಿದರು. ಆದರೆ ಚೆಣ್ನಮ್ಮ ಅದಖ್ಕೆ ಓಪ್ಪಲಿಲ್ಲ. ಖೋಪಘೊಂಡ ಬ್ರಿಟಿಷರು ಕಿತ್ತೂರಿನ ಮೇಲೆ ಧಾಳಿ ಮಾಢಿದರು.",kitturu_chennamma,"ಕರ್ನಾಟಕದ ಬೆಳಗಾವಿ ಜಿಲ್ಲೆಯಲ್ಲಿ ಕಿತ್ತೂರು ಒಂದು ಪ್ರಾಂತ್ಯ: ಸುಮಾರು ೨೮೦ ವರ್ಷಗಳ ಹಿಂದೆ ಮಲ್ಲಸರ್ಜ ಎಂಬುವನು ಇಲ್ಲಿಯ ರಾಜನಾಗಿದ್ದನು. ಅವನ ಹೆಂಡತಿ ರಾಣಿ ಚೆನ್ನಮ್ಮ ಆಗ ಭಾರತ ದೇಶವು ಬ್ರಿಟಿಷರ ಆಳ್ವಿಕೆಯಲ್ಲಿ ಇತ್ತು ಕಿತ್ತೂರಿನ ರಾಜ್ಯವು ಬಹಳ ಸಮೃದ್ಧವಾಗಿದ್ದು, ಅದರ ಮೇಲೆ ಬ್ರಿಟಿಷರಿಗೆ ಕಣ್ಣಿತ್ತು. ಅವರು ಹೇಗಾದರೂ ಮಾಡಿ ಕಿತ್ತೂರನ್ನು ತಮ್ಮ ವಶಕ್ಕೆ ತೆಗೆದುಕೊಳ್ಳಬೇಕೆಂದು ಹೊಂಚು ಹಾಕುತ್ತಿದ್ದರು. ಹೀಗಿರುವಾಗ, ದುರದೃಷ್ಟವಶಾತ್‌ ರಾಜ ಮಲ್ಪಸರ್ಜನು ಅನಾರೋಗ್ಯದಿಂದ ಸಾವನ್ನಪ್ಪಿದನು. ಆಗ ಕಿತ್ತೂರಿಗೆ ರಾಜನಿಲ್ಲದಂತಾಯಿತು. ತನ್ನ ರಾಜ್ಯ ಬ್ರಿಟಿಷರ ಪಾಲಾಗಬಾರದೆಂದು ಚೆನ್ನಮ್ಮ ದತ್ತು ಮಗನನ್ನು ಪಡೆದುಕೊಂಡು, ಅವನನ್ನೇ ರಾಜನೆಂದು ಘೋಷಿಸಿ ರಾಜ್ಯಭಾರ ಮಾಡತೊಡಗಿದಳು. ಆದರೆ ಬ್ರಿಟಿಷರು “ದತ್ತು ಮಕ್ಕಳಿಗೆ ಹಕ್ಕಿಲ್ಲ” ಎಂಬ ಕಾನೂನನ್ನು ಜಾರಿಗೆ ತಂದಿದ್ದ ರು. ಈ ಕಾನೂನಿನಂತೆ ಕಿತ್ತೂರಿಗೆ ಯಾವ ರಾಜನೂ ಇಲ್ಲವೆಂದೂ, ಅದನ್ನು 'ಬ್ರಿಟಿಷರಿಗೆ ಒಪ್ಪಿಸಬೇಕು” ಎಂದು ಚೆನ್ನಮ್ಮನಿಗೆ ಸಂದೇಶ ಕಳುಹಿಸಿದರು. ಆದರೆ ಚೆನ್ನಮ್ಮ ಅದಕ್ಕೆ ಒಪ್ಪಲಿಲ್ಲ. ಕೋಪಗೊಂಡ ಬ್ರಿಟಿಷರು ಕಿತ್ತೂರಿನ ಮೇಲೆ ದಾಳಿ ಮಾಡಿದರು.",0.736,0.264,0.0,0.808,0.969,0.845,0.155,0.0,0.874,0.959,0.189,0.811,0.779,0.741,0.081
13,"ಕರ್ನಾಟಕದ ಬೆಳಗಾವಿ ಜಿಲ್ಳೆಯಳ್ಳಿ ಕಿತ್ತೂರು ಒಂಧು ಫ್ರಾಂತ್ಯ: ಶುಮಾರು ೨೮೦ ವರ್ಷಗಲ ಹಿಂದೆ ಮಳ್ಲಸರ್ಜ ಎಂಬುವನು ಇಲ್ಲಿಯ ರಾಜಣಾಗಿಧ್ದನು. ಆವನ ಹೆಂಡತಿ ರಾನಿ ಚೆನಮ್ಮ ಅಗ ಭಾರಥ ದೇಶವು ಬ್ರಿಟಿಷರ ಆಲ್ವಿಕೆಯಲ್ಲಿ ಇತ್ಥು ಕಿತ್ಥೂರಿನ ರಾಝ್ಯವು ಬಹಲ ಸಮೃದ್ದವಾಗಿಧ್ದು, ಅದರ ಮೇಲೆ ಬ್ರಿಟಿಷರಿಗೆ ಕಣ್ಣಿತ್ಥು. ಅವರು ಹೇಗಾದರೂ ಮಾಢಿ ಖಿಥ್ತೂರನ್ಣು ತಮ್ಮ ವಶಕ್ಕೆ ಥೆಗೆದುಕೊಳ್ಳಭೇಕೆಂದು ಹೊಂಛು ಹಾಖುತ್ತಿಧ್ದರು. ಹೀಗಿರುವಾಗ, ಧುರಧೃಷ್ಠವಶಾತ್‌ ರಾಜ ಮಲ್ಪಸರ್ಜನು ಅನಾರೋಗ್ಯದಿಂದ ಸಾವನ್ನಪ್ಪಿದನು. ಆಗ ಕಿತ್ತೂರಿಗೆ ರಾಜನಿಲ್ಲದಂತಾಯಿತು. ಥನ್ನ ರಾಜ್ಯ ಬ್ರಿಟಿಷರ ಫಾಲಾಗಬಾರದೆಂದು ಚೆಣ್ನಮ್ಮ ದಥ್ತು ಮಗನನ್ನು ಫಢೆಧುಖೊಂಡು, ಅವನಣ್ನೇ ರಾಜನೆಂದು ಘೋಷಿಸಿ ರಾಜ್ಯಭಾರ ಮಾಡತೊಡಗಿಧಳು. ಆದರೆ ಬ್ರಿಟಿಷರು “ದತ್ತು ಮಕ್ಕಳಿಗೆ ಅಧಿಕಾರ ಇಲ್ಲ” ಎಂಬ ಕಾನೂನನ್ನು ಜಾರಿಗೆ ಥಂಧಿದ್ದ ರು. ಈ ಕಾನೂನಿನಂಥೆ ಕಿತ್ತೂರಿಗೆ ಯಾವ ರಾಜನೂ ಇಲ್ಲವೆಂಧೂ, ಅದನ್ನು 'ಬ್ರಿಟಿಷರಿಗೆ ಒಪ್ಫಿಸಬೇಕು” ಎಂಧು ಚೆನ್ಣಮ್ಮಣಿಗೆ ಸಂದೇಶ ಕಳುಹಿಸಿದರು. ಆದರೆ ಚೆನಮ್ಮ ಅಧಖ್ಕೆ ಓಪ್ಪಲಿಲ್ಳ. ಖೋಪಗೊಂಡ ಬ್ರಿಠಿಷರು ಕಿತ್ತೂರಲ್ಲಿ ಮೇಲೆ ದಾಳಿ ಮಾಡಿದರು.",kitturu_chennamma,"ಕರ್ನಾಟಕದ ಬೆಳಗಾವಿ ಜಿಲ್ಲೆಯಲ್ಲಿ ಕಿತ್ತೂರು ಒಂದು ಪ್ರಾಂತ್ಯ: ಸುಮಾರು ೨೮೦ ವರ್ಷಗಳ ಹಿಂದೆ ಮಲ್ಲಸರ್ಜ ಎಂಬುವನು ಇಲ್ಲಿಯ ರಾಜನಾಗಿದ್ದನು. ಅವನ ಹೆಂಡತಿ ರಾಣಿ ಚೆನ್ನಮ್ಮ ಆಗ ಭಾರತ ದೇಶವು ಬ್ರಿಟಿಷರ ಆಳ್ವಿಕೆಯಲ್ಲಿ ಇತ್ತು ಕಿತ್ತೂರಿನ ರಾಜ್ಯವು ಬಹಳ ಸಮೃದ್ಧವಾಗಿದ್ದು, ಅದರ ಮೇಲೆ ಬ್ರಿಟಿಷರಿಗೆ ಕಣ್ಣಿತ್ತು. ಅವರು ಹೇಗಾದರೂ ಮಾಡಿ ಕಿತ್ತೂರನ್ನು ತಮ್ಮ ವಶಕ್ಕೆ ತೆಗೆದುಕೊಳ್ಳಬೇಕೆಂದು ಹೊಂಚು ಹಾಕುತ್ತಿದ್ದರು. ಹೀಗಿರುವಾಗ, ದುರದೃಷ್ಟವಶಾತ್‌ ರಾಜ ಮಲ್ಪಸರ್ಜನು ಅನಾರೋಗ್ಯದಿಂದ ಸಾವನ್ನಪ್ಪಿದನು. ಆಗ ಕಿತ್ತೂರಿಗೆ ರಾಜನಿಲ್ಲದಂತಾಯಿತು. ತನ್ನ ರಾಜ್ಯ ಬ್ರಿಟಿಷರ ಪಾಲಾಗಬಾರದೆಂದು ಚೆನ್ನಮ್ಮ ದತ್ತು ಮಗನನ್ನು ಪಡೆದುಕೊಂಡು, ಅವನನ್ನೇ ರಾಜನೆಂದು ಘೋಷಿಸಿ ರಾಜ್ಯಭಾರ ಮಾಡತೊಡಗಿದಳು. ಆದರೆ ಬ್ರಿಟಿಷರು “ದತ್ತು ಮಕ್ಕಳಿಗೆ ಹಕ್ಕಿಲ್ಲ” ಎಂಬ ಕಾನೂನನ್ನು ಜಾರಿಗೆ ತಂದಿದ್ದ ರು. ಈ ಕಾನೂನಿನಂತೆ ಕಿತ್ತೂರಿಗೆ ಯಾವ ರಾಜನೂ ಇಲ್ಲವೆಂದೂ, ಅದನ್ನು 'ಬ್ರಿಟಿಷರಿಗೆ ಒಪ್ಪಿಸಬೇಕು” ಎಂದು ಚೆನ್ನಮ್ಮನಿಗೆ ಸಂದೇಶ ಕಳುಹಿಸಿದರು. ಆದರೆ ಚೆನ್ನಮ್ಮ ಅದಕ್ಕೆ ಒಪ್ಪಲಿಲ್ಲ. ಕೋಪಗೊಂಡ ಬ್ರಿಟಿಷರು ಕಿತ್ತೂರಿನ ಮೇಲೆ ದಾಳಿ ಮಾಡಿದರು.",0.684,0.316,0.003,0.863,0.958,0.807,0.193,0.002,0.83,0.945,0.108,0.892,0.778,0.791,0.046
14,"ಕರ್ಣಾಟಕದ ಬೆಳಘಾವಿ ಜಿಲ್ಲೆಯಳ್ಲಿ ಕಿತ್ತೂರು ಒಂಧು ಪ್ರಾಂತ್ಯ: ಸುಮಾರು ೨೮೦ ವರ್ಷಗಳ ಹಿಂಧೆ ಮಲ್ಳಶರ್ಜ ಏಂಬುವನು ಇಲ್ಲಿಯ ರಾಜನಾಗಿದ್ದನು. ಆವನ ಹೆಂಡಥಿ ರಾಣಿ ಚೆನ್ಣಮ್ಮ ಆಗ ಭಾರತ ದೇಶವು ಭ್ರಿಟಿಷರ ಆಳ್ವಿಖೆಯಲ್ಲಿ ಇಥ್ಥು ಖಿಥ್ತೂರಿನ ರಾಜ್ಯವು ಬಹಳ ಶಮೃದ್ದವಾಘಿದ್ದು, ಅದರ ಮೇಲೆ ಬ್ರಿಠಿಷರಿಘೆ ಖಣ್ಣಿಥ್ತು. ಅವರು ಹೇಘಾಧರೂ ಮಾಡಿ ಕಿತ್ತೂರನ್ನು ತಮ್ಮ ವಶಕ್ಕೆ ತೆಗೆಧುಕೊಳ್ಲಬೇಕೆಂದು ಹೊಂಚು ಹಾಕುತ್ಥಿದ್ಧರು. ಹೀಗಿರುವಾಗ, ದುರದೃಷ್ಟವಶಾತ್‌ ರಾಝ ಮಲ್ಪಸರ್ಝನು ಅಣಾರೋಗ್ಯಧಿಂದ ಸಾವನ್ನಫ್ಪಿದನು. ಅಗ ಕಿತ್ತೂರಿಗೆ ರಾಜನಿಲ್ಲದಂಥಾಯಿಥು. ತನ್ನ ರಾಜ್ಯ ಬ್ರಿಟಿಷರ ಪಾಳಾಗಬಾರದೆಂದು ಚೆನಮ್ಮ ದತ್ತು ಮಘನನ್ನು ಫಡೆದುಕೊಂಢು, ಆವನಣ್ಣೇ ರಾಜನೆಂಧು ಘೋಷಿಸಿ ರಾಝ್ಯಭಾರ ಮಾಢತೊಡಗಿದಲು. ಆದರೆ ಬ್ರಿಟಿಷರು “ದತ್ಥು ಮಖ್ಕಳಿಗೆ ಹಕ್ಕಿಲ್ಳ” ಎಂಬ ಕಾನೂನನ್ನು ಜಾರಿಗೆ ತಂದಿದ್ದ ರು. ಈ ಕಾಣೂನಿನಂಥೆ ಕಿತ್ಥೂರಿಗೆ ಯಾವ ರಾಜನೂ ಇಳ್ಲವೆಂದೂ, ಅದನ್ನು 'ಬ್ರಿಟಿಷರಿಗೆ ಒಫ್ಫಿಸಬೇಕು” ಎಂದು ಚೆನ್ನಮ್ಮನಿಗೆ ಸಂದೇಸ ಕಳುಹಿಸಿದರು. ಆದರೆ ಚೆನ್ಣಮ್ಮ ಅದಕ್ಕೆ ಒಫ್ಪಲಿಲ್ಳ. ಕೋಪಗೊಂಡ ಬ್ರಿಟಿಷರು ಕಿಥ್ತೂರಿನ ಮೇಲೆ ದಾಳಿ ಮಾಡಿದರು.",kitturu_chennamma,"ಕರ್ನಾಟಕದ ಬೆಳಗಾವಿ ಜಿಲ್ಲೆಯಲ್ಲಿ ಕಿತ್ತೂರು ಒಂದು ಪ್ರಾಂತ್ಯ: ಸುಮಾರು ೨೮೦ ವರ್ಷಗಳ ಹಿಂದೆ ಮಲ್ಲಸರ್ಜ ಎಂಬುವನು ಇಲ್ಲಿಯ ರಾಜನಾಗಿದ್ದನು. ಅವನ ಹೆಂಡತಿ ರಾಣಿ ಚೆನ್ನಮ್ಮ ಆಗ ಭಾರತ ದೇಶವು ಬ್ರಿಟಿಷರ ಆಳ್ವಿಕೆಯಲ್ಲಿ ಇತ್ತು ಕಿತ್ತೂರಿನ ರಾಜ್ಯವು ಬಹಳ ಸಮೃದ್ಧವಾಗಿದ್ದು, ಅದರ ಮೇಲೆ ಬ್ರಿಟಿಷರಿಗೆ ಕಣ್ಣಿತ್ತು. ಅವರು ಹೇಗಾದರೂ ಮಾಡಿ ಕಿತ್ತೂರನ್ನು ತಮ್ಮ ವಶಕ್ಕೆ ತೆಗೆದುಕೊಳ್ಳಬೇಕೆಂದು ಹೊಂಚು ಹಾಕುತ್ತಿದ್ದರು. ಹೀಗಿರುವಾಗ, ದುರದೃಷ್ಟವಶಾತ್‌ ರಾಜ ಮಲ್ಪಸರ್ಜನು ಅನಾರೋಗ್ಯದಿಂದ ಸಾವನ್ನಪ್ಪಿದನು. ಆಗ ಕಿತ್ತೂರಿಗೆ ರಾಜನಿಲ್ಲದಂತಾಯಿತು. ತನ್ನ ರಾಜ್ಯ ಬ್ರಿಟಿಷರ ಪಾಲಾಗಬಾರದೆಂದು ಚೆನ್ನಮ್ಮ ದತ್ತು ಮಗನನ್ನು ಪಡೆದುಕೊಂಡು, ಅವನನ್ನೇ ರಾಜನೆಂದು ಘೋಷಿಸಿ ರಾಜ್ಯಭಾರ ಮಾಡತೊಡಗಿದಳು. ಆದರೆ ಬ್ರಿಟಿಷರು “ದತ್ತು ಮಕ್ಕಳಿಗೆ ಹಕ್ಕಿಲ್ಲ” ಎಂಬ ಕಾನೂನನ್ನು ಜಾರಿಗೆ ತಂದಿದ್ದ ರು. ಈ ಕಾನೂನಿನಂತೆ ಕಿತ್ತೂರಿಗೆ ಯಾವ ರಾಜನೂ ಇಲ್ಲವೆಂದೂ, ಅದನ್ನು 'ಬ್ರಿಟಿಷರಿಗೆ ಒಪ್ಪಿಸಬೇಕು” ಎಂದು ಚೆನ್ನಮ್ಮನಿಗೆ ಸಂದೇಶ ಕಳುಹಿಸಿದರು. ಆದರೆ ಚೆನ್ನಮ್ಮ ಅದಕ್ಕೆ ಒಪ್ಪಲಿಲ್ಲ. ಕೋಪಗೊಂಡ ಬ್ರಿಟಿಷರು ಕಿತ್ತೂರಿನ ಮೇಲೆ ದಾಳಿ ಮಾಡಿದರು.",0.72,0.28,0.003,0.782,0.964,0.822,0.178,0.002,0.784,0.949,0.157,0.843,0.778,0.95,0.079
15,"ಕರ್ನಾಟಖಧ ಬೆಳಗಾವಿ ಜಿಲ್ಳೆಯಲ್ಲಿ ಖಿತ್ಥೂರು ಒಂದು ಪ್ರಾಂಥ್ಯ: ಸುಮಾರು ೨೮೦ ವರ್ಷಗಳ ಹಿಂದೆ ಮಲ್ಲಸರ್ಜ ಎಂಬುವಣು ಇಲ್ಲಿಯ ರಾಜನಾಘಿದ್ದನು. ರಾಜನಾಘಿದ್ದನು. ಅವನ ಹೆಂಢತಿ ರಾಣಿ ಚೆನಮ್ಮ ಆಗ ಭಾರತ ದೇಶವು ಬ್ರಿಟಿಷರ ಆಲ್ವಿಕೆಯಲ್ಲಿ ಇತ್ತು ಕಿಥ್ತೂರಿನ ರಾಜ್ಯವು ಭಹಳ ಸಮೃದ್ಧವಾಘಿದ್ದು, ಅದರ ಮೇಲೆ ಬ್ರಿಟಿಷರಿಗೆ ಕಣ್ಣಿತ್ತು. ಅವರು ಹೇಗಾಧರೂ ಮಾಡಿ ಖಿತ್ಥೂರನ್ನು ತಮ್ಮ ವಶಕ್ಕೆ ಥೆಗೆಧುಖೊಲ್ಲಭೇಕೆಂಧು ಹೊಂಚು ಹಾಕುತ್ತಿದ್ದರು. ಹೀಗಿರುವಾಗ, ದುರದೃಷ್ಟವಶಾಥ್‌ ರಾಜ ಮಲ್ಪಸರ್ಜಣು ಅಣಾರೋಗ್ಯದಿಂದ ಸಾವನ್ನಫ್ಪಿದನು. ಆಗ ಕಿತ್ತೂರಿಗೆ ರಾಜನಿಲ್ಲದಂತಾಯಿತು. ತನ್ನ ರಾಜ್ಯ ಬ್ರಿಟಿಷರ ಪಾಲಾಗಬಾರದೆಂಧು ಚೆನ್ಣಮ್ಮ ದಥ್ಥು ಮಗನನ್ಣು ಪಡೆದುಕೊಂಡು, ಅವನನ್ನೇ ರಾಜನೆಂದು ಘೋಷಿಸಿ ರಾಝ್ಯಭಾರ ಮಾಡತೊಢಗಿದಳು. ಅದರೆ ಬ್ರಿಟಿಷರು “ದತ್ತು ಮಕ್ಕಳಿಗೆ ಹಕ್ಕಿಲ್ಲ” ಎಂಬ ಕಾಣೂನನ್ನು ಜಾರಿಗೆ ಥಂದಿದ್ಧ ರು. ಈ ಕಾನೂನಿನಂತೆ ಕಿತ್ಥೂರಿಗೆ ಯಾವ ರಾಜನೂ ಈಲ್ಲವೆಂದೂ, ಅದನ್ಣು 'ಬ್ರಿಟಿಷರಿಗೆ ಒಪ್ಪಿಸಬೇಖು” ಎಂದು ಚೆನ್ನಮ್ಮನಿಗೆ ಶಂಧೇಶ ಕಳುಹಿಸಿಧರು. ಆದರೆ ಚೆನಮ್ಮ ಅಧಕ್ಕೆ ಒಫ್ಫಲಿಲ್ಲ. ಕೋಪಗೊಂಡ ಭ್ರಿಠಿಷರು ಕಿಥ್ತೂರಿನ ಮೇಲೆ ದಾಳಿ ಮಾಡಿದರು.",kitturu_chennamma,"ಕರ್ನಾಟಕದ ಬೆಳಗಾವಿ ಜಿಲ್ಲೆಯಲ್ಲಿ ಕಿತ್ತೂರು ಒಂದು ಪ್ರಾಂತ್ಯ: ಸುಮಾರು ೨೮೦ ವರ್ಷಗಳ ಹಿಂದೆ ಮಲ್ಲಸರ್ಜ ಎಂಬುವನು ಇಲ್ಲಿಯ ರಾಜನಾಗಿದ್ದನು. ಅವನ ಹೆಂಡತಿ ರಾಣಿ ಚೆನ್ನಮ್ಮ ಆಗ ಭಾರತ ದೇಶವು ಬ್ರಿಟಿಷರ ಆಳ್ವಿಕೆಯಲ್ಲಿ ಇತ್ತು ಕಿತ್ತೂರಿನ ರಾಜ್ಯವು ಬಹಳ ಸಮೃದ್ಧವಾಗಿದ್ದು, ಅದರ ಮೇಲೆ ಬ್ರಿಟಿಷರಿಗೆ ಕಣ್ಣಿತ್ತು. ಅವರು ಹೇಗಾದರೂ ಮಾಡಿ ಕಿತ್ತೂರನ್ನು ತಮ್ಮ ವಶಕ್ಕೆ ತೆಗೆದುಕೊಳ್ಳಬೇಕೆಂದು ಹೊಂಚು ಹಾಕುತ್ತಿದ್ದರು. ಹೀಗಿರುವಾಗ, ದುರದೃಷ್ಟವಶಾತ್‌ ರಾಜ ಮಲ್ಪಸರ್ಜನು ಅನಾರೋಗ್ಯದಿಂದ ಸಾವನ್ನಪ್ಪಿದನು. ಆಗ ಕಿತ್ತೂರಿಗೆ ರಾಜನಿಲ್ಲದಂತಾಯಿತು. ತನ್ನ ರಾಜ್ಯ ಬ್ರಿಟಿಷರ ಪಾಲಾಗಬಾರದೆಂದು ಚೆನ್ನಮ್ಮ ದತ್ತು ಮಗನನ್ನು ಪಡೆದುಕೊಂಡು, ಅವನನ್ನೇ ರಾಜನೆಂದು ಘೋಷಿಸಿ ರಾಜ್ಯಭಾರ ಮಾಡತೊಡಗಿದಳು. ಆದರೆ ಬ್ರಿಟಿಷರು “ದತ್ತು ಮಕ್ಕಳಿಗೆ ಹಕ್ಕಿಲ್ಲ” ಎಂಬ ಕಾನೂನನ್ನು ಜಾರಿಗೆ ತಂದಿದ್ದ ರು. ಈ ಕಾನೂನಿನಂತೆ ಕಿತ್ತೂರಿಗೆ ಯಾವ ರಾಜನೂ ಇಲ್ಲವೆಂದೂ, ಅದನ್ನು 'ಬ್ರಿಟಿಷರಿಗೆ ಒಪ್ಪಿಸಬೇಕು” ಎಂದು ಚೆನ್ನಮ್ಮನಿಗೆ ಸಂದೇಶ ಕಳುಹಿಸಿದರು. ಆದರೆ ಚೆನ್ನಮ್ಮ ಅದಕ್ಕೆ ಒಪ್ಪಲಿಲ್ಲ. ಕೋಪಗೊಂಡ ಬ್ರಿಟಿಷರು ಕಿತ್ತೂರಿನ ಮೇಲೆ ದಾಳಿ ಮಾಡಿದರು.",0.784,0.216,0.01,0.877,0.979,0.84,0.16,0.013,0.815,0.954,0.174,0.826,0.781,0.845,0.08
16,"ಕರ್ನಾಠಕದ ಬೆಳಗಾವಿ ಜಿಳ್ಲೆಯಳ್ಲಿ ಕಿತ್ತೂರು ಒಂಧು ಫ್ರಾಂಥ್ಯ: ಸುಮಾರು ೨೮೦ ವರ್ಷಘಳ ಹಿಂದೆ ಮಲ್ಲಸರ್ಜ ಎಂಬುವನು ಇಳ್ಲಿಯ ರಾಜನಾಗಿದ್ದನು. ಆವನ ಹೆಂಢತಿ ರಾಣಿ ಚೆನಮ್ಮ ಆಗ ಭಾರಥ ದೇಶವು ಭ್ರಿಟಿಷರ ಆಲ್ವಿಕೆಯಲ್ಲಿ ಈತ್ಥು ಕಿಥ್ತೂರಿನ ರಾಜ್ಯವು ಬಹಳ ಸಮೃದ್ಧವಾಘಿದ್ದು, ಅಧರ ಮೇಲೆ ಭ್ರಿಟಿಷರಿಘೆ ಖನ್ಣಿತ್ತು. ಆವರು ಹೇಗಾದರೂ ಮಾಡಿ ಕಿಥ್ತೂರನ್ನು ತಮ್ಮ ವಶಕ್ಕೆ ತೆಗೆಧುಖೊಳ್ಳಬೇಕೆಂಧು ಹೊಂಚು ಹಾಕುತ್ಥಿದ್ದರು. ಹೀಘಿರುವಾಗ, ದುರದೃಷ್ಟವಶಾತ್‌ ರಾಜ ಮಲ್ಪಸರ್ಜನು ಅಣಾರೋಘ್ಯಧಿಂಧ ಸಾವನ್ನಪ್ಪಿದನು. ಆಗ ಕಿಥ್ತೂರಿಗೆ ರಾಜನಿಲ್ಲದಂತಾಯಿತು. ಥನ್ನ ರಾಜ್ಯ ಬ್ರಿಠಿಷರ ಪಾಲಾಗಭಾರದೆಂದು ಚೆನಮ್ಮ ದಥ್ಥು ಮಘನನ್ನು ಪಢೆಧುಕೊಂಡು, ಅವಣನ್ನೇ ರಾಜಣೆಂಧು ಘೋಷಿಶಿ ರಾಝ್ಯಭಾರ ಮಾಡತೊಡಗಿದಲು. ಅದರೆ ಬ್ರಿಠಿಷರು “ದತ್ತು ಮಕ್ಕಲಿಗೆ ಹಕ್ಕಿಲ್ಲ” ಎಂಬ ಕಾನೂನನ್ಣು ಜಾರಿಗೆ ತಂದಿದ್ದ ರು. ಈ ಖಾನೂನಿನಂತೆ ಕಿಥ್ತೂರಿಗೆ ಯಾವ ರಾಜನೂ ಇಲ್ಳವೆಂದೂ, ಅದನ್ನು 'ಬ್ರಿಟಿಷರಿಗೆ ಓಫ್ಪಿಸಬೇಕು” ಏಂದು ಛೆನ್ನಮ್ಮನಿಗೆ ಶಂದೇಶ ಶಂದೇಶ ಖಳುಹಿಶಿದರು. ಆದರೆ ಛೆಣ್ಣಮ್ಮ ಅಧಕ್ಕೆ ಒಫ್ಫಳಿಲ್ಲ. ಖೋಪಗೊಂಡ ಭ್ರಿಟಿಷರು ಕಿತ್ಥೂರಿನ ಮೇಲೆ ದಾಳಿ ಮಾಡಿಧರು.",kitturu_chennamma,"ಕರ್ನಾಟಕದ ಬೆಳಗಾವಿ ಜಿಲ್ಲೆಯಲ್ಲಿ ಕಿತ್ತೂರು ಒಂದು ಪ್ರಾಂತ್ಯ: ಸುಮಾರು ೨೮೦ ವರ್ಷಗಳ ಹಿಂದೆ ಮಲ್ಲಸರ್ಜ ಎಂಬುವನು ಇಲ್ಲಿಯ ರಾಜನಾಗಿದ್ದನು. ಅವನ ಹೆಂಡತಿ ರಾಣಿ ಚೆನ್ನಮ್ಮ ಆಗ ಭಾರತ ದೇಶವು ಬ್ರಿಟಿಷರ ಆಳ್ವಿಕೆಯಲ್ಲಿ ಇತ್ತು ಕಿತ್ತೂರಿನ ರಾಜ್ಯವು ಬಹಳ ಸಮೃದ್ಧವಾಗಿದ್ದು, ಅದರ ಮೇಲೆ ಬ್ರಿಟಿಷರಿಗೆ ಕಣ್ಣಿತ್ತು. ಅವರು ಹೇಗಾದರೂ ಮಾಡಿ ಕಿತ್ತೂರನ್ನು ತಮ್ಮ ವಶಕ್ಕೆ ತೆಗೆದುಕೊಳ್ಳಬೇಕೆಂದು ಹೊಂಚು ಹಾಕುತ್ತಿದ್ದರು. ಹೀಗಿರುವಾಗ, ದುರದೃಷ್ಟವಶಾತ್‌ ರಾಜ ಮಲ್ಪಸರ್ಜನು ಅನಾರೋಗ್ಯದಿಂದ ಸಾವನ್ನಪ್ಪಿದನು. ಆಗ ಕಿತ್ತೂರಿಗೆ ರಾಜನಿಲ್ಲದಂತಾಯಿತು. ತನ್ನ ರಾಜ್ಯ ಬ್ರಿಟಿಷರ ಪಾಲಾಗಬಾರದೆಂದು ಚೆನ್ನಮ್ಮ ದತ್ತು ಮಗನನ್ನು ಪಡೆದುಕೊಂಡು, ಅವನನ್ನೇ ರಾಜನೆಂದು ಘೋಷಿಸಿ ರಾಜ್ಯಭಾರ ಮಾಡತೊಡಗಿದಳು. ಆದರೆ ಬ್ರಿಟಿಷರು “ದತ್ತು ಮಕ್ಕಳಿಗೆ ಹಕ್ಕಿಲ್ಲ” ಎಂಬ ಕಾನೂನನ್ನು ಜಾರಿಗೆ ತಂದಿದ್ದ ರು. ಈ ಕಾನೂನಿನಂತೆ ಕಿತ್ತೂರಿಗೆ ಯಾವ ರಾಜನೂ ಇಲ್ಲವೆಂದೂ, ಅದನ್ನು 'ಬ್ರಿಟಿಷರಿಗೆ ಒಪ್ಪಿಸಬೇಕು” ಎಂದು ಚೆನ್ನಮ್ಮನಿಗೆ ಸಂದೇಶ ಕಳುಹಿಸಿದರು. ಆದರೆ ಚೆನ್ನಮ್ಮ ಅದಕ್ಕೆ ಒಪ್ಪಲಿಲ್ಲ. ಕೋಪಗೊಂಡ ಬ್ರಿಟಿಷರು ಕಿತ್ತೂರಿನ ಮೇಲೆ ದಾಳಿ ಮಾಡಿದರು.",0.604,0.396,0.003,0.95,0.934,0.786,0.214,0.002,0.779,0.935,0.159,0.841,0.779,0.871,0.074
17,"ಕರ್ನಾಟಕದ ಬೆಳಗಾವಿ ಜಿಳ್ಲೆಯಲ್ಳಿ ಕಿಥ್ತೂರು ಒಂದು ಫ್ರಾಂತ್ಯ: ಸುಮಾರು ೨೮೦ ವರ್ಷಘಳ ಹಿಂದೆ ಮಲ್ಲಶರ್ಜ ಎಂಬುವನು ಇಲ್ಲಿಯ ರಾಜನಾಗಿದ್ದನು. ಅವನ ಹೆಂಡತಿ ರಾಣಿ ಛೆನ್ಣಮ್ಮ ಅಘ ಬಾರಥ ದೇಶವು ಬ್ರಿಟಿಷರ ಆಲ್ವಿಕೆಯಲ್ಲಿ ಇತ್ತು ಕಿಥ್ತೂರಿನ ರಾಜ್ಯವು ಬಹಳ ಸಮೃಧ್ಧವಾಘಿದ್ಧು, ಅದರ ಮೇಳೆ ಬ್ರಿಟಿಷರಿಘೆ ಕಣ್ಣಿಥ್ಥು. ಅವರು ಹೇಗಾದರೂ ಮಾಡಿ ಖಿತ್ತೂರನ್ನು ಥಮ್ಮ ವಶಕ್ಕೆ ತೆಗೆಧುಕೊಲ್ಲಭೇಕೆಂದು ಹೊಂಚು ಹಾಕುತ್ತಿದ್ದರು. ಹೀಗಿರುವಾಗ, ದುರಧೃಷ್ಟವಸಾತ್‌ ರಾಜ ಮಲ್ಪಸರ್ಜನು ಆನಾರೋಗ್ಯದಿಂದ ಸಾವನ್ನಫ್ಫಿದನು. ಆಘ ಕಿತ್ತೂರಿಗೆ ರಾಜನಿಲ್ಲದಂತಾಯಿತು. ತನ್ನ ರಾಝ್ಯ ಬ್ರಿಟಿಷರ ಪಾಲಾಘಬಾರದೆಂದು ಛೆನ್ನಮ್ಮ ಧತ್ತು ಮಗನನ್ನು ಫಡೆದುಕೊಂಡು, ಅವನಣ್ನೇ ರಾಜನೆಂದು ಘೋಷಿಶಿ ರಾಜ್ಯಭಾರ ಮಾಢಥೊಡಗಿಧಲು. ಆದರೆ ಬ್ರಿಠಿಷರು “ಧಥ್ತು ಮಕ್ಕಲಿಗೆ ಹಕ್ಕಿಲ್ಳ” ಎಂಬ ಕಾನೂನನ್ನು ಝಾರಿಗೆ ತಂದಿದ್ದ ರು. ಈ ಕಾನೂನಿನಂಥೆ ಕಿಥ್ತೂರಿಗೆ ಯಾವ ರಾಜಣೂ ಇಳ್ಲವೆಂದೂ, ಆದಣ್ನು 'ಬ್ರಿಟಿಷರಿಗೆ ಒಪ್ಪಿಸಬೇಕು” ಎಂದು ಚೆಣ್ನಮ್ಮನಿಗೆ ಸಂದೇಶ ಕಳುಹಿಸಿದರು. ಆದರೆ ಚೆನ್ಣಮ್ಮ ಅದಕ್ಕೆ ಓಪ್ಪಲಿಲ್ಲ. ಕೋಫಗೊಂಡ ಬ್ರಿಠಿಷರು ಕಿತ್ತೂರಿನ ಮೇಲೆ ದಾಳಿ ಮಾಢಿದರು.",kitturu_chennamma,"ಕರ್ನಾಟಕದ ಬೆಳಗಾವಿ ಜಿಲ್ಲೆಯಲ್ಲಿ ಕಿತ್ತೂರು ಒಂದು ಪ್ರಾಂತ್ಯ: ಸುಮಾರು ೨೮೦ ವರ್ಷಗಳ ಹಿಂದೆ ಮಲ್ಲಸರ್ಜ ಎಂಬುವನು ಇಲ್ಲಿಯ ರಾಜನಾಗಿದ್ದನು. ಅವನ ಹೆಂಡತಿ ರಾಣಿ ಚೆನ್ನಮ್ಮ ಆಗ ಭಾರತ ದೇಶವು ಬ್ರಿಟಿಷರ ಆಳ್ವಿಕೆಯಲ್ಲಿ ಇತ್ತು ಕಿತ್ತೂರಿನ ರಾಜ್ಯವು ಬಹಳ ಸಮೃದ್ಧವಾಗಿದ್ದು, ಅದರ ಮೇಲೆ ಬ್ರಿಟಿಷರಿಗೆ ಕಣ್ಣಿತ್ತು. ಅವರು ಹೇಗಾದರೂ ಮಾಡಿ ಕಿತ್ತೂರನ್ನು ತಮ್ಮ ವಶಕ್ಕೆ ತೆಗೆದುಕೊಳ್ಳಬೇಕೆಂದು ಹೊಂಚು ಹಾಕುತ್ತಿದ್ದರು. ಹೀಗಿರುವಾಗ, ದುರದೃಷ್ಟವಶಾತ್‌ ರಾಜ ಮಲ್ಪಸರ್ಜನು ಅನಾರೋಗ್ಯದಿಂದ ಸಾವನ್ನಪ್ಪಿದನು. ಆಗ ಕಿತ್ತೂರಿಗೆ ರಾಜನಿಲ್ಲದಂತಾಯಿತು. ತನ್ನ ರಾಜ್ಯ ಬ್ರಿಟಿಷರ ಪಾಲಾಗಬಾರದೆಂದು ಚೆನ್ನಮ್ಮ ದತ್ತು ಮಗನನ್ನು ಪಡೆದುಕೊಂಡು, ಅವನನ್ನೇ ರಾಜನೆಂದು ಘೋಷಿಸಿ ರಾಜ್ಯಭಾರ ಮಾಡತೊಡಗಿದಳು. ಆದರೆ ಬ್ರಿಟಿಷರು “ದತ್ತು ಮಕ್ಕಳಿಗೆ ಹಕ್ಕಿಲ್ಲ” ಎಂಬ ಕಾನೂನನ್ನು ಜಾರಿಗೆ ತಂದಿದ್ದ ರು. ಈ ಕಾನೂನಿನಂತೆ ಕಿತ್ತೂರಿಗೆ ಯಾವ ರಾಜನೂ ಇಲ್ಲವೆಂದೂ, ಅದನ್ನು 'ಬ್ರಿಟಿಷರಿಗೆ ಒಪ್ಪಿಸಬೇಕು” ಎಂದು ಚೆನ್ನಮ್ಮನಿಗೆ ಸಂದೇಶ ಕಳುಹಿಸಿದರು. ಆದರೆ ಚೆನ್ನಮ್ಮ ಅದಕ್ಕೆ ಒಪ್ಪಲಿಲ್ಲ. ಕೋಪಗೊಂಡ ಬ್ರಿಟಿಷರು ಕಿತ್ತೂರಿನ ಮೇಲೆ ದಾಳಿ ಮಾಡಿದರು.",0.782,0.218,0.0,0.775,0.977,0.818,0.182,0.0,0.777,0.947,0.16,0.84,0.779,0.95,0.081
18,"ಕರ್ನಾಟಕದ ಬೆಳಗಾವಿ ಜಿಲ್ಳೆಯಲ್ಲಿ ಕಿತ್ಥೂರು ಒಂಧು ಪ್ರಾಂಥ್ಯ: ಶುಮಾರು ೨೮೦ ವರ್ಷಗಳ ಹಿಂದೆ ಮಲ್ಲಶರ್ಝ ಎಂಬುವನು ಇಲ್ಲಿಯ ರಾಜನಾಘಿದ್ಧನು. ಅವನ ಹೆಂಡತಿ ರಾಣಿ ಚೆನ್ನಮ್ಮ ಆಗ ಭಾರಥ ದೇಶವು ಭ್ರಿಟಿಷರ ಆಲ್ವಿಕೆಯಲ್ಲಿ ಇಥ್ತು ಕಿಥ್ತೂರಿನ ರಾಜ್ಯವು ಬಹಳ ಸಮೃದ್ದವಾಗಿದ್ದು, ಅದರ ಮೇಲೆ ಬ್ರಿಟಿಷರಿಗೆ ಖಣ್ಣಿತ್ತು. ಅವರು ಹೇಗಾಧರೂ ಮಾಢಿ ಕಿತ್ತೂರನ್ನು ತಮ್ಮ ವಸಕ್ಖೆ ಥೆಗೆದುಕೊಳ್ಲಬೇಕೆಂದು ಹೊಂಚು ಹಾಕುಥ್ತಿದ್ದರು. ಹೀಘಿರುವಾಗ, ದುರದೃಷ್ಠವಶಾತ್‌ ರಾಝ ಮಲ್ಪಸರ್ಜನು ಆಣಾರೋಗ್ಯದಿಂಧ ಸಾವನ್ನಪ್ಪಿದನು. ಅಗ ಖಿತ್ತೂರಿಗೆ ರಾಜನಿಲ್ಲದಂತಾಯಿತು. ತನ್ನ ರಾಜ್ಯ ಭ್ರಿಟಿಷರ ಪಾಳಾಗಬಾರದೆಂದು ಚೆನ್ಣಮ್ಮ ಧತ್ಥು ಮಘನನ್ನು ಪಢೆಧುಕೊಂಡು, ಅವನನ್ನೇ ರಾಜನೆಂಧು ಘೋಷಿಸಿ ರಾಝ್ಯಭಾರ ಮಾಡತೊಢಗಿಧಳು. ಆಧರೆ ಬ್ರಿಟಿಷರು “ದತ್ತು ಮಖ್ಕಳಿಘೆ ಹಖ್ಖಿಲ್ಲ” ಏಂಬ ಕಾನೂನನ್ನು ಜಾರಿಘೆ ತಂದಿಧ್ಧ ರು. ಈ ಖಾನೂನಿನಂಥೆ ಖಿತ್ತೂರಿಗೆ ಯಾವ ರಾಜಣೂ ಇಲ್ಲವೆಂದೂ, ಆದನ್ನು 'ಬ್ರಿಟಿಷರಿಗೆ ಒಪ್ಪಿಸಬೇಕು” ಎಂದು ಛೆಣ್ನಮ್ಮಣಿಗೆ ಸಂದೇಶ ಕಳುಹಿಸಿದರು. ಆದರೆ ಚೆನ್ನಮ್ಮ ಅದಕ್ಖೆ ಒಪ್ಪಲಿಲ್ಲ. ಖೋಪಗೊಂಡ ಬ್ರಿಠಿಷರು ಕಿತ್ತೂರಿನ ಮೇಲೆ ದಾಲಿ ಮಾಢಿಧರು.",kitturu_chennamma,"ಕರ್ನಾಟಕದ ಬೆಳಗಾವಿ ಜಿಲ್ಲೆಯಲ್ಲಿ ಕಿತ್ತೂರು ಒಂದು ಪ್ರಾಂತ್ಯ: ಸುಮಾರು ೨೮೦ ವರ್ಷಗಳ ಹಿಂದೆ ಮಲ್ಲಸರ್ಜ ಎಂಬುವನು ಇಲ್ಲಿಯ ರಾಜನಾಗಿದ್ದನು. ಅವನ ಹೆಂಡತಿ ರಾಣಿ ಚೆನ್ನಮ್ಮ ಆಗ ಭಾರತ ದೇಶವು ಬ್ರಿಟಿಷರ ಆಳ್ವಿಕೆಯಲ್ಲಿ ಇತ್ತು ಕಿತ್ತೂರಿನ ರಾಜ್ಯವು ಬಹಳ ಸಮೃದ್ಧವಾಗಿದ್ದು, ಅದರ ಮೇಲೆ ಬ್ರಿಟಿಷರಿಗೆ ಕಣ್ಣಿತ್ತು. ಅವರು ಹೇಗಾದರೂ ಮಾಡಿ ಕಿತ್ತೂರನ್ನು ತಮ್ಮ ವಶಕ್ಕೆ ತೆಗೆದುಕೊಳ್ಳಬೇಕೆಂದು ಹೊಂಚು ಹಾಕುತ್ತಿದ್ದರು. ಹೀಗಿರುವಾಗ, ದುರದೃಷ್ಟವಶಾತ್‌ ರಾಜ ಮಲ್ಪಸರ್ಜನು ಅನಾರೋಗ್ಯದಿಂದ ಸಾವನ್ನಪ್ಪಿದನು. ಆಗ ಕಿತ್ತೂರಿಗೆ ರಾಜನಿಲ್ಲದಂತಾಯಿತು. ತನ್ನ ರಾಜ್ಯ ಬ್ರಿಟಿಷರ ಪಾಲಾಗಬಾರದೆಂದು ಚೆನ್ನಮ್ಮ ದತ್ತು ಮಗನನ್ನು ಪಡೆದುಕೊಂಡು, ಅವನನ್ನೇ ರಾಜನೆಂದು ಘೋಷಿಸಿ ರಾಜ್ಯಭಾರ ಮಾಡತೊಡಗಿದಳು. ಆದರೆ ಬ್ರಿಟಿಷರು “ದತ್ತು ಮಕ್ಕಳಿಗೆ ಹಕ್ಕಿಲ್ಲ” ಎಂಬ ಕಾನೂನನ್ನು ಜಾರಿಗೆ ತಂದಿದ್ದ ರು. ಈ ಕಾನೂನಿನಂತೆ ಕಿತ್ತೂರಿಗೆ ಯಾವ ರಾಜನೂ ಇಲ್ಲವೆಂದೂ, ಅದನ್ನು 'ಬ್ರಿಟಿಷರಿಗೆ ಒಪ್ಪಿಸಬೇಕು” ಎಂದು ಚೆನ್ನಮ್ಮನಿಗೆ ಸಂದೇಶ ಕಳುಹಿಸಿದರು. ಆದರೆ ಚೆನ್ನಮ್ಮ ಅದಕ್ಕೆ ಒಪ್ಪಲಿಲ್ಲ. ಕೋಪಗೊಂಡ ಬ್ರಿಟಿಷರು ಕಿತ್ತೂರಿನ ಮೇಲೆ ದಾಳಿ ಮಾಡಿದರು.",0.674,0.326,0.0,0.81,0.953,0.838,0.162,0.0,0.766,0.953,0.16,0.84,0.779,0.81,0.07
19,"ಕರ್ನಾಟಕದ ಬೆಳಗಾವಿ ಝಿಲ್ಲೆಯಲ್ಲಿ ಕಿತ್ತೂರು ಒಂದು ಪ್ರಾಂಥ್ಯ: ಸುಮಾರು ೨೮೦ ವರ್ಷಗಳ ಹಿಂಧೆ ಮಳ್ಲಸರ್ಝ ಎಂಬುವಣು ಇಲ್ಲಿಯ ರಾಜನಾಗಿದ್ಧನು. ಅವಣ ಹೆಂಡತಿ ರಾಣಿ ಚೆನ್ನಮ್ಮ ಆಗ ಭಾರಥ ದೇಶವು ಭ್ರಿಟಿಷರ ಆಳ್ವಿಖೆಯಲ್ಲಿ ಇತ್ತು ಕಿತ್ಥೂರಿನ ರಾಜ್ಯವು ಬಹಳ ಸಮೃದ್ಧವಾಘಿದ್ದು, ಅದರ ಮೇಲೆ ಬ್ರಿಟಿಷರಿಗೆ ಖಣ್ಣಿತ್ಥು. ಅವರು ಹೇಗಾದರೂ ಮಾಡಿ ಕಿಥ್ತೂರನ್ನು ತಮ್ಮ ವಶಕ್ಕೆ ತೆಗೆದುಕೊಳ್ಳಬೇಖೆಂದು ಹೊಂಚು ಹಾಕುತ್ತಿದ್ದರು. ಹೀಗಿರುವಾಗ, ದುರಧೃಷ್ಟವಸಾಥ್‌ ರಾಜ ಮಲ್ಫಸರ್ಝನು ಅನಾರೋಗ್ಯದಿಂದ ಸಾವನ್ನಫ್ಪಿದನು. ಆಗ ಕಿತ್ತೂರಿಗೆ ರಾಜನಿಲ್ಲದಂಥಾಯಿಥು. ತಣ್ನ ರಾಜ್ಯ ಬ್ರಿಟಿಷರ ಪಾಲಾಗಭಾರಧೆಂದು ಚೆನ್ನಮ್ಮ ದತ್ತು ಮಗನಣ್ನು ಫಡೆದುಖೊಂಡು, ಅವನನ್ನೇ ರಾಜನೆಂಧು ರಾಜನೆಂಧು ಘೋಷಿಸಿ ರಾಜ್ಯಬಾರ ಮಾಡತೊಡಗಿಧಳು. ಆದರೆ ಬ್ರಿಠಿಷರು “ದತ್ಥು ಮಖ್ಕಳಿಗೆ ಹಕ್ಕಿಳ್ಲ” ಎಂಬ ಕಾಣೂನನ್ನು ಜಾರಿಗೆ ಥಂದಿಧ್ದ ರು. ಈ ಕಾನೂನಿಣಂತೆ ಕಿತ್ತೂರಿಗೆ ಯಾವ ರಾಜಣೂ ಇಳ್ಳವೆಂದೂ, ಅದಣ್ನು 'ಬ್ರಿಠಿಷರಿಗೆ ಒಪ್ಪಿಸಭೇಕು” ಎಂಧು ಚೆನ್ನಮ್ಮಣಿಗೆ ಸಂದೇಸ ಕಳುಹಿಸಿದರು. ಅದರೆ ಚೆನ್ಣಮ್ಮ ಆದಕ್ಕೆ ಒಪ್ಪಲಿಲ್ಳ. ಕೋಪಗೊಂಡ ಬ್ರಿಟಿಷರು ಖಿಥ್ತೂರಿನ ಮೇಲೆ ಧಾಳಿ ಮಾಡಿದರು.",kitturu_chennamma,"ಕರ್ನಾಟಕದ ಬೆಳಗಾವಿ ಜಿಲ್ಲೆಯಲ್ಲಿ ಕಿತ್ತೂರು ಒಂದು ಪ್ರಾಂತ್ಯ: ಸುಮಾರು ೨೮೦ ವರ್ಷಗಳ ಹಿಂದೆ ಮಲ್ಲಸರ್ಜ ಎಂಬುವನು ಇಲ್ಲಿಯ ರಾಜನಾಗಿದ್ದನು. ಅವನ ಹೆಂಡತಿ ರಾಣಿ ಚೆನ್ನಮ್ಮ ಆಗ ಭಾರತ ದೇಶವು ಬ್ರಿಟಿಷರ ಆಳ್ವಿಕೆಯಲ್ಲಿ ಇತ್ತು ಕಿತ್ತೂರಿನ ರಾಜ್ಯವು ಬಹಳ ಸಮೃದ್ಧವಾಗಿದ್ದು, ಅದರ ಮೇಲೆ ಬ್ರಿಟಿಷರಿಗೆ ಕಣ್ಣಿತ್ತು. ಅವರು ಹೇಗಾದರೂ ಮಾಡಿ ಕಿತ್ತೂರನ್ನು ತಮ್ಮ ವಶಕ್ಕೆ ತೆಗೆದುಕೊಳ್ಳಬೇಕೆಂದು ಹೊಂಚು ಹಾಕುತ್ತಿದ್ದರು. ಹೀಗಿರುವಾಗ, ದುರದೃಷ್ಟವಶಾತ್‌ ರಾಜ ಮಲ್ಪಸರ್ಜನು ಅನಾರೋಗ್ಯದಿಂದ ಸಾವನ್ನಪ್ಪಿದನು. ಆಗ ಕಿತ್ತೂರಿಗೆ ರಾಜನಿಲ್ಲದಂತಾಯಿತು. ತನ್ನ ರಾಜ್ಯ ಬ್ರಿಟಿಷರ ಪಾಲಾಗಬಾರದೆಂದು ಚೆನ್ನಮ್ಮ ದತ್ತು ಮಗನನ್ನು ಪಡೆದುಕೊಂಡು, ಅವನನ್ನೇ ರಾಜನೆಂದು ಘೋಷಿಸಿ ರಾಜ್ಯಭಾರ ಮಾಡತೊಡಗಿದಳು. ಆದರೆ ಬ್ರಿಟಿಷರು “ದತ್ತು ಮಕ್ಕಳಿಗೆ ಹಕ್ಕಿಲ್ಲ” ಎಂಬ ಕಾನೂನನ್ನು ಜಾರಿಗೆ ತಂದಿದ್ದ ರು. ಈ ಕಾನೂನಿನಂತೆ ಕಿತ್ತೂರಿಗೆ ಯಾವ ರಾಜನೂ ಇಲ್ಲವೆಂದೂ, ಅದನ್ನು 'ಬ್ರಿಟಿಷರಿಗೆ ಒಪ್ಪಿಸಬೇಕು” ಎಂದು ಚೆನ್ನಮ್ಮನಿಗೆ ಸಂದೇಶ ಕಳುಹಿಸಿದರು. ಆದರೆ ಚೆನ್ನಮ್ಮ ಅದಕ್ಕೆ ಒಪ್ಪಲಿಲ್ಲ. ಕೋಪಗೊಂಡ ಬ್ರಿಟಿಷರು ಕಿತ್ತೂರಿನ ಮೇಲೆ ದಾಳಿ ಮಾಡಿದರು.",0.742,0.258,0.01,0.773,0.969,0.842,0.158,0.009,0.763,0.953,0.184,0.816,0.781,0.7,0.074
20,"ಕರ್ನಾಠಖಧ ಭೆಲಗಾವಿ ಝಿಲ್ಲೆಯಲ್ಳಿ ಕಿತ್ಥೂರು ಒಂದು ಪ್ರಾಂತ್ಯ: ಸುಮಾರು ೨೮೦ ವರ್ಷಗಳ ಹಿಂದೆ ಮಲ್ಲಸರ್ಜ ಎಂಬುವನು ಇಲ್ಲಿಯ ರಾಜಣಾಗಿಧ್ದಣು. ಅವನ ಹೆಂಡತಿ ರಾನಿ ಚೆನ್ನಮ್ಮ ಆಗ ಬಾರತ ದೇಸವು ಬ್ರಿಟಿಷರ ಆಲ್ವಿಕೆಯಲ್ಲಿ ಇಥ್ತು ಕಿತ್ತೂರಿನ ರಾಜ್ಯವು ಬಹಳ ಸಮೃದ್ಧವಾಗಿದ್ದು, ಅದರ ಮೇಲೆ ಬ್ರಿಠಿಷರಿಗೆ ಕನ್ನಿತ್ತು. ಅವರು ಹೇಗಾಧರೂ ಮಾಡಿ ಖಿತ್ತೂರನ್ನು ತಮ್ಮ ವಶಕ್ಕೆ ಥೆಗೆದುಕೊಳ್ಳಬೇಕೆಂದು ಹೊಂಚು ಹಾಕುತ್ತಿದ್ದರು. ಹೀಗಿರುವಾಗ, ದುರದೃಷ್ಟವಶಾತ್‌ ರಾಜ ಮಲ್ಫಶರ್ಝನು ಆಣಾರೋಗ್ಯದಿಂದ ಸಾವನ್ನಪ್ಪಿಧನು. ಆಘ ಕಿತ್ತೂರಿಗೆ ರಾಝನಿಲ್ಳದಂತಾಯಿತು. ತನ್ನ ರಾಜ್ಯ ಭ್ರಿಠಿಷರ ಪಾಲಾಗಬಾರದೆಂಧು ಚೆನ್ನಮ್ಮ ಧತ್ಥು ಮಘನನ್ನು ಫಡೆದುಖೊಂಡು, ಅವನನ್ನೇ ರಾಜಣೆಂದು ಘೋಷಿಸಿ ರಾಜ್ಯಭಾರ ಮಾಡತೊಡಗಿದಳು. ಅದರೆ ಬ್ರಿಠಿಷರು “ದತ್ತು ಮಕ್ಕಲಿಗೆ ಹಖ್ಕಿಲ್ಲ” ಎಂಬ ಕಾಣೂನನ್ನು ಝಾರಿಘೆ ಥಂದಿಧ್ದ ರು. ಈ ಕಾನೂನಿನಂತೆ ಕಿತ್ತೂರಿಗೆ ಯಾವ ರಾಜನೂ ಇಲ್ಲವೆಂದೂ, ಅದನ್ನು 'ಬ್ರಿಟಿಷರಿಗೆ ಒಪ್ಪಿಸಬೇಕು” ಎಂದು ಛೆನ್ನಮ್ಮನಿಘೆ ಸಂಧೇಶ ಕಳುಹಿಶಿಧರು. ಆದರೆ ಚೆನ್ನಮ್ಮ ಆದಕ್ಕೆ ಒಪ್ಪಲಿಲ್ಳ. ಕೋಪಗೊಂಡ ಬ್ರಿಠಿಷರು ಕಿತ್ಥೂರಿನ ಮೇಲೆ ದಾಳಿ ಮಾಡಿಧರು.",kitturu_chennamma,"ಕರ್ನಾಟಕದ ಬೆಳಗಾವಿ ಜಿಲ್ಲೆಯಲ್ಲಿ ಕಿತ್ತೂರು ಒಂದು ಪ್ರಾಂತ್ಯ: ಸುಮಾರು ೨೮೦ ವರ್ಷಗಳ ಹಿಂದೆ ಮಲ್ಲಸರ್ಜ ಎಂಬುವನು ಇಲ್ಲಿಯ ರಾಜನಾಗಿದ್ದನು. ಅವನ ಹೆಂಡತಿ ರಾಣಿ ಚೆನ್ನಮ್ಮ ಆಗ ಭಾರತ ದೇಶವು ಬ್ರಿಟಿಷರ ಆಳ್ವಿಕೆಯಲ್ಲಿ ಇತ್ತು ಕಿತ್ತೂರಿನ ರಾಜ್ಯವು ಬಹಳ ಸಮೃದ್ಧವಾಗಿದ್ದು, ಅದರ ಮೇಲೆ ಬ್ರಿಟಿಷರಿಗೆ ಕಣ್ಣಿತ್ತು. ಅವರು ಹೇಗಾದರೂ ಮಾಡಿ ಕಿತ್ತೂರನ್ನು ತಮ್ಮ ವಶಕ್ಕೆ ತೆಗೆದುಕೊಳ್ಳಬೇಕೆಂದು ಹೊಂಚು ಹಾಕುತ್ತಿದ್ದರು. ಹೀಗಿರುವಾಗ, ದುರದೃಷ್ಟವಶಾತ್‌ ರಾಜ ಮಲ್ಪಸರ್ಜನು ಅನಾರೋಗ್ಯದಿಂದ ಸಾವನ್ನಪ್ಪಿದನು. ಆಗ ಕಿತ್ತೂರಿಗೆ ರಾಜನಿಲ್ಲದಂತಾಯಿತು. ತನ್ನ ರಾಜ್ಯ ಬ್ರಿಟಿಷರ ಪಾಲಾಗಬಾರದೆಂದು ಚೆನ್ನಮ್ಮ ದತ್ತು ಮಗನನ್ನು ಪಡೆದುಕೊಂಡು, ಅವನನ್ನೇ ರಾಜನೆಂದು ಘೋಷಿಸಿ ರಾಜ್ಯಭಾರ ಮಾಡತೊಡಗಿದಳು. ಆದರೆ ಬ್ರಿಟಿಷರು “ದತ್ತು ಮಕ್ಕಳಿಗೆ ಹಕ್ಕಿಲ್ಲ” ಎಂಬ ಕಾನೂನನ್ನು ಜಾರಿಗೆ ತಂದಿದ್ದ ರು. ಈ ಕಾನೂನಿನಂತೆ ಕಿತ್ತೂರಿಗೆ ಯಾವ ರಾಜನೂ ಇಲ್ಲವೆಂದೂ, ಅದನ್ನು 'ಬ್ರಿಟಿಷರಿಗೆ ಒಪ್ಪಿಸಬೇಕು” ಎಂದು ಚೆನ್ನಮ್ಮನಿಗೆ ಸಂದೇಶ ಕಳುಹಿಸಿದರು. ಆದರೆ ಚೆನ್ನಮ್ಮ ಅದಕ್ಕೆ ಒಪ್ಪಲಿಲ್ಲ. ಕೋಪಗೊಂಡ ಬ್ರಿಟಿಷರು ಕಿತ್ತೂರಿನ ಮೇಲೆ ದಾಳಿ ಮಾಡಿದರು.",0.73,0.27,0.0,0.87,0.97,0.806,0.194,0.0,0.821,0.945,0.117,0.883,0.779,0.795,0.05
21,"ಖರ್ನಾಠಕದ ಬೆಲಗಾವಿ ಜಿಳ್ಲೆಯಲ್ಲಿ ಖಿಥ್ತೂರು ಒಂದು ಫ್ರಾಂತ್ಯ: ಸುಮಾರು ೨೮೦ ವರ್ಷಗಲ ಹಿಂಧೆ ಮಳ್ಳಸರ್ಜ ಎಂಬುವಣು ಈಲ್ಲಿಯ ರಾಜನಾಘಿದ್ದನು. ಅವನ ಹೆಂಡತಿ ರಾನಿ ಚೆಣ್ನಮ್ಮ ಆಘ ಭಾರತ ದೇಸವು ಭ್ರಿಟಿಷರ ಆಲ್ವಿಖೆಯಲ್ಲಿ ಇತ್ತು ಖಿಥ್ತೂರಿನ ರಾಜ್ಯವು ಬಹಳ ಸಮೃದ್ಧವಾಘಿದ್ದು, ಅದರ ಮೇಲೆ ಭ್ರಿಟಿಷರಿಗೆ ಕಣ್ಣಿಥ್ಥು. ಅವರು ಹೇಘಾದರೂ ಮಾಡಿ ಕಿತ್ಥೂರನ್ನು ತಮ್ಮ ವಶಕ್ಕೆ ಥೆಘೆದುಖೊಳ್ಲಬೇಕೆಂದು ಹೊಂಚು ಹಾಖುತ್ಥಿದ್ಧರು. ಹೀಘಿರುವಾಗ, ಧುರದೃಷ್ಟವಶಾತ್‌ ಧುರದೃಷ್ಟವಶಾತ್‌ ರಾಜ ಮಲ್ಪಸರ್ಜನು ಆನಾರೋಘ್ಯದಿಂದ ಸಾವನ್ನಫ್ಪಿಧನು. ಆಗ ಕಿತ್ತೂರಿಘೆ ರಾಜನಿಲ್ಲದಂತಾಯಿತು. ತನ್ನ ರಾಜ್ಯ ಬ್ರಿಟಿಷರ ಪಾಲಾಗಬಾರದೆಂದು ಚೆನ್ನಮ್ಮ ದತ್ಥು ಮಗನನ್ಣು ಪಡೆದುಖೊಂಡು, ಆವನನ್ನೇ ರಾಝನೆಂದು ಘೋಷಿಸಿ ರಾಜ್ಯಭಾರ ಮಾಢತೊಡಗಿದಳು. ಅದರೆ ಬ್ರಿಠಿಷರು “ದಥ್ತು ಮಖ್ಕಳಿಗೆ ಅಧಿಕಾರ ಇಲ್ಲ” ಏಂಬ ಕಾನೂನನ್ನು ಜಾರಿಗೆ ತಂದಿದ್ದ ರು. ಈ ಕಾನೂನಿನಂಥೆ ಕಿತ್ತೂರಿಗೆ ಯಾವ ರಾಜನೂ ಇಲ್ಳವೆಂಧೂ, ಅದನ್ನು 'ಬ್ರಿಟಿಷರಿಗೆ ಒಪ್ಪಿಸಬೇಕು” ಎಂದು ಚೆಣ್ನಮ್ಮನಿಗೆ ಸಂಧೇಸ ಕಳುಹಿಶಿದರು. ಆದರೆ ಚೆನ್ನಮ್ಮ ಅದಕ್ಕೆ ಒಪ್ಪಲಿಲ್ಲ. ಕೋಫಗೊಂಡ ಭ್ರಿಟಿಷರು ಖಿಥ್ಥೂರಿನ ಮೇಲೆ ಧಾಳಿ ಮಾಡಿಧರು.",kitturu_chennamma,"ಕರ್ನಾಟಕದ ಬೆಳಗಾವಿ ಜಿಲ್ಲೆಯಲ್ಲಿ ಕಿತ್ತೂರು ಒಂದು ಪ್ರಾಂತ್ಯ: ಸುಮಾರು ೨೮೦ ವರ್ಷಗಳ ಹಿಂದೆ ಮಲ್ಲಸರ್ಜ ಎಂಬುವನು ಇಲ್ಲಿಯ ರಾಜನಾಗಿದ್ದನು. ಅವನ ಹೆಂಡತಿ ರಾಣಿ ಚೆನ್ನಮ್ಮ ಆಗ ಭಾರತ ದೇಶವು ಬ್ರಿಟಿಷರ ಆಳ್ವಿಕೆಯಲ್ಲಿ ಇತ್ತು ಕಿತ್ತೂರಿನ ರಾಜ್ಯವು ಬಹಳ ಸಮೃದ್ಧವಾಗಿದ್ದು, ಅದರ ಮೇಲೆ ಬ್ರಿಟಿಷರಿಗೆ ಕಣ್ಣಿತ್ತು. ಅವರು ಹೇಗಾದರೂ ಮಾಡಿ ಕಿತ್ತೂರನ್ನು ತಮ್ಮ ವಶಕ್ಕೆ ತೆಗೆದುಕೊಳ್ಳಬೇಕೆಂದು ಹೊಂಚು ಹಾಕುತ್ತಿದ್ದರು. ಹೀಗಿರುವಾಗ, ದುರದೃಷ್ಟವಶಾತ್‌ ರಾಜ ಮಲ್ಪಸರ್ಜನು ಅನಾರೋಗ್ಯದಿಂದ ಸಾವನ್ನಪ್ಪಿದನು. ಆಗ ಕಿತ್ತೂರಿಗೆ ರಾಜನಿಲ್ಲದಂತಾಯಿತು. ತನ್ನ ರಾಜ್ಯ ಬ್ರಿಟಿಷರ ಪಾಲಾಗಬಾರದೆಂದು ಚೆನ್ನಮ್ಮ ದತ್ತು ಮಗನನ್ನು ಪಡೆದುಕೊಂಡು, ಅವನನ್ನೇ ರಾಜನೆಂದು ಘೋಷಿಸಿ ರಾಜ್ಯಭಾರ ಮಾಡತೊಡಗಿದಳು. ಆದರೆ ಬ್ರಿಟಿಷರು “ದತ್ತು ಮಕ್ಕಳಿಗೆ ಹಕ್ಕಿಲ್ಲ” ಎಂಬ ಕಾನೂನನ್ನು ಜಾರಿಗೆ ತಂದಿದ್ದ ರು. ಈ ಕಾನೂನಿನಂತೆ ಕಿತ್ತೂರಿಗೆ ಯಾವ ರಾಜನೂ ಇಲ್ಲವೆಂದೂ, ಅದನ್ನು 'ಬ್ರಿಟಿಷರಿಗೆ ಒಪ್ಪಿಸಬೇಕು” ಎಂದು ಚೆನ್ನಮ್ಮನಿಗೆ ಸಂದೇಶ ಕಳುಹಿಸಿದರು. ಆದರೆ ಚೆನ್ನಮ್ಮ ಅದಕ್ಕೆ ಒಪ್ಪಲಿಲ್ಲ. ಕೋಪಗೊಂಡ ಬ್ರಿಟಿಷರು ಕಿತ್ತೂರಿನ ಮೇಲೆ ದಾಳಿ ಮಾಡಿದರು.",0.559,0.441,0.019,0.862,0.902,0.789,0.211,0.024,0.934,0.94,0.131,0.869,0.783,0.824,0.057
22,"ಖರ್ನಾಟಕದ ಬೆಳಘಾವಿ ಜಿಲ್ಲೆಯಲ್ಲಿ ಕಿತ್ತೂರು ಒಂದು ಪ್ರಾಂತ್ಯ: ಸುಮಾರು ೨೮೦ ವರ್ಷಗಲ ಹಿಂದೆ ಮಲ್ಲಸರ್ಜ ಎಂಬುವನು ಇಲ್ಲಿಯ ರಾಜನಾಗಿದ್ದನು. ಅವಣ ಹೆಂಡತಿ ರಾಣಿ ಚೆಣ್ನಮ್ಮ ಆಘ ಭಾರತ ದೇಸವು ಬ್ರಿಠಿಷರ ಆಳ್ವಿಕೆಯಲ್ಲಿ ಇತ್ತು ಕಿತ್ಥೂರಿನ ರಾಝ್ಯವು ಬಹಲ ಸಮೃಧ್ಧವಾಗಿಧ್ದು, ಆದರ ಮೇಲೆ ಬ್ರಿಟಿಷರಿಗೆ ಕಣ್ಣಿತ್ಥು. ಆವರು ಹೇಗಾದರೂ ಮಾಢಿ ಕಿತ್ತೂರನ್ನು ತಮ್ಮ ವಶಕ್ಕೆ ತೆಗೆದುಕೊಲ್ಳಬೇಕೆಂದು ಹೊಂಛು ಹಾಖುತ್ತಿದ್ದರು. ಹೀಗಿರುವಾಗ, ದುರದೃಷ್ಠವಸಾಥ್‌ ರಾಜ ಮಲ್ಪಶರ್ಜನು ಆಣಾರೋಗ್ಯಧಿಂದ ಸಾವನ್ಣಪ್ಪಿಧನು. ಆಗ ಕಿಥ್ತೂರಿಗೆ ರಾಜನಿಲ್ಲದಂಥಾಯಿಥು. ತನ್ನ ರಾಜ್ಯ ಭ್ರಿಟಿಷರ ಪಾಲಾಗಬಾರದೆಂದು ಚೆನ್ನಮ್ಮ ದತ್ತು ಮಗನನ್ನು ಪಡೆದುಖೊಂಡು, ಅವನನ್ನೇ ರಾಝನೆಂದು ಗೋಷಿಶಿ ರಾಜ್ಯಭಾರ ಮಾಡಥೊಡಘಿಧಳು. ಆದರೆ ಭ್ರಿಟಿಷರು “ದತ್ತು ಮಕ್ಕಳಿಗೆ ಹಖ್ಕಿಲ್ಲ” ಎಂಬ ಕಾನೂನನ್ನು ಜಾರಿಗೆ ತಂದಿಧ್ದ ರು. ಈ ಖಾನೂನಿನಂತೆ ಖಿತ್ತೂರಿಗೆ ಯಾವ ರಾಜನೂ ಇಲ್ಲವೆಂದೂ, ಆದನ್ನು 'ಬ್ರಿಟಿಷರಿಗೆ ಒಫ್ಪಿಸಬೇಕು” ಒಫ್ಪಿಸಬೇಕು” ಏಂದು ಚೆನ್ನಮ್ಮನಿಗೆ ಸಂದೇಶ ಖಳುಹಿಸಿದರು. ಆಧರೆ ಚೆನ್ನಮ್ಮ ಅದಕ್ಕೆ ಓಫ್ಪಲಿಲ್ಲ. ಕೋಫಗೊಂಢ ಬ್ರಿಟಿಷರು ಖಿಥ್ತೂರಿನ ಮೇಲೆ ದಾಲಿ ಮಾಡಿದರು.",kitturu_chennamma,"ಕರ್ನಾಟಕದ ಬೆಳಗಾವಿ ಜಿಲ್ಲೆಯಲ್ಲಿ ಕಿತ್ತೂರು ಒಂದು ಪ್ರಾಂತ್ಯ: ಸುಮಾರು ೨೮೦ ವರ್ಷಗಳ ಹಿಂದೆ ಮಲ್ಲಸರ್ಜ ಎಂಬುವನು ಇಲ್ಲಿಯ ರಾಜನಾಗಿದ್ದನು. ಅವನ ಹೆಂಡತಿ ರಾಣಿ ಚೆನ್ನಮ್ಮ ಆಗ ಭಾರತ ದೇಶವು ಬ್ರಿಟಿಷರ ಆಳ್ವಿಕೆಯಲ್ಲಿ ಇತ್ತು ಕಿತ್ತೂರಿನ ರಾಜ್ಯವು ಬಹಳ ಸಮೃದ್ಧವಾಗಿದ್ದು, ಅದರ ಮೇಲೆ ಬ್ರಿಟಿಷರಿಗೆ ಕಣ್ಣಿತ್ತು. ಅವರು ಹೇಗಾದರೂ ಮಾಡಿ ಕಿತ್ತೂರನ್ನು ತಮ್ಮ ವಶಕ್ಕೆ ತೆಗೆದುಕೊಳ್ಳಬೇಕೆಂದು ಹೊಂಚು ಹಾಕುತ್ತಿದ್ದರು. ಹೀಗಿರುವಾಗ, ದುರದೃಷ್ಟವಶಾತ್‌ ರಾಜ ಮಲ್ಪಸರ್ಜನು ಅನಾರೋಗ್ಯದಿಂದ ಸಾವನ್ನಪ್ಪಿದನು. ಆಗ ಕಿತ್ತೂರಿಗೆ ರಾಜನಿಲ್ಲದಂತಾಯಿತು. ತನ್ನ ರಾಜ್ಯ ಬ್ರಿಟಿಷರ ಪಾಲಾಗಬಾರದೆಂದು ಚೆನ್ನಮ್ಮ ದತ್ತು ಮಗನನ್ನು ಪಡೆದುಕೊಂಡು, ಅವನನ್ನೇ ರಾಜನೆಂದು ಘೋಷಿಸಿ ರಾಜ್ಯಭಾರ ಮಾಡತೊಡಗಿದಳು. ಆದರೆ ಬ್ರಿಟಿಷರು “ದತ್ತು ಮಕ್ಕಳಿಗೆ ಹಕ್ಕಿಲ್ಲ” ಎಂಬ ಕಾನೂನನ್ನು ಜಾರಿಗೆ ತಂದಿದ್ದ ರು. ಈ ಕಾನೂನಿನಂತೆ ಕಿತ್ತೂರಿಗೆ ಯಾವ ರಾಜನೂ ಇಲ್ಲವೆಂದೂ, ಅದನ್ನು 'ಬ್ರಿಟಿಷರಿಗೆ ಒಪ್ಪಿಸಬೇಕು” ಎಂದು ಚೆನ್ನಮ್ಮನಿಗೆ ಸಂದೇಶ ಕಳುಹಿಸಿದರು. ಆದರೆ ಚೆನ್ನಮ್ಮ ಅದಕ್ಕೆ ಒಪ್ಪಲಿಲ್ಲ. ಕೋಪಗೊಂಡ ಬ್ರಿಟಿಷರು ಕಿತ್ತೂರಿನ ಮೇಲೆ ದಾಳಿ ಮಾಡಿದರು.",0.711,0.289,0.013,0.799,0.962,0.834,0.166,0.016,0.814,0.952,0.186,0.814,0.781,0.916,0.094
23,"ಕರ್ನಾಟಕಧ ಭೆಲಗಾವಿ ಝಿಲ್ಲೆಯಲ್ಲಿ ಕಿಥ್ಥೂರು ಒಂದು ಪ್ರಾಂತ್ಯ: ಸುಮಾರು ೨೮೦ ವರ್ಷಗಲ ಹಿಂದೆ ಮಲ್ಲಶರ್ಝ ಎಂಬುವನು ಇಲ್ಲಿಯ ರಾಜನಾಗಿದ್ಧನು. ಅವನ ಹೆಂಡತಿ ರಾಣಿ ಚೆನ್ನಮ್ಮ ಆಗ ಭಾರತ ದೇಸವು ಭ್ರಿಟಿಷರ ಆಳ್ವಿಕೆಯಲ್ಲಿ ಇತ್ಥು ಕಿತ್ತೂರಿನ ರಾಝ್ಯವು ಬಹಳ ಶಮೃದ್ಧವಾಗಿಧ್ದು, ಅಧರ ಮೇಲೆ ಭ್ರಿಟಿಷರಿಗೆ ಕನ್ಣಿತ್ಥು. ಅವರು ಹೇಗಾದರೂ ಮಾಢಿ ಕಿತ್ತೂರನ್ನು ತಮ್ಮ ವಶಕ್ಕೆ ತೆಗೆದುಕೊಳ್ಳಬೇಖೆಂದು ಹೊಂಛು ಹಾಕುತ್ಥಿದ್ದರು. ಹೀಗಿರುವಾಗ, ಧುರದೃಷ್ಟವಶಾತ್‌ ರಾಝ ಮಲ್ಪಸರ್ಝನು ಅನಾರೋಗ್ಯದಿಂದ ಸಾವಣ್ನಪ್ಪಿದಣು. ಆಗ ಕಿತ್ತೂರಿಘೆ ರಾಝಣಿಲ್ಲದಂತಾಯಿತು. ತನ್ನ ರಾಝ್ಯ ಭ್ರಿಟಿಷರ ಫಾಳಾಗಬಾರಧೆಂಧು ಚೆನ್ನಮ್ಮ ದತ್ತು ಮಘನನ್ನು ಪಢೆದುಖೊಂಢು, ಆವನನ್ನೇ ರಾಜನೆಂದು ಘೋಷಿಸಿ ರಾಜ್ಯಭಾರ ಮಾಡತೊಢಗಿದಳು. ಆದರೆ ಬ್ರಿಟಿಷರು “ಧಥ್ತು ಮಕ್ಕಳಿಘೆ ಹಕ್ಕಿಲ್ಲ” ಎಂಭ ಕಾನೂನನ್ನು ಜಾರಿಘೆ ತಂದಿಧ್ದ ರು. ಈ ಕಾನೂನಿನಂತೆ ಕಿತ್ಥೂರಿಗೆ ಯಾವ ರಾಜನೂ ಇಲ್ಲವೆಂದೂ, ಅದನ್ನು 'ಬ್ರಿಟಿಷರಿಗೆ ಒಫ್ಫಿಶಬೇಕು” ಎಂದು ಚೆಣ್ಣಮ್ಮಣಿಗೆ ಸಂಧೇಶ ಖಳುಹಿಸಿದರು. ಆದರೆ ಚೆಣ್ನಮ್ಮ ಚೆಣ್ನಮ್ಮ ಅದಕ್ಖೆ ಒಪ್ಫಲಿಲ್ಲ. ಖೋಪಗೊಂಡ ಬ್ರಿಟಿಷರು ಕಿತ್ತೂರಿನ ಮೇಲೆ ದಾಳಿ ಮಾಡಿದರು.",kitturu_chennamma,"ಕರ್ನಾಟಕದ ಬೆಳಗಾವಿ ಜಿಲ್ಲೆಯಲ್ಲಿ ಕಿತ್ತೂರು ಒಂದು ಪ್ರಾಂತ್ಯ: ಸುಮಾರು ೨೮೦ ವರ್ಷಗಳ ಹಿಂದೆ ಮಲ್ಲಸರ್ಜ ಎಂಬುವನು ಇಲ್ಲಿಯ ರಾಜನಾಗಿದ್ದನು. ಅವನ ಹೆಂಡತಿ ರಾಣಿ ಚೆನ್ನಮ್ಮ ಆಗ ಭಾರತ ದೇಶವು ಬ್ರಿಟಿಷರ ಆಳ್ವಿಕೆಯಲ್ಲಿ ಇತ್ತು ಕಿತ್ತೂರಿನ ರಾಜ್ಯವು ಬಹಳ ಸಮೃದ್ಧವಾಗಿದ್ದು, ಅದರ ಮೇಲೆ ಬ್ರಿಟಿಷರಿಗೆ ಕಣ್ಣಿತ್ತು. ಅವರು ಹೇಗಾದರೂ ಮಾಡಿ ಕಿತ್ತೂರನ್ನು ತಮ್ಮ ವಶಕ್ಕೆ ತೆಗೆದುಕೊಳ್ಳಬೇಕೆಂದು ಹೊಂಚು ಹಾಕುತ್ತಿದ್ದರು. ಹೀಗಿರುವಾಗ, ದುರದೃಷ್ಟವಶಾತ್‌ ರಾಜ ಮಲ್ಪಸರ್ಜನು ಅನಾರೋಗ್ಯದಿಂದ ಸಾವನ್ನಪ್ಪಿದನು. ಆಗ ಕಿತ್ತೂರಿಗೆ ರಾಜನಿಲ್ಲದಂತಾಯಿತು. ತನ್ನ ರಾಜ್ಯ ಬ್ರಿಟಿಷರ ಪಾಲಾಗಬಾರದೆಂದು ಚೆನ್ನಮ್ಮ ದತ್ತು ಮಗನನ್ನು ಪಡೆದುಕೊಂಡು, ಅವನನ್ನೇ ರಾಜನೆಂದು ಘೋಷಿಸಿ ರಾಜ್ಯಭಾರ ಮಾಡತೊಡಗಿದಳು. ಆದರೆ ಬ್ರಿಟಿಷರು “ದತ್ತು ಮಕ್ಕಳಿಗೆ ಹಕ್ಕಿಲ್ಲ” ಎಂಬ ಕಾನೂನನ್ನು ಜಾರಿಗೆ ತಂದಿದ್ದ ರು. ಈ ಕಾನೂನಿನಂತೆ ಕಿತ್ತೂರಿಗೆ ಯಾವ ರಾಜನೂ ಇಲ್ಲವೆಂದೂ, ಅದನ್ನು 'ಬ್ರಿಟಿಷರಿಗೆ ಒಪ್ಪಿಸಬೇಕು” ಎಂದು ಚೆನ್ನಮ್ಮನಿಗೆ ಸಂದೇಶ ಕಳುಹಿಸಿದರು. ಆದರೆ ಚೆನ್ನಮ್ಮ ಅದಕ್ಕೆ ಒಪ್ಪಲಿಲ್ಲ. ಕೋಪಗೊಂಡ ಬ್ರಿಟಿಷರು ಕಿತ್ತೂರಿನ ಮೇಲೆ ದಾಳಿ ಮಾಡಿದರು.",0.691,0.309,0.013,0.95,0.963,0.818,0.182,0.011,0.85,0.949,0.177,0.823,0.781,0.769,0.076
24,"ಕರ್ಣಾಟಕದ ಭೆಳಗಾವಿ ಜಿಲ್ಳೆಯಲ್ಲಿ ಖಿತ್ತೂರು ಒಂಧು ಪ್ರಾಂತ್ಯ: ಸುಮಾರು ೨೮೦ ವರ್ಷಗಳ ಹಿಂದೆ ಮಲ್ಳಶರ್ಜ ಎಂಬುವನು ಇಲ್ಲಿಯ ರಾಜನಾಗಿದ್ದನು. ಆವನ ಹೆಂಡಥಿ ರಾಣಿ ಚೆನಮ್ಮ ಅಗ ಭಾರತ ದೇಶವು ಬ್ರಿಟಿಷರ ಆಲ್ವಿಕೆಯಲ್ಳಿ ಇತ್ತು ಕಿತ್ತೂರಲ್ಲಿ ರಾಜ್ಯವು ಬಹಳ ಸಮೃದ್ದವಾಘಿಧ್ದು, ಅದರ ಮೇಲೆ ಭ್ರಿಟಿಷರಿಘೆ ಕನ್ನಿಥ್ತು. ಅವರು ಹೇಗಾದರೂ ಮಾಡಿ ಖಿತ್ತೂರನ್ನು ತಮ್ಮ ವಶಖ್ಕೆ ತೆಘೆಧುಕೊಳ್ಳಬೇಕೆಂದು ಹೊಂಚು ಹಾಕುತ್ತಿದ್ದರು. ಹೀಗಿರುವಾಗ, ದುರದೃಷ್ಟವಶಾಥ್‌ ರಾಜ ಮಳ್ಪಸರ್ಜನು ಅನಾರೋಗ್ಯಧಿಂದ ಶಾವನ್ನಪ್ಪಿದನು. ಆಗ ಕಿಥ್ಥೂರಿಗೆ ರಾಝನಿಲ್ಲದಂತಾಯಿತು. ಥನ್ನ ರಾಜ್ಯ ಬ್ರಿಟಿಷರ ಪಾಲಾಗಬಾರದೆಂದು ಚೆಣ್ಣಮ್ಮ ದಥ್ತು ಮಗನಣ್ನು ಪಡೆಧುಕೊಂಡು, ಆವನನ್ನೇ ರಾಝನೆಂದು ಘೋಷಿಸಿ ರಾಜ್ಯಭಾರ ಮಾಡಥೊಡಗಿದಳು. ಆದರೆ ಬ್ರಿಟಿಷರು “ದತ್ಥು ಮಕ್ಕಳಿಗೆ ಹಖ್ಕಿಲ್ಲ” ಎಂಬ ಕಾಣೂನನ್ನು ಜಾರಿಗೆ ತಂದಿದ್ದ ರು. ಈ ಖಾನೂನಿನಂತೆ ಕಿತ್ತೂರಿಗೆ ಯಾವ ರಾಜನೂ ಇಲ್ಲವೆಂದೂ, ಅದಣ್ನು 'ಭ್ರಿಟಿಷರಿಗೆ ಒಪ್ಪಿಶಬೇಖು” ಏಂದು ಚೆಣ್ಣಮ್ಮನಿಘೆ ಶಂದೇಶ ಖಳುಹಿಸಿದರು. ಆದರೆ ಚೆನಮ್ಮ ಅದಖ್ಕೆ ಒಫ್ಫಲಿಲ್ಲ. ಕೋಪಗೊಂಡ ಬ್ರಿಟಿಷರು ಕಿತ್ತೂರಲ್ಲಿ ಮೇಲೆ ಧಾಲಿ ಮಾಡಿದರು.",kitturu_chennamma,"ಕರ್ನಾಟಕದ ಬೆಳಗಾವಿ ಜಿಲ್ಲೆಯಲ್ಲಿ ಕಿತ್ತೂರು ಒಂದು ಪ್ರಾಂತ್ಯ: ಸುಮಾರು ೨೮೦ ವರ್ಷಗಳ ಹಿಂದೆ ಮಲ್ಲಸರ್ಜ ಎಂಬುವನು ಇಲ್ಲಿಯ ರಾಜನಾಗಿದ್ದನು. ಅವನ ಹೆಂಡತಿ ರಾಣಿ ಚೆನ್ನಮ್ಮ ಆಗ ಭಾರತ ದೇಶವು ಬ್ರಿಟಿಷರ ಆಳ್ವಿಕೆಯಲ್ಲಿ ಇತ್ತು ಕಿತ್ತೂರಿನ ರಾಜ್ಯವು ಬಹಳ ಸಮೃದ್ಧವಾಗಿದ್ದು, ಅದರ ಮೇಲೆ ಬ್ರಿಟಿಷರಿಗೆ ಕಣ್ಣಿತ್ತು. ಅವರು ಹೇಗಾದರೂ ಮಾಡಿ ಕಿತ್ತೂರನ್ನು ತಮ್ಮ ವಶಕ್ಕೆ ತೆಗೆದುಕೊಳ್ಳಬೇಕೆಂದು ಹೊಂಚು ಹಾಕುತ್ತಿದ್ದರು. ಹೀಗಿರುವಾಗ, ದುರದೃಷ್ಟವಶಾತ್‌ ರಾಜ ಮಲ್ಪಸರ್ಜನು ಅನಾರೋಗ್ಯದಿಂದ ಸಾವನ್ನಪ್ಪಿದನು. ಆಗ ಕಿತ್ತೂರಿಗೆ ರಾಜನಿಲ್ಲದಂತಾಯಿತು. ತನ್ನ ರಾಜ್ಯ ಬ್ರಿಟಿಷರ ಪಾಲಾಗಬಾರದೆಂದು ಚೆನ್ನಮ್ಮ ದತ್ತು ಮಗನನ್ನು ಪಡೆದುಕೊಂಡು, ಅವನನ್ನೇ ರಾಜನೆಂದು ಘೋಷಿಸಿ ರಾಜ್ಯಭಾರ ಮಾಡತೊಡಗಿದಳು. ಆದರೆ ಬ್ರಿಟಿಷರು “ದತ್ತು ಮಕ್ಕಳಿಗೆ ಹಕ್ಕಿಲ್ಲ” ಎಂಬ ಕಾನೂನನ್ನು ಜಾರಿಗೆ ತಂದಿದ್ದ ರು. ಈ ಕಾನೂನಿನಂತೆ ಕಿತ್ತೂರಿಗೆ ಯಾವ ರಾಜನೂ ಇಲ್ಲವೆಂದೂ, ಅದನ್ನು 'ಬ್ರಿಟಿಷರಿಗೆ ಒಪ್ಪಿಸಬೇಕು” ಎಂದು ಚೆನ್ನಮ್ಮನಿಗೆ ಸಂದೇಶ ಕಳುಹಿಸಿದರು. ಆದರೆ ಚೆನ್ನಮ್ಮ ಅದಕ್ಕೆ ಒಪ್ಪಲಿಲ್ಲ. ಕೋಪಗೊಂಡ ಬ್ರಿಟಿಷರು ಕಿತ್ತೂರಿನ ಮೇಲೆ ದಾಳಿ ಮಾಡಿದರು.",0.717,0.283,0.007,0.908,0.968,0.834,0.166,0.0,0.943,0.958,0.17,0.83,0.777,0.797,0.075
25,"ಕರ್ಣಾಟಕದ ಬೆಳಗಾವಿ ಜಿಲ್ಳೆಯಲ್ಲಿ ಕಿತ್ಥೂರು ಒಂದು ಪ್ರಾಂತ್ಯ: ಸುಮಾರು ೨೮೦ ವರ್ಷಘಲ ಹಿಂದೆ ಮಲ್ಲಸರ್ಜ ಏಂಬುವನು ಈಲ್ಲಿಯ ರಾಜಣಾಗಿದ್ದನು. ಆವನ ಹೆಂಡಥಿ ರಾಣಿ ಚೆನ್ನಮ್ಮ ಆಘ ಭಾರತ ದೇಶವು ಭ್ರಿಠಿಷರ ಆಲ್ವಿಕೆಯಲ್ಲಿ ಇತ್ತು ಖಿಥ್ತೂರಿನ ರಾಜ್ಯವು ಬಹಳ ಸಮೃದ್ಧವಾಗಿದ್ಧು, ಅಧರ ಮೇಲೆ ಬ್ರಿಟಿಷರಿಗೆ ಖನ್ಣಿತ್ತು. ಅವರು ಹೇಘಾದರೂ ಮಾಡಿ ಖಿಥ್ತೂರಣ್ನು ಥಮ್ಮ ವಶಕ್ಖೆ ಥೆಗೆದುಕೊಳ್ಳಬೇಕೆಂಧು ಹೊಂಛು ಹಾಖುತ್ತಿದ್ದರು. ಹೀಗಿರುವಾಗ, ದುರದೃಷ್ಟವಶಾಥ್‌ ರಾಝ ಮಲ್ಫಸರ್ಜನು ಅನಾರೋಗ್ಯಧಿಂಧ ಸಾವನ್ಣಪ್ಪಿದನು. ಆಗ ಖಿತ್ತೂರಿಗೆ ರಾಜಣಿಲ್ಲಧಂಥಾಯಿತು. ತನ್ನ ರಾಜ್ಯ ಬ್ರಿಟಿಷರ ಫಾಲಾಗಬಾರಧೆಂದು ಚೆನ್ನಮ್ಮ ದತ್ಥು ಮಘನನ್ನು ಫಡೆದುಕೊಂಢು, ಆವನನ್ಣೇ ರಾಜಣೆಂದು ಘೋಷಿಸಿ ರಾಜ್ಯಭಾರ ಮಾಡತೊಡಗಿದಳು. ಆದರೆ ಬ್ರಿಟಿಷರು “ದತ್ತು ಮಖ್ಕಳಿಗೆ ಹಕ್ಕಿಲ್ಲ” ಎಂಬ ಕಾನೂನನ್ನು ಜಾರಿಗೆ ಥಂದಿದ್ಧ ಥಂದಿದ್ಧ ರು. ಈ ಕಾನೂನಿನಂತೆ ಖಿತ್ಥೂರಿಗೆ ಯಾವ ರಾಝಣೂ ಇಲ್ಳವೆಂದೂ, ಅದನ್ನು 'ಬ್ರಿಟಿಷರಿಗೆ ಓಪ್ಪಿಸಬೇಕು” ಏಂದು ಚೆನ್ನಮ್ಮನಿಗೆ ವಿಚಾರ ಕಳುಹಿಸಿಧರು. ಅಧರೆ ಛೆನ್ನಮ್ಮ ಆದಕ್ಖೆ ಏಕವಲ್ಲ. ಖೋಫಗೊಂಡ ಬ್ರಿಠಿಷರು ಖಿತ್ತೂರಿಣ ಮೇಲೆ ದಾಳಿ ಮಾಢಿದರು.",kitturu_chennamma,"ಕರ್ನಾಟಕದ ಬೆಳಗಾವಿ ಜಿಲ್ಲೆಯಲ್ಲಿ ಕಿತ್ತೂರು ಒಂದು ಪ್ರಾಂತ್ಯ: ಸುಮಾರು ೨೮೦ ವರ್ಷಗಳ ಹಿಂದೆ ಮಲ್ಲಸರ್ಜ ಎಂಬುವನು ಇಲ್ಲಿಯ ರಾಜನಾಗಿದ್ದನು. ಅವನ ಹೆಂಡತಿ ರಾಣಿ ಚೆನ್ನಮ್ಮ ಆಗ ಭಾರತ ದೇಶವು ಬ್ರಿಟಿಷರ ಆಳ್ವಿಕೆಯಲ್ಲಿ ಇತ್ತು ಕಿತ್ತೂರಿನ ರಾಜ್ಯವು ಬಹಳ ಸಮೃದ್ಧವಾಗಿದ್ದು, ಅದರ ಮೇಲೆ ಬ್ರಿಟಿಷರಿಗೆ ಕಣ್ಣಿತ್ತು. ಅವರು ಹೇಗಾದರೂ ಮಾಡಿ ಕಿತ್ತೂರನ್ನು ತಮ್ಮ ವಶಕ್ಕೆ ತೆಗೆದುಕೊಳ್ಳಬೇಕೆಂದು ಹೊಂಚು ಹಾಕುತ್ತಿದ್ದರು. ಹೀಗಿರುವಾಗ, ದುರದೃಷ್ಟವಶಾತ್‌ ರಾಜ ಮಲ್ಪಸರ್ಜನು ಅನಾರೋಗ್ಯದಿಂದ ಸಾವನ್ನಪ್ಪಿದನು. ಆಗ ಕಿತ್ತೂರಿಗೆ ರಾಜನಿಲ್ಲದಂತಾಯಿತು. ತನ್ನ ರಾಜ್ಯ ಬ್ರಿಟಿಷರ ಪಾಲಾಗಬಾರದೆಂದು ಚೆನ್ನಮ್ಮ ದತ್ತು ಮಗನನ್ನು ಪಡೆದುಕೊಂಡು, ಅವನನ್ನೇ ರಾಜನೆಂದು ಘೋಷಿಸಿ ರಾಜ್ಯಭಾರ ಮಾಡತೊಡಗಿದಳು. ಆದರೆ ಬ್ರಿಟಿಷರು “ದತ್ತು ಮಕ್ಕಳಿಗೆ ಹಕ್ಕಿಲ್ಲ” ಎಂಬ ಕಾನೂನನ್ನು ಜಾರಿಗೆ ತಂದಿದ್ದ ರು. ಈ ಕಾನೂನಿನಂತೆ ಕಿತ್ತೂರಿಗೆ ಯಾವ ರಾಜನೂ ಇಲ್ಲವೆಂದೂ, ಅದನ್ನು 'ಬ್ರಿಟಿಷರಿಗೆ ಒಪ್ಪಿಸಬೇಕು” ಎಂದು ಚೆನ್ನಮ್ಮನಿಗೆ ಸಂದೇಶ ಕಳುಹಿಸಿದರು. ಆದರೆ ಚೆನ್ನಮ್ಮ ಅದಕ್ಕೆ ಒಪ್ಪಲಿಲ್ಲ. ಕೋಪಗೊಂಡ ಬ್ರಿಟಿಷರು ಕಿತ್ತೂರಿನ ಮೇಲೆ ದಾಳಿ ಮಾಡಿದರು.",0.641,0.359,0.006,0.934,0.947,0.744,0.256,0.007,0.928,0.923,0.152,0.848,0.78,0.912,0.073
26,"ಕರ್ನಾಠಕದ ಭೆಳಗಾವಿ ಝಿಲ್ಲೆಯಳ್ಲಿ ಕಿತ್ತೂರು ಒಂದು ಫ್ರಾಂಥ್ಯ: ಸುಮಾರು ೨೮೦ ವರ್ಷಘಳ ಹಿಂದೆ ಮಲ್ಲಶರ್ಜ ಎಂಭುವನು ಇಲ್ಲಿಯ ರಾಜನಾಗಿದ್ದನು. ಅವನ ಹೆಂಡತಿ ರಾಣಿ ಚೆನ್ನಮ್ಮ ಆಗ ಭಾರಥ ದೇಶವು ಬ್ರಿಟಿಷರ ಅಲ್ವಿಖೆಯಲ್ಲಿ ಇತ್ತು ಖಿತ್ಥೂರಿನ ರಾಜ್ಯವು ಬಹಳ ಸಮೃಧ್ಧವಾಗಿದ್ದು, ಅದರ ಮೇಲೆ ಬ್ರಿಠಿಷರಿಗೆ ಖಣ್ಣಿತ್ತು. ಅವರು ಹೇಗಾದರೂ ಮಾಡಿ ಕಿಥ್ತೂರನ್ನು ತಮ್ಮ ವಶಕ್ಕೆ ತೆಗೆದುಖೊಳ್ಳಬೇಕೆಂದು ಹೊಂಛು ಹಾಕುತ್ತಿದ್ದರು. ಹೀಗಿರುವಾಗ, ದುರದೃಷ್ಠವಶಾತ್‌ ರಾಜ ಮಲ್ಪಸರ್ಜನು ಆನಾರೋಗ್ಯದಿಂದ ಆನಾರೋಗ್ಯದಿಂದ ಸಾವನ್ನಪ್ಪಿದನು. ಆಘ ಕಿತ್ತೂರಿಗೆ ರಾಜನಿಲ್ಳದಂತಾಯಿತು. ಥನ್ನ ರಾಝ್ಯ ಬ್ರಿಟಿಷರ ಪಾಲಾಗಬಾರದೆಂದು ಛೆನ್ನಮ್ಮ ದತ್ತು ಮಗನಣ್ನು ಪಡೆದುಖೊಂಡು, ಅವನನ್ನೇ ರಾಜನೆಂದು ಘೋಷಿಸಿ ರಾಝ್ಯಬಾರ ಮಾಡಥೊಡಗಿದಳು. ಆದರೆ ಭ್ರಿಟಿಷರು “ದತ್ತು ಮಕ್ಕಳಿಘೆ ಹಖ್ಕಿಲ್ಲ” ಎಂಬ ಕಾನೂನನ್ನು ಝಾರಿಘೆ ಥಂದಿದ್ದ ರು. ಈ ಕಾನೂನಿನಂತೆ ಕಿಥ್ಥೂರಿಗೆ ಯಾವ ರಾಜನೂ ಈಳ್ಲವೆಂದೂ, ಅದನ್ಣು 'ಬ್ರಿಟಿಷರಿಗೆ ಒಪ್ಫಿಸಬೇಕು” ಎಂದು ಚೆನ್ಣಮ್ಮನಿಗೆ ಸಂಧೇಶ ಕಳುಹಿಶಿದರು. ಅದರೆ ಚೆಣ್ನಮ್ಮ ಅಧಖ್ಕೆ ಒಪ್ಪಲಿಲ್ಲ. ಕೋಪಗೊಂಡ ಭ್ರಿಟಿಷರು ಕಿತ್ತೂರಿನ ಮೇಲೆ ದಾಳಿ ಮಾಡಿದರು.",kitturu_chennamma,"ಕರ್ನಾಟಕದ ಬೆಳಗಾವಿ ಜಿಲ್ಲೆಯಲ್ಲಿ ಕಿತ್ತೂರು ಒಂದು ಪ್ರಾಂತ್ಯ: ಸುಮಾರು ೨೮೦ ವರ್ಷಗಳ ಹಿಂದೆ ಮಲ್ಲಸರ್ಜ ಎಂಬುವನು ಇಲ್ಲಿಯ ರಾಜನಾಗಿದ್ದನು. ಅವನ ಹೆಂಡತಿ ರಾಣಿ ಚೆನ್ನಮ್ಮ ಆಗ ಭಾರತ ದೇಶವು ಬ್ರಿಟಿಷರ ಆಳ್ವಿಕೆಯಲ್ಲಿ ಇತ್ತು ಕಿತ್ತೂರಿನ ರಾಜ್ಯವು ಬಹಳ ಸಮೃದ್ಧವಾಗಿದ್ದು, ಅದರ ಮೇಲೆ ಬ್ರಿಟಿಷರಿಗೆ ಕಣ್ಣಿತ್ತು. ಅವರು ಹೇಗಾದರೂ ಮಾಡಿ ಕಿತ್ತೂರನ್ನು ತಮ್ಮ ವಶಕ್ಕೆ ತೆಗೆದುಕೊಳ್ಳಬೇಕೆಂದು ಹೊಂಚು ಹಾಕುತ್ತಿದ್ದರು. ಹೀಗಿರುವಾಗ, ದುರದೃಷ್ಟವಶಾತ್‌ ರಾಜ ಮಲ್ಪಸರ್ಜನು ಅನಾರೋಗ್ಯದಿಂದ ಸಾವನ್ನಪ್ಪಿದನು. ಆಗ ಕಿತ್ತೂರಿಗೆ ರಾಜನಿಲ್ಲದಂತಾಯಿತು. ತನ್ನ ರಾಜ್ಯ ಬ್ರಿಟಿಷರ ಪಾಲಾಗಬಾರದೆಂದು ಚೆನ್ನಮ್ಮ ದತ್ತು ಮಗನನ್ನು ಪಡೆದುಕೊಂಡು, ಅವನನ್ನೇ ರಾಜನೆಂದು ಘೋಷಿಸಿ ರಾಜ್ಯಭಾರ ಮಾಡತೊಡಗಿದಳು. ಆದರೆ ಬ್ರಿಟಿಷರು “ದತ್ತು ಮಕ್ಕಳಿಗೆ ಹಕ್ಕಿಲ್ಲ” ಎಂಬ ಕಾನೂನನ್ನು ಜಾರಿಗೆ ತಂದಿದ್ದ ರು. ಈ ಕಾನೂನಿನಂತೆ ಕಿತ್ತೂರಿಗೆ ಯಾವ ರಾಜನೂ ಇಲ್ಲವೆಂದೂ, ಅದನ್ನು 'ಬ್ರಿಟಿಷರಿಗೆ ಒಪ್ಪಿಸಬೇಕು” ಎಂದು ಚೆನ್ನಮ್ಮನಿಗೆ ಸಂದೇಶ ಕಳುಹಿಸಿದರು. ಆದರೆ ಚೆನ್ನಮ್ಮ ಅದಕ್ಕೆ ಒಪ್ಪಲಿಲ್ಲ. ಕೋಪಗೊಂಡ ಬ್ರಿಟಿಷರು ಕಿತ್ತೂರಿನ ಮೇಲೆ ದಾಳಿ ಮಾಡಿದರು.",0.75,0.25,0.016,0.882,0.973,0.839,0.161,0.016,0.825,0.954,0.17,0.83,0.782,0.852,0.078
27,"ಕರ್ನಾಟಕದ ಬೆಲಗಾವಿ ಜಿಲ್ಲೆಯಲ್ಲಿ ಕಿತ್ಥೂರು ಒಂದು ಫ್ರಾಂತ್ಯ: ಸುಮಾರು ೨೮೦ ವರ್ಷಗಲ ಹಿಂಧೆ ಮಲ್ಲಸರ್ಝ ಏಂಬುವನು ಇಲ್ಳಿಯ ರಾಝನಾಗಿಧ್ದನು. ಅವಣ ಹೆಂಡತಿ ರಾಣಿ ಛೆಣ್ನಮ್ಮ ಆಘ ಭಾರಥ ದೇಸವು ಭ್ರಿಟಿಷರ ಅಳ್ವಿಕೆಯಲ್ಲಿ ಇತ್ತು ಖಿತ್ಥೂರಿನ ರಾಜ್ಯವು ಭಹಳ ಶಮೃದ್ಧವಾಗಿದ್ದು, ಅದರ ಮೇಲೆ ಬ್ರಿಟಿಷರಿಘೆ ಕನ್ನಿತ್ಥು. ಅವರು ಹೇಗಾದರೂ ಮಾಢಿ ಕಿತ್ತೂರನ್ಣು ತಮ್ಮ ವಸಕ್ಖೆ ಥೆಗೆದುಕೊಳ್ಲಬೇಕೆಂದು ಹೊಂಚು ಹಾಖುತ್ತಿದ್ದರು. ಹೀಗಿರುವಾಗ, ದುರದೃಷ್ಟವಶಾತ್‌ ರಾಜ ಮಲ್ಪಸರ್ಜನು ಅನಾರೋಗ್ಯಧಿಂದ ಸಾವನ್ನಪ್ಫಿದನು. ಆಘ ಕಿತ್ಥೂರಿಗೆ ರಾಜನಿಲ್ಲದಂತಾಯಿತು. ಥನ್ನ ರಾಜ್ಯ ಭ್ರಿಟಿಷರ ಫಾಲಾಗಭಾರದೆಂದು ಚೆನಮ್ಮ ದತ್ಥು ಮಗನನ್ಣು ಪಡೆದುಕೊಂಡು, ಅವನನ್ನೇ ರಾಜನೆಂದು ಘೋಷಿಸಿ ರಾಜ್ಯಭಾರ ಮಾಡಥೊಡಗಿದಳು. ಆದರೆ ಬ್ರಿಟಿಷರು “ದಥ್ತು ಮಖ್ಕಳಿಗೆ ಹಕ್ಕಿಳ್ಲ” ಏಂಬ ಕಾನೂನನ್ಣು ಜಾರಿಗೆ ಥಂದಿದ್ದ ರು. ಈ ಕಾನೂಣಿನಂತೆ ಕಿಥ್ತೂರಿಗೆ ಯಾವ ರಾಜಣೂ ಇಲ್ಲವೆಂಧೂ, ಅದನ್ನು 'ಬ್ರಿಟಿಷರಿಗೆ ಒಪ್ಫಿಸಬೇಖು” ಎಂದು ಚೆನ್ನಮ್ಮನಿಗೆ ಶಂದೇಶ ಕಲುಹಿಸಿದರು. ಆದರೆ ಚೆನಮ್ಮ ಆದಖ್ಖೆ ಏಕವಲ್ಲ. ಕೋಫಗೊಂಡ ಬ್ರಿಠಿಷರು ಕಿತ್ಥೂರಿನ ಮೇಲೆ ದಾಳಿ ಮಾಡಿದರು.",kitturu_chennamma,"ಕರ್ನಾಟಕದ ಬೆಳಗಾವಿ ಜಿಲ್ಲೆಯಲ್ಲಿ ಕಿತ್ತೂರು ಒಂದು ಪ್ರಾಂತ್ಯ: ಸುಮಾರು ೨೮೦ ವರ್ಷಗಳ ಹಿಂದೆ ಮಲ್ಲಸರ್ಜ ಎಂಬುವನು ಇಲ್ಲಿಯ ರಾಜನಾಗಿದ್ದನು. ಅವನ ಹೆಂಡತಿ ರಾಣಿ ಚೆನ್ನಮ್ಮ ಆಗ ಭಾರತ ದೇಶವು ಬ್ರಿಟಿಷರ ಆಳ್ವಿಕೆಯಲ್ಲಿ ಇತ್ತು ಕಿತ್ತೂರಿನ ರಾಜ್ಯವು ಬಹಳ ಸಮೃದ್ಧವಾಗಿದ್ದು, ಅದರ ಮೇಲೆ ಬ್ರಿಟಿಷರಿಗೆ ಕಣ್ಣಿತ್ತು. ಅವರು ಹೇಗಾದರೂ ಮಾಡಿ ಕಿತ್ತೂರನ್ನು ತಮ್ಮ ವಶಕ್ಕೆ ತೆಗೆದುಕೊಳ್ಳಬೇಕೆಂದು ಹೊಂಚು ಹಾಕುತ್ತಿದ್ದರು. ಹೀಗಿರುವಾಗ, ದುರದೃಷ್ಟವಶಾತ್‌ ರಾಜ ಮಲ್ಪಸರ್ಜನು ಅನಾರೋಗ್ಯದಿಂದ ಸಾವನ್ನಪ್ಪಿದನು. ಆಗ ಕಿತ್ತೂರಿಗೆ ರಾಜನಿಲ್ಲದಂತಾಯಿತು. ತನ್ನ ರಾಜ್ಯ ಬ್ರಿಟಿಷರ ಪಾಲಾಗಬಾರದೆಂದು ಚೆನ್ನಮ್ಮ ದತ್ತು ಮಗನನ್ನು ಪಡೆದುಕೊಂಡು, ಅವನನ್ನೇ ರಾಜನೆಂದು ಘೋಷಿಸಿ ರಾಜ್ಯಭಾರ ಮಾಡತೊಡಗಿದಳು. ಆದರೆ ಬ್ರಿಟಿಷರು “ದತ್ತು ಮಕ್ಕಳಿಗೆ ಹಕ್ಕಿಲ್ಲ” ಎಂಬ ಕಾನೂನನ್ನು ಜಾರಿಗೆ ತಂದಿದ್ದ ರು. ಈ ಕಾನೂನಿನಂತೆ ಕಿತ್ತೂರಿಗೆ ಯಾವ ರಾಜನೂ ಇಲ್ಲವೆಂದೂ, ಅದನ್ನು 'ಬ್ರಿಟಿಷರಿಗೆ ಒಪ್ಪಿಸಬೇಕು” ಎಂದು ಚೆನ್ನಮ್ಮನಿಗೆ ಸಂದೇಶ ಕಳುಹಿಸಿದರು. ಆದರೆ ಚೆನ್ನಮ್ಮ ಅದಕ್ಕೆ ಒಪ್ಪಲಿಲ್ಲ. ಕೋಪಗೊಂಡ ಬ್ರಿಟಿಷರು ಕಿತ್ತೂರಿನ ಮೇಲೆ ದಾಳಿ ಮಾಡಿದರು.",0.505,0.495,0.013,0.865,0.865,0.765,0.235,0.007,0.797,0.926,0.112,0.888,0.776,0.746,0.046
28,"ಕರ್ನಾಟಕದ ಬೆಳಗಾವಿ ಜಿಲ್ಳೆಯಲ್ಲಿ ಖಿತ್ತೂರು ಒಂದು ಪ್ರಾಂತ್ಯ: ಶುಮಾರು ೨೮೦ ವರ್ಷಗಳ ಹಿಂದೆ ಮಳ್ಲಸರ್ಜ ಎಂಭುವನು ಇಳ್ಲಿಯ ರಾಜನಾಗಿದ್ದಣು. ಅವನ ಹೆಂಡತಿ ರಾಣಿ ಚೆನ್ನಮ್ಮ ಆಗ ಭಾರತ ಧೇಶವು ಬ್ರಿಟಿಷರ ಆಳ್ವಿಕೆಯಲ್ಲಿ ಇತ್ಥು ಕಿತ್ಥೂರಿನ ರಾಜ್ಯವು ಬಹಲ ಸಮೃದ್ಧವಾಗಿಧ್ದು, ಅದರ ಮೇಲೆ ಭ್ರಿಟಿಷರಿಗೆ ಕಣ್ಣಿಥ್ತು. ಅವರು ಹೇಗಾದರೂ ಮಾಡಿ ಖಿತ್ಥೂರಣ್ನು ತಮ್ಮ ವಶಕ್ಕೆ ತೆಗೆದುಕೊಳ್ಳಭೇಕೆಂಧು ಹೊಂಛು ಹಾಕುಥ್ತಿದ್ಧರು. ಹೀಘಿರುವಾಘ, ದುರದೃಷ್ಟವಶಾಥ್‌ ರಾಜ ಮಲ್ಪಶರ್ಜನು ಆಣಾರೋಘ್ಯದಿಂದ ಶಾವಣ್ನಪ್ಪಿಧನು. ಆಗ ಕಿಥ್ಥೂರಿಗೆ ರಾಜನಿಲ್ಲದಂತಾಯಿತು. ತನ್ನ ರಾಝ್ಯ ಬ್ರಿಟಿಷರ ಪಾಲಾಘಭಾರದೆಂದು ಚೆನ್ಣಮ್ಮ ದತ್ತು ಮಗನನ್ನು ಫಢೆದುಕೊಂಢು, ಅವನನ್ನೇ ರಾಝನೆಂದು ಘೋಷಿಸಿ ರಾಜ್ಯಭಾರ ಮಾಡತೊಡಘಿದಳು. ಆದರೆ ಭ್ರಿಠಿಷರು “ದತ್ತು ಮಕ್ಖಳಿಗೆ ಹಕ್ಕಿಳ್ಲ” ಎಂಬ ಖಾನೂನನ್ಣು ಜಾರಿಗೆ ಥಂದಿದ್ದ ರು. ಈ ಕಾನೂಣಿನಂತೆ ಕಿಥ್ತೂರಿಗೆ ಯಾವ ರಾಜನೂ ಇಲ್ಲವೆಂದೂ, ಆದಣ್ಣು 'ಬ್ರಿಟಿಷರಿಗೆ ಒಫ್ಪಿಶಭೇಕು” ಎಂದು ಛೆನ್ಣಮ್ಮನಿಗೆ ಸಂದೇಸ ಕಳುಹಿಶಿದರು. ಆದರೆ ಚೆನ್ನಮ್ಮ ಅದಕ್ಕೆ ಏಕವಲ್ಲ. ಕೋಫಗೊಂಡ ಬ್ರಿಟಿಷರು ಖಿತ್ತೂರಿನ ಮೇಳೆ ದಾಲಿ ಮಾಡಿದರು.",kitturu_chennamma,"ಕರ್ನಾಟಕದ ಬೆಳಗಾವಿ ಜಿಲ್ಲೆಯಲ್ಲಿ ಕಿತ್ತೂರು ಒಂದು ಪ್ರಾಂತ್ಯ: ಸುಮಾರು ೨೮೦ ವರ್ಷಗಳ ಹಿಂದೆ ಮಲ್ಲಸರ್ಜ ಎಂಬುವನು ಇಲ್ಲಿಯ ರಾಜನಾಗಿದ್ದನು. ಅವನ ಹೆಂಡತಿ ರಾಣಿ ಚೆನ್ನಮ್ಮ ಆಗ ಭಾರತ ದೇಶವು ಬ್ರಿಟಿಷರ ಆಳ್ವಿಕೆಯಲ್ಲಿ ಇತ್ತು ಕಿತ್ತೂರಿನ ರಾಜ್ಯವು ಬಹಳ ಸಮೃದ್ಧವಾಗಿದ್ದು, ಅದರ ಮೇಲೆ ಬ್ರಿಟಿಷರಿಗೆ ಕಣ್ಣಿತ್ತು. ಅವರು ಹೇಗಾದರೂ ಮಾಡಿ ಕಿತ್ತೂರನ್ನು ತಮ್ಮ ವಶಕ್ಕೆ ತೆಗೆದುಕೊಳ್ಳಬೇಕೆಂದು ಹೊಂಚು ಹಾಕುತ್ತಿದ್ದರು. ಹೀಗಿರುವಾಗ, ದುರದೃಷ್ಟವಶಾತ್‌ ರಾಜ ಮಲ್ಪಸರ್ಜನು ಅನಾರೋಗ್ಯದಿಂದ ಸಾವನ್ನಪ್ಪಿದನು. ಆಗ ಕಿತ್ತೂರಿಗೆ ರಾಜನಿಲ್ಲದಂತಾಯಿತು. ತನ್ನ ರಾಜ್ಯ ಬ್ರಿಟಿಷರ ಪಾಲಾಗಬಾರದೆಂದು ಚೆನ್ನಮ್ಮ ದತ್ತು ಮಗನನ್ನು ಪಡೆದುಕೊಂಡು, ಅವನನ್ನೇ ರಾಜನೆಂದು ಘೋಷಿಸಿ ರಾಜ್ಯಭಾರ ಮಾಡತೊಡಗಿದಳು. ಆದರೆ ಬ್ರಿಟಿಷರು “ದತ್ತು ಮಕ್ಕಳಿಗೆ ಹಕ್ಕಿಲ್ಲ” ಎಂಬ ಕಾನೂನನ್ನು ಜಾರಿಗೆ ತಂದಿದ್ದ ರು. ಈ ಕಾನೂನಿನಂತೆ ಕಿತ್ತೂರಿಗೆ ಯಾವ ರಾಜನೂ ಇಲ್ಲವೆಂದೂ, ಅದನ್ನು 'ಬ್ರಿಟಿಷರಿಗೆ ಒಪ್ಪಿಸಬೇಕು” ಎಂದು ಚೆನ್ನಮ್ಮನಿಗೆ ಸಂದೇಶ ಕಳುಹಿಸಿದರು. ಆದರೆ ಚೆನ್ನಮ್ಮ ಅದಕ್ಕೆ ಒಪ್ಪಲಿಲ್ಲ. ಕೋಪಗೊಂಡ ಬ್ರಿಟಿಷರು ಕಿತ್ತೂರಿನ ಮೇಲೆ ದಾಳಿ ಮಾಡಿದರು.",0.661,0.339,0.007,0.869,0.951,0.822,0.178,0.002,0.826,0.95,0.193,0.807,0.777,0.793,0.088
29,"ಕರ್ನಾಠಕದ ಬೆಳಗಾವಿ ಜಿಲ್ಲೆಯಲ್ಲಿ ಕಿತ್ತೂರು ಒಂದು ಪ್ರಾಂಥ್ಯ: ಸುಮಾರು ೨೮೦ ವರ್ಷಗಳ ಹಿಂದೆ ಮಲ್ಲಸರ್ಜ ಎಂಭುವನು ಇಲ್ಲಿಯ ರಾಜನಾಘಿದ್ದಣು. ಅವನ ಹೆಂಡತಿ ರಾಣಿ ಚೆನ್ನಮ್ಮ ಆಘ ಭಾರತ ದೇಶವು ಬ್ರಿಟಿಷರ ಆಳ್ವಿಕೆಯಲ್ಲಿ ಇಥ್ತು ಖಿತ್ತೂರಿನ ರಾಜ್ಯವು ಬಹಳ ಸಮೃದ್ಧವಾಗಿದ್ದು, ಅದರ ಮೇಲೆ ಬ್ರಿಟಿಷರಿಘೆ ಖಣ್ಣಿಥ್ಥು. ಅವರು ಹೇಗಾದರೂ ಮಾಡಿ ಕಿತ್ತೂರನ್ಣು ಥಮ್ಮ ವಸಕ್ಕೆ ತೆಗೆದುಕೊಳ್ಳಭೇಕೆಂದು ಹೊಂಛು ಹಾಖುತ್ತಿದ್ದರು. ಹೀಗಿರುವಾಗ, ದುರದೃಷ್ಠವಶಾಥ್‌ ರಾಜ ಮಲ್ಪಸರ್ಜನು ಆನಾರೋಗ್ಯದಿಂಧ ಸಾವನ್ನಪ್ಫಿದನು. ಆಗ ಕಿತ್ತೂರಿಘೆ ರಾಜನಿಲ್ಲದಂಥಾಯಿಥು. ತನ್ನ ರಾಜ್ಯ ಬ್ರಿಟಿಷರ ಪಾಲಾಗಬಾರದೆಂದು ಚೆನ್ನಮ್ಮ ಧತ್ತು ಮಗನನ್ನು ಪಢೆದುಕೊಂಡು, ಅವನನ್ನೇ ರಾಝನೆಂಧು ಘೋಷಿಸಿ ರಾಜ್ಯಭಾರ ಮಾಡತೊಢಘಿದಳು. ಆದರೆ ಬ್ರಿಠಿಷರು “ದತ್ತು ಮಖ್ಕಳಿಗೆ ಹಖ್ಕಿಲ್ಲ” ಎಂಬ ಕಾನೂಣನ್ನು ಝಾರಿಗೆ ತಂದಿದ್ಧ ರು. ಈ ಕಾನೂನಿನಂಥೆ ಕಿತ್ತೂರಿಗೆ ಯಾವ ರಾಜನೂ ಈಲ್ಲವೆಂದೂ, ಅದನ್ನು 'ಬ್ರಿಠಿಷರಿಗೆ ಒಪ್ಪಿಸಬೇಕು” ಎಂದು ಚೆನ್ನಮ್ಮಣಿಗೆ ಸಂದೇಶ ಕಳುಹಿಸಿದರು. ಆದರೆ ಚೆನ್ನಮ್ಮ ಅಧಕ್ಖೆ ಓಪ್ಪಲಿಲ್ಲ. ಖೋಪಗೊಂಡ ಭ್ರಿಠಿಷರು ಕಿತ್ತೂರಿನ ಮೇಲೆ ದಾಳಿ ಮಾಢಿದರು.",kitturu_chennamma,"ಕರ್ನಾಟಕದ ಬೆಳಗಾವಿ ಜಿಲ್ಲೆಯಲ್ಲಿ ಕಿತ್ತೂರು ಒಂದು ಪ್ರಾಂತ್ಯ: ಸುಮಾರು ೨೮೦ ವರ್ಷಗಳ ಹಿಂದೆ ಮಲ್ಲಸರ್ಜ ಎಂಬುವನು ಇಲ್ಲಿಯ ರಾಜನಾಗಿದ್ದನು. ಅವನ ಹೆಂಡತಿ ರಾಣಿ ಚೆನ್ನಮ್ಮ ಆಗ ಭಾರತ ದೇಶವು ಬ್ರಿಟಿಷರ ಆಳ್ವಿಕೆಯಲ್ಲಿ ಇತ್ತು ಕಿತ್ತೂರಿನ ರಾಜ್ಯವು ಬಹಳ ಸಮೃದ್ಧವಾಗಿದ್ದು, ಅದರ ಮೇಲೆ ಬ್ರಿಟಿಷರಿಗೆ ಕಣ್ಣಿತ್ತು. ಅವರು ಹೇಗಾದರೂ ಮಾಡಿ ಕಿತ್ತೂರನ್ನು ತಮ್ಮ ವಶಕ್ಕೆ ತೆಗೆದುಕೊಳ್ಳಬೇಕೆಂದು ಹೊಂಚು ಹಾಕುತ್ತಿದ್ದರು. ಹೀಗಿರುವಾಗ, ದುರದೃಷ್ಟವಶಾತ್‌ ರಾಜ ಮಲ್ಪಸರ್ಜನು ಅನಾರೋಗ್ಯದಿಂದ ಸಾವನ್ನಪ್ಪಿದನು. ಆಗ ಕಿತ್ತೂರಿಗೆ ರಾಜನಿಲ್ಲದಂತಾಯಿತು. ತನ್ನ ರಾಜ್ಯ ಬ್ರಿಟಿಷರ ಪಾಲಾಗಬಾರದೆಂದು ಚೆನ್ನಮ್ಮ ದತ್ತು ಮಗನನ್ನು ಪಡೆದುಕೊಂಡು, ಅವನನ್ನೇ ರಾಜನೆಂದು ಘೋಷಿಸಿ ರಾಜ್ಯಭಾರ ಮಾಡತೊಡಗಿದಳು. ಆದರೆ ಬ್ರಿಟಿಷರು “ದತ್ತು ಮಕ್ಕಳಿಗೆ ಹಕ್ಕಿಲ್ಲ” ಎಂಬ ಕಾನೂನನ್ನು ಜಾರಿಗೆ ತಂದಿದ್ದ ರು. ಈ ಕಾನೂನಿನಂತೆ ಕಿತ್ತೂರಿಗೆ ಯಾವ ರಾಜನೂ ಇಲ್ಲವೆಂದೂ, ಅದನ್ನು 'ಬ್ರಿಟಿಷರಿಗೆ ಒಪ್ಪಿಸಬೇಕು” ಎಂದು ಚೆನ್ನಮ್ಮನಿಗೆ ಸಂದೇಶ ಕಳುಹಿಸಿದರು. ಆದರೆ ಚೆನ್ನಮ್ಮ ಅದಕ್ಕೆ ಒಪ್ಪಲಿಲ್ಲ. ಕೋಪಗೊಂಡ ಬ್ರಿಟಿಷರು ಕಿತ್ತೂರಿನ ಮೇಲೆ ದಾಳಿ ಮಾಡಿದರು.",0.795,0.205,0.0,0.805,0.979,0.875,0.125,0.0,0.913,0.967,0.192,0.808,0.779,0.905,0.098
30,"ಕರ್ನಾಟಕದ ಬೆಳಘಾವಿ ಜಿಲ್ಳೆಯಲ್ಲಿ ಕಿತ್ತೂರು ಓಂದು ಪ್ರಾಂತ್ಯ: ಸುಮಾರು ೨೮೦ ವರ್ಷಗಳ ಹಿಂದೆ ಮಳ್ಲಸರ್ಝ ಏಂಬುವನು ಇಲ್ಲಿಯ ರಾಜನಾಗಿಧ್ದನು. ಆವನ ಹೆಂಡಥಿ ರಾನಿ ಛೆನ್ನಮ್ಮ ಅಗ ಭಾರತ ದೇಶವು ಬ್ರಿಠಿಷರ ಆಳ್ವಿಖೆಯಳ್ಲಿ ಇತ್ತು ಕಿತ್ಥೂರಿನ ರಾಜ್ಯವು ಬಹಲ ಸಮೃಧ್ಧವಾಗಿಧ್ಧು, ಅದರ ಮೇಲೆ ಬ್ರಿಟಿಷರಿಗೆ ಖಣ್ನಿಥ್ತು. ಆವರು ಹೇಘಾದರೂ ಮಾಢಿ ಕಿತ್ತೂರನ್ನು ತಮ್ಮ ವಶಕ್ಕೆ ಥೆಗೆದುಕೊಳ್ಳಬೇಕೆಂದು ಹೊಂಛು ಹಾಕುಥ್ತಿದ್ಧರು. ಹೀಗಿರುವಾಗ, ಧುರಧೃಷ್ಠವಶಾತ್‌ ರಾಜ ಮಲ್ಪಸರ್ಜನು ಅನಾರೋಘ್ಯಧಿಂಧ ಸಾವನ್ನಪ್ಪಿಧಣು. ಆಗ ಖಿತ್ಥೂರಿಗೆ ರಾಜಣಿಲ್ಲಧಂಥಾಯಿತು. ತಣ್ನ ರಾಜ್ಯ ಭ್ರಿಟಿಷರ ಪಾಳಾಗಬಾರಧೆಂಧು ಚೆನ್ನಮ್ಮ ದತ್ತು ಮಗನನ್ನು ಫಡೆದುಕೊಂಢು, ಆವಣನ್ಣೇ ರಾಜನೆಂದು ಘೋಷಿಸಿ ರಾಜ್ಯಭಾರ ಮಾಡಥೊಡಗಿಧಲು. ಆದರೆ ಬ್ರಿಟಿಷರು “ದಥ್ಥು ಮಕ್ಕಳಿಘೆ ಹಕ್ಖಿಲ್ಲ” ಎಂಬ ಕಾನೂನನ್ನು ಜಾರಿಗೆ ಥಂದಿಧ್ದ ರು. ಈ ಕಾನೂನಿನಂತೆ ಕಿತ್ಥೂರಿಗೆ ಯಾವ ರಾಜನೂ ಇಲ್ಲವೆಂದೂ, ಅದನ್ನು 'ಭ್ರಿಠಿಷರಿಗೆ ಒಪ್ಪಿಸಬೇಕು” ಎಂಧು ಛೆನ್ನಮ್ಮನಿಗೆ ಶಂದೇಶ ಕಲುಹಿಸಿಧರು. ಆದರೆ ಚೆನ್ಣಮ್ಮ ಅದಕ್ಖೆ ಓಫ್ಪಲಿಲ್ಲ. ಕೋಪಗೊಂಢ ಕೋಪಗೊಂಢ ಭ್ರಿಟಿಷರು ಕಿತ್ಥೂರಿನ ಮೇಲೆ ಧಾಳಿ ಮಾಡಿದರು.",kitturu_chennamma,"ಕರ್ನಾಟಕದ ಬೆಳಗಾವಿ ಜಿಲ್ಲೆಯಲ್ಲಿ ಕಿತ್ತೂರು ಒಂದು ಪ್ರಾಂತ್ಯ: ಸುಮಾರು ೨೮೦ ವರ್ಷಗಳ ಹಿಂದೆ ಮಲ್ಲಸರ್ಜ ಎಂಬುವನು ಇಲ್ಲಿಯ ರಾಜನಾಗಿದ್ದನು. ಅವನ ಹೆಂಡತಿ ರಾಣಿ ಚೆನ್ನಮ್ಮ ಆಗ ಭಾರತ ದೇಶವು ಬ್ರಿಟಿಷರ ಆಳ್ವಿಕೆಯಲ್ಲಿ ಇತ್ತು ಕಿತ್ತೂರಿನ ರಾಜ್ಯವು ಬಹಳ ಸಮೃದ್ಧವಾಗಿದ್ದು, ಅದರ ಮೇಲೆ ಬ್ರಿಟಿಷರಿಗೆ ಕಣ್ಣಿತ್ತು. ಅವರು ಹೇಗಾದರೂ ಮಾಡಿ ಕಿತ್ತೂರನ್ನು ತಮ್ಮ ವಶಕ್ಕೆ ತೆಗೆದುಕೊಳ್ಳಬೇಕೆಂದು ಹೊಂಚು ಹಾಕುತ್ತಿದ್ದರು. ಹೀಗಿರುವಾಗ, ದುರದೃಷ್ಟವಶಾತ್‌ ರಾಜ ಮಲ್ಪಸರ್ಜನು ಅನಾರೋಗ್ಯದಿಂದ ಸಾವನ್ನಪ್ಪಿದನು. ಆಗ ಕಿತ್ತೂರಿಗೆ ರಾಜನಿಲ್ಲದಂತಾಯಿತು. ತನ್ನ ರಾಜ್ಯ ಬ್ರಿಟಿಷರ ಪಾಲಾಗಬಾರದೆಂದು ಚೆನ್ನಮ್ಮ ದತ್ತು ಮಗನನ್ನು ಪಡೆದುಕೊಂಡು, ಅವನನ್ನೇ ರಾಜನೆಂದು ಘೋಷಿಸಿ ರಾಜ್ಯಭಾರ ಮಾಡತೊಡಗಿದಳು. ಆದರೆ ಬ್ರಿಟಿಷರು “ದತ್ತು ಮಕ್ಕಳಿಗೆ ಹಕ್ಕಿಲ್ಲ” ಎಂಬ ಕಾನೂನನ್ನು ಜಾರಿಗೆ ತಂದಿದ್ದ ರು. ಈ ಕಾನೂನಿನಂತೆ ಕಿತ್ತೂರಿಗೆ ಯಾವ ರಾಜನೂ ಇಲ್ಲವೆಂದೂ, ಅದನ್ನು 'ಬ್ರಿಟಿಷರಿಗೆ ಒಪ್ಪಿಸಬೇಕು” ಎಂದು ಚೆನ್ನಮ್ಮನಿಗೆ ಸಂದೇಶ ಕಳುಹಿಸಿದರು. ಆದರೆ ಚೆನ್ನಮ್ಮ ಅದಕ್ಕೆ ಒಪ್ಪಲಿಲ್ಲ. ಕೋಪಗೊಂಡ ಬ್ರಿಟಿಷರು ಕಿತ್ತೂರಿನ ಮೇಲೆ ದಾಳಿ ಮಾಡಿದರು.",0.639,0.361,0.01,0.789,0.938,0.767,0.233,0.009,0.737,0.923,0.165,0.835,0.781,0.806,0.072
1,"ಮನೆಯ ಮುಂದೆ ಓಂದು ಹೂದೋಠವಿದೆ. ತೋಠದ ಥುಂಬಾ ವಿಧ ವಿಧವಾದ ಹೂವುಗಳು ಹರಡಿವ. ಹೂವುಗಲ ಮೇಲೆ ಬನ್ನ ಭಣ್ನದ ಚಿಟ್ಠೆಗಳು ಹಾರಾಡುಥ್ಥಿವ. ಆವುಗಳು ಹೂವಿಂದ ಹೂವಿಗೆ ಹಾರಿ ಮಕರಂಧ ಹೀರುತ್ಥವ. ಕಂಪು, ಹಲದಿ, ಣೀಲಿ, ಕಿತ್ತಳ ಮುಂಥಾಧ ರಂಗು ರಂಗಿನ ಚಿಠ್ಟೆಗಳಣ್ಣು ನೋಡಲು ಥುಂಬಾ ಖುಷಿಯಾಗುತ್ತದೆ. ಚಿಟ್ಟೆಗಳನ್ಣು 'ಪಾತರಘಿತ್ತಿ' ಎ೦ದೂ ಕರೆಯುತ್ಥಾರೆ. ಚಿಟ್ಟೆಯ ರೆಖ್ಕೆಗಳು ರೇಷ್ಮಯಂತೆ ಮೃದುವಾಗಿರುತ್ತವೆ. ಅವುಗಳ ಮೇಲೆ ನಾಣಾ ತರಹದ ಛಿತ್ಥಾರಗಳಿರುತ್ತವೆ. ಚಿಟ್ಟೆಗಳು ಏಲೆಗಳ ಮೇಲೆ ಮೊಠ್ಟೆಗಲನ್ನು ಇಡುತ್ಥವೆ. ಆ ಮೊಟ್ಠೆಗಳಿಂದ ಖಂಬಳಿಹುಳುಗಳು ಹೊರಬಂದು, ಏಳೆಗಳಣ್ನು ತಿ೦ದು ತಿ೦ದು ಘೂಡುಗಲನ್ನು ಕಟ್ಠಖೊಳ್ಳುತ್ತವೆ. ನಂತರ ಆ ಗೂಡುಗಳನ್ನು ಓಡೆದುಕೊಂಡು ಛಿಟ್ಟೆಘಲು ಹೊರಬರುಥ್ತವೆ.",butterfly_garden,"ಮನೆಯ ಮುಂದೆ ಒಂದು ಹೂದೋಟವಿದೆ. ತೋಟದ ತುಂಬಾ ವಿಧ ವಿಧವಾದ ಹೂವುಗಳು ಅರಳಿವ. ಹೂವುಗಳ ಮೇಲೆ ಬಣ್ಣ ಬಣ್ಣದ ಚಿಟ್ಟೆಗಳು ಹಾರಾಡುತ್ತಿವ. ಅವುಗಳು ಹೂವಿಂದ ಹೂವಿಗೆ ಹಾರಿ ಮಕರಂದ ಹೀರುತ್ತವ. ಕಂಪು, ಹಳದಿ, ನೀಲಿ, ಕಿತ್ತಳ ಮುಂತಾದ ರಂಗು ರಂಗಿನ ಚಿಟ್ಟೆಗಳನ್ನು ನೋಡಲು ತುಂಬಾ ಖುಷಿಯಾಗುತ್ತದೆ. ಚಿಟ್ಟೆಗಳನ್ನು 'ಪಾತರಗಿತ್ತಿ' ಎ೦ದೂ ಕರೆಯುತ್ತಾರೆ. ಚಿಟ್ಟೆಯ ರೆಕ್ಕೆಗಳು ರೇಷ್ಮಯಂತೆ ಮೃದುವಾಗಿರುತ್ತವೆ. ಅವುಗಳ ಮೇಲೆ ನಾನಾ ತರಹದ ಚಿತ್ತಾರಗಳಿರುತ್ತವೆ. ಚಿಟ್ಟೆಗಳು ಎಲೆಗಳ ಮೇಲೆ ಮೊಟ್ಟೆಗಳನ್ನು ಇಡುತ್ತವೆ. ಆ ಮೊಟ್ಟೆಗಳಿಂದ ಕಂಬಳಿಹುಳುಗಳು ಹೊರಬಂದು, ಎಲೆಗಳನ್ನು ತಿ೦ದು ಗೂಡುಗಳನ್ನು ಕಟ್ಟಕೊಳ್ಳುತ್ತವೆ. ನಂತರ ಆ ಗೂಡುಗಳನ್ನು ಒಡೆದುಕೊಂಡು ಚಿಟ್ಟೆಗಳು ಹೊರಬರುತ್ತವೆ.",0.529,0.471,0.01,0.818,0.879,0.751,0.249,0.01,0.811,0.919,0.064,0.936,0.882,0.872,0.029
2,"ಮನೆಯ ಮುಂದೆ ಒಂದು ಹೂದೋಠವಿದೆ. ತೋಟದ ತುಂಬಾ ವಿಧ ವಿಧವಾದ ಹೂವುಗಳು ಅರಲಿವ. ಹೂವುಗಳ ಮೇಲೆ ಬಣ್ಣ ಬನ್ಣದ ಚಿಟ್ಟೆಗಳು ಹಾರಾಡುತ್ತಿವ. ಅವುಗಲು ಹೂವಿಂದ ಹೂವಿಗೆ ಹಾರಿ ಮಕರಂದ ಹೀರುತ್ಥವ. ಕಂಪು, ಹಳದಿ, ನೀಳಿ, ಕಿತ್ತಳ ಮುಂತಾದ ರಂಗು ರಂಗಿನ ಚಿಟ್ಟೆಘಳಣ್ನು ನೋಢಲು ತುಂಬಾ ಖುಷಿಯಾಗುಥ್ತದೆ. ಛಿಟ್ಟೆಗಳಣ್ನು 'ಫಾಥರಗಿತ್ತಿ' ಎ೦ದೂ ಕರೆಯುತ್ತಾರೆ. ಚಿಟ್ಟೆಯ ರೆಕ್ಕೆಗಳು ರೇಷ್ಮಯಂತೆ ಮೃಧುವಾಘಿರುತ್ತವೆ. ಅವುಗಳ ಮೇಳೆ ನಾನಾ ಥರಹದ ಚಿತ್ಥಾರಗಳಿರುತ್ತವೆ. ಚಿಟ್ಟೆಗಳು ಏಲೆಗಳ ಮೇಲೆ ಮೊಟ್ಟೆಗಳನ್ನು ಇಢುಥ್ಥವೆ. ಆ ಮೊಠ್ಟೆಗಲಿಂದ ಕಂಬಳಿಹುಳುಗಳು ಹೊರಬಂಧು, ಎಲೆಗಲನ್ನು ತಿ೦ದು ಗೂಡುಗಳನ್ನು ಕಟ್ಠಕೊಲ್ಲುಥ್ಥವೆ. ನಂತರ ಆ ಗೂಡುಘಳಣ್ನು ಒಡೆದುಕೊಂಡು ಚಿಟ್ಟೆಗಳು ಹೊರಭರುಥ್ತವೆ.",butterfly_garden,"ಮನೆಯ ಮುಂದೆ ಒಂದು ಹೂದೋಟವಿದೆ. ತೋಟದ ತುಂಬಾ ವಿಧ ವಿಧವಾದ ಹೂವುಗಳು ಅರಳಿವ. ಹೂವುಗಳ ಮೇಲೆ ಬಣ್ಣ ಬಣ್ಣದ ಚಿಟ್ಟೆಗಳು ಹಾರಾಡುತ್ತಿವ. ಅವುಗಳು ಹೂವಿಂದ ಹೂವಿಗೆ ಹಾರಿ ಮಕರಂದ ಹೀರುತ್ತವ. ಕಂಪು, ಹಳದಿ, ನೀಲಿ, ಕಿತ್ತಳ ಮುಂತಾದ ರಂಗು ರಂಗಿನ ಚಿಟ್ಟೆಗಳನ್ನು ನೋಡಲು ತುಂಬಾ ಖುಷಿಯಾಗುತ್ತದೆ. ಚಿಟ್ಟೆಗಳನ್ನು 'ಪಾತರಗಿತ್ತಿ' ಎ೦ದೂ ಕರೆಯುತ್ತಾರೆ. ಚಿಟ್ಟೆಯ ರೆಕ್ಕೆಗಳು ರೇಷ್ಮಯಂತೆ ಮೃದುವಾಗಿರುತ್ತವೆ. ಅವುಗಳ ಮೇಲೆ ನಾನಾ ತರಹದ ಚಿತ್ತಾರಗಳಿರುತ್ತವೆ. ಚಿಟ್ಟೆಗಳು ಎಲೆಗಳ ಮೇಲೆ ಮೊಟ್ಟೆಗಳನ್ನು ಇಡುತ್ತವೆ. ಆ ಮೊಟ್ಟೆಗಳಿಂದ ಕಂಬಳಿಹುಳುಗಳು ಹೊರಬಂದು, ಎಲೆಗಳನ್ನು ತಿ೦ದು ಗೂಡುಗಳನ್ನು ಕಟ್ಟಕೊಳ್ಳುತ್ತವೆ. ನಂತರ ಆ ಗೂಡುಗಳನ್ನು ಒಡೆದುಕೊಂಡು ಚಿಟ್ಟೆಗಳು ಹೊರಬರುತ್ತವೆ.",0.609,0.391,0.0,0.873,0.932,0.834,0.166,0.0,0.887,0.956,0.104,0.896,0.881,0.795,0.037
3,"ಮಣೆಯ ಮುಂದೆ ಒಂದು ಹೂದೋಟವಿದೆ. ತೋಟದ ಥುಂಬಾ ವಿಧ ವಿದವಾದ ಹೂವುಗಳು ಆರಳಿವ. ಹೂವುಗಲ ಮೇಲೆ ಬಣ್ನ ಬಣ್ನದ ಚಿಟ್ಠೆಗಳು ಹಾರಾಡುತ್ತಿವ. ಅವುಗಳು ಹೂವಿಂದ ಹೂವಿಗೆ ಹಾರಿ ಮಕರಂದ ಹೀರುತ್ತವ. ಕಂಪು, ಹಳದಿ, ಣೀಲಿ, ಕಿತ್ತಲ ಮುಂತಾದ ರಂಗು ರಂಗಿನ ಚಿಟ್ಟೆಘಳನ್ನು ಣೋಡಲು ಥುಂಬಾ ಖುಷಿಯಾಗುಥ್ತಧೆ. ಛಿಠ್ಠೆಗಳನ್ಣು 'ಪಾತರಗಿತ್ಥಿ' ಎ೦ದೂ ಕರೆಯುತ್ತಾರೆ. ಚಿಠ್ಟೆಯ ರೆಖ್ಕೆಗಲು ರೇಷ್ಮಯಂತೆ ಮೃದುವಾಗಿರುತ್ತವೆ. ಅವುಘಳ ಮೇಲೆ ನಾನಾ ತರಹದ ಚಿತ್ತಾರಗಳಿರುಥ್ತವೆ. ಛಿಠ್ಠೆಗಲು ಎಲೆಗಳ ಮೇಲೆ ಮೊಟ್ಟೆಘಳಣ್ನು ಇಢುತ್ಥವೆ. ಆ ಮೊಟ್ಟೆಘಲಿಂದ ಖಂಬಳಿಹುಲುಗಳು ಹೊರಬಂದು, ಎಲೆಗಳನ್ನು ತಿ೦ದು ಗೂಡುಗಳನ್ನು ಕಟ್ಟಕೊಳ್ಳುತ್ತವೆ. ನಂಥರ ಆ ಗೂಡುಗಳನ್ನು ಒಡೆದುಕೊಂಡು ಚಿಟ್ಠೆಘಳು ಹೊರಬರುತ್ತವೆ.",butterfly_garden,"ಮನೆಯ ಮುಂದೆ ಒಂದು ಹೂದೋಟವಿದೆ. ತೋಟದ ತುಂಬಾ ವಿಧ ವಿಧವಾದ ಹೂವುಗಳು ಅರಳಿವ. ಹೂವುಗಳ ಮೇಲೆ ಬಣ್ಣ ಬಣ್ಣದ ಚಿಟ್ಟೆಗಳು ಹಾರಾಡುತ್ತಿವ. ಅವುಗಳು ಹೂವಿಂದ ಹೂವಿಗೆ ಹಾರಿ ಮಕರಂದ ಹೀರುತ್ತವ. ಕಂಪು, ಹಳದಿ, ನೀಲಿ, ಕಿತ್ತಳ ಮುಂತಾದ ರಂಗು ರಂಗಿನ ಚಿಟ್ಟೆಗಳನ್ನು ನೋಡಲು ತುಂಬಾ ಖುಷಿಯಾಗುತ್ತದೆ. ಚಿಟ್ಟೆಗಳನ್ನು 'ಪಾತರಗಿತ್ತಿ' ಎ೦ದೂ ಕರೆಯುತ್ತಾರೆ. ಚಿಟ್ಟೆಯ ರೆಕ್ಕೆಗಳು ರೇಷ್ಮಯಂತೆ ಮೃದುವಾಗಿರುತ್ತವೆ. ಅವುಗಳ ಮೇಲೆ ನಾನಾ ತರಹದ ಚಿತ್ತಾರಗಳಿರುತ್ತವೆ. ಚಿಟ್ಟೆಗಳು ಎಲೆಗಳ ಮೇಲೆ ಮೊಟ್ಟೆಗಳನ್ನು ಇಡುತ್ತವೆ. ಆ ಮೊಟ್ಟೆಗಳಿಂದ ಕಂಬಳಿಹುಳುಗಳು ಹೊರಬಂದು, ಎಲೆಗಳನ್ನು ತಿ೦ದು ಗೂಡುಗಳನ್ನು ಕಟ್ಟಕೊಳ್ಳುತ್ತವೆ. ನಂತರ ಆ ಗೂಡುಗಳನ್ನು ಒಡೆದುಕೊಂಡು ಚಿಟ್ಟೆಗಳು ಹೊರಬರುತ್ತವೆ.",0.649,0.351,0.0,0.782,0.943,0.8,0.2,0.0,0.768,0.94,0.074,0.926,0.881,0.843,0.031
4,"ಮಣೆಯ ಮುಂದೆ ಒಂದು ಹೂಧೋಟವಿಧೆ. ತೋಟದ ತುಂಭಾ ವಿಧ ವಿಧವಾದ ಹೂವುಗಳು ಹರಡಿವ. ಹೂವುಗಳ ಮೇಲೆ ಭನ್ಣ ಬಣ್ಣದ ಚಿಟ್ಟೆಘಲು ಹಾರಾಡುತ್ತಿವ. ಅವುಗಲು ಹೂವಿಂದ ಹೂವಿಗೆ ಹಾರಿ ಮಖರಂದ ಹೀರುಥ್ತವ. ಕಂಪು, ಹಳದಿ, ನೀಲಿ, ಕಿಥ್ತಳ ಮುಂಥಾದ ರಂಗು ರಂಗಿನ ಚಿಟ್ಟೆಗಳನ್ಣು ನೋಡಳು ತುಂಬಾ ಖುಷಿಯಾಗುತ್ತದೆ. ಚಿಟ್ಟೆಗಳನ್ನು 'ಪಾಥರಗಿಥ್ತಿ' ಎ೦ದೂ ಕರೆಯುತ್ತಾರೆ. ಚಿಟ್ಠೆಯ ರೆಖ್ಕೆಗಳು ರೇಷ್ಮಯಂಥೆ ಮೃದುವಾಗಿರುಥ್ಥವೆ. ಅವುಘಲ ಮೇಲೆ ನಾನಾ ತರಹದ ಚಿತ್ತಾರಗಲಿರುತ್ತವೆ. ಚಿಟ್ಟೆಗಳು ಎಳೆಗಳ ಮೇಲೆ ಮೊಟ್ಟೆಗಳಣ್ನು ಈಡುತ್ತವೆ. ಅ ಮೊಟ್ಟೆಗಳಿಂದ ಕಂಭಳಿಹುಳುಘಳು ಹೊರಬಂದು, ಎಲೆಗಲನ್ನು ಥಿ೦ದು ಘೂಡುಗಳಣ್ನು ಕಟ್ಟಕೊಲ್ಳುತ್ಥವೆ. ನಂಥರ ಅ ಗೂಡುಗಲಣ್ನು ಓಡೆದುಕೊಂಢು ಚಿಟ್ಟೆಗಲು ಹೊರಬರುತ್ತವೆ.",butterfly_garden,"ಮನೆಯ ಮುಂದೆ ಒಂದು ಹೂದೋಟವಿದೆ. ತೋಟದ ತುಂಬಾ ವಿಧ ವಿಧವಾದ ಹೂವುಗಳು ಅರಳಿವ. ಹೂವುಗಳ ಮೇಲೆ ಬಣ್ಣ ಬಣ್ಣದ ಚಿಟ್ಟೆಗಳು ಹಾರಾಡುತ್ತಿವ. ಅವುಗಳು ಹೂವಿಂದ ಹೂವಿಗೆ ಹಾರಿ ಮಕರಂದ ಹೀರುತ್ತವ. ಕಂಪು, ಹಳದಿ, ನೀಲಿ, ಕಿತ್ತಳ ಮುಂತಾದ ರಂಗು ರಂಗಿನ ಚಿಟ್ಟೆಗಳನ್ನು ನೋಡಲು ತುಂಬಾ ಖುಷಿಯಾಗುತ್ತದೆ. ಚಿಟ್ಟೆಗಳನ್ನು 'ಪಾತರಗಿತ್ತಿ' ಎ೦ದೂ ಕರೆಯುತ್ತಾರೆ. ಚಿಟ್ಟೆಯ ರೆಕ್ಕೆಗಳು ರೇಷ್ಮಯಂತೆ ಮೃದುವಾಗಿರುತ್ತವೆ. ಅವುಗಳ ಮೇಲೆ ನಾನಾ ತರಹದ ಚಿತ್ತಾರಗಳಿರುತ್ತವೆ. ಚಿಟ್ಟೆಗಳು ಎಲೆಗಳ ಮೇಲೆ ಮೊಟ್ಟೆಗಳನ್ನು ಇಡುತ್ತವೆ. ಆ ಮೊಟ್ಟೆಗಳಿಂದ ಕಂಬಳಿಹುಳುಗಳು ಹೊರಬಂದು, ಎಲೆಗಳನ್ನು ತಿ೦ದು ಗೂಡುಗಳನ್ನು ಕಟ್ಟಕೊಳ್ಳುತ್ತವೆ. ನಂತರ ಆ ಗೂಡುಗಳನ್ನು ಒಡೆದುಕೊಂಡು ಚಿಟ್ಟೆಗಳು ಹೊರಬರುತ್ತವೆ.",0.431,0.569,0.0,0.775,0.78,0.755,0.245,0.0,0.879,0.927,0.054,0.946,0.881,0.868,0.027
5,"ಮನೆಯ ಮುಂಧೆ ಒಂಧು ಹೂದೋಟವಿಧೆ. ತೋಟದ ತುಂಭಾ ವಿದ ವಿಧವಾಧ ಹೂವುಘಳು ಆರಳಿವ. ಹೂವುಗಲ ಮೇಲೆ ಬಣ್ನ ಬಣ್ಣಧ ಚಿಟ್ಠೆಘಳು ಹಾರಾಢುತ್ತಿವ. ಅವುಗಳು ಹೂವಿಂದ ಹೂವಿಗೆ ಹಾರಿ ಸಾರು ಹೀರುತ್ತವ. ಕಂಪು, ಹಳದಿ, ಣೀಲಿ, ಕಿತ್ಥಲ ಮುಂತಾದ ರಂಗು ರಂಗಿನ ಚಿಟ್ಟೆಘಳನ್ನು ನೋಡಲು ಥುಂಬಾ ಖುಷಿಯಾಘುಥ್ತದೆ. ಚಿಠ್ಟೆಗಳನ್ನು 'ಪಾತರಘಿತ್ತಿ' ಎ೦ದೂ ಕರೆಯುತ್ಥಾರೆ. ಚಿಠ್ಟೆಯ ರೆಕ್ಖೆಗಳು ರೇಷ್ಮಯಂತೆ ಮೃದುವಾಗಿರುತ್ತವೆ. ಅವುಗಳ ಮೇಲೆ ಣಾನಾ ತರಹದ ಚಿತ್ತಾರಗಳಿರುತ್ತವೆ. ಚಿಟ್ಟೆಗಲು ಎಲೆಗಳ ಮೇಲೆ ಮೊಟ್ಠೆಗಲನ್ನು ಇಡುತ್ತವೆ. ಅ ಮೊಠ್ಟೆಗಲಿಂದ ಖಂಬಲಿಹುಳುಗಲು ಹೊರಬಂದು, ಏಲೆಘಳಣ್ನು ಥಿ೦ದು ಗೂಡುಗಳನ್ನು ಕಟ್ಠಖೊಳ್ಳುತ್ತವೆ. ನಂತರ ಆ ಗೂಢುಗಳಣ್ನು ಒಢೆಧುಖೊಂಡು ಚಿಟ್ಟೆಗಳು ಹೊರಭರುತ್ತವೆ.",butterfly_garden,"ಮನೆಯ ಮುಂದೆ ಒಂದು ಹೂದೋಟವಿದೆ. ತೋಟದ ತುಂಬಾ ವಿಧ ವಿಧವಾದ ಹೂವುಗಳು ಅರಳಿವ. ಹೂವುಗಳ ಮೇಲೆ ಬಣ್ಣ ಬಣ್ಣದ ಚಿಟ್ಟೆಗಳು ಹಾರಾಡುತ್ತಿವ. ಅವುಗಳು ಹೂವಿಂದ ಹೂವಿಗೆ ಹಾರಿ ಮಕರಂದ ಹೀರುತ್ತವ. ಕಂಪು, ಹಳದಿ, ನೀಲಿ, ಕಿತ್ತಳ ಮುಂತಾದ ರಂಗು ರಂಗಿನ ಚಿಟ್ಟೆಗಳನ್ನು ನೋಡಲು ತುಂಬಾ ಖುಷಿಯಾಗುತ್ತದೆ. ಚಿಟ್ಟೆಗಳನ್ನು 'ಪಾತರಗಿತ್ತಿ' ಎ೦ದೂ ಕರೆಯುತ್ತಾರೆ. ಚಿಟ್ಟೆಯ ರೆಕ್ಕೆಗಳು ರೇಷ್ಮಯಂತೆ ಮೃದುವಾಗಿರುತ್ತವೆ. ಅವುಗಳ ಮೇಲೆ ನಾನಾ ತರಹದ ಚಿತ್ತಾರಗಳಿರುತ್ತವೆ. ಚಿಟ್ಟೆಗಳು ಎಲೆಗಳ ಮೇಲೆ ಮೊಟ್ಟೆಗಳನ್ನು ಇಡುತ್ತವೆ. ಆ ಮೊಟ್ಟೆಗಳಿಂದ ಕಂಬಳಿಹುಳುಗಳು ಹೊರಬಂದು, ಎಲೆಗಳನ್ನು ತಿ೦ದು ಗೂಡುಗಳನ್ನು ಕಟ್ಟಕೊಳ್ಳುತ್ತವೆ. ನಂತರ ಆ ಗೂಡುಗಳನ್ನು ಒಡೆದುಕೊಂಡು ಚಿಟ್ಟೆಗಳು ಹೊರಬರುತ್ತವೆ.",0.525,0.475,0.0,0.893,0.886,0.741,0.259,0.007,0.887,0.919,0.054,0.946,0.881,0.764,0.024
6,"ಮನೆಯ ಮುಂದೆ ಓಂದು ಹೂಧೋಟವಿದೆ. ಥೋಟದ ಥುಂಬಾ ವಿಧ ವಿದವಾಧ ಹೂವುಗಳು ಹರಡಿವ. ಹೂವುಗಳ ಮೇಲೆ ಬಣ್ಣ ಬಣ್ಣದ ಚಿಟ್ಟೆಗಲು ಹಾರಾಡುತ್ತಿವ. ಅವುಗಲು ಹೂವಿಂದ ಹೂವಿಗೆ ಹಾರಿ ಮಕರಂಧ ಹೀರುತ್ತವ. ಕಂಪು, ಹಳದಿ, ನೀಲಿ, ಕಿಥ್ತಲ ಮುಂತಾದ ರಂಘು ರಂಗಿನ ಛಿಟ್ಟೆಗಳನ್ನು ನೋಡಳು ತುಂಭಾ ಖುಷಿಯಾಗುಥ್ತದೆ. ಖುಷಿಯಾಗುಥ್ತದೆ. ಚಿಠ್ಠೆಗಲಣ್ಣು 'ಪಾತರಗಿತ್ಥಿ' ಎ೦ಧೂ ಖರೆಯುತ್ಥಾರೆ. ಚಿಟ್ಠೆಯ ರೆಖ್ಕೆಗಳು ರೇಷ್ಮಯಂತೆ ಮೃದುವಾಗಿರುಥ್ತವೆ. ಅವುಗಲ ಮೇಲೆ ನಾನಾ ಥರಹಧ ಚಿತ್ತಾರಘಳಿರುತ್ಥವೆ. ಚಿಟ್ಟೆಗಳು ಎಲೆಗಳ ಮೇಲೆ ಮೊಠ್ಟೆಗಳಣ್ನು ಇಡುತ್ತವೆ. ಆ ಮೊಠ್ಟೆಗಳಿಂಧ ಕಂಬಲಿಹುಳುಘಲು ಹೊರಬಂಧು, ಏಲೆಗಳನ್ನು ಥಿ೦ದು ಗೂಢುಗಳನ್ನು ಖಟ್ಠಖೊಳ್ಳುಥ್ಥವೆ. ನಂಥರ ಆ ಘೂಢುಗಳಣ್ನು ಒಡೆದುಕೊಂಡು ಚಿಟ್ಟೆಗಳು ಹೊರಭರುಥ್ತವೆ.",butterfly_garden,"ಮನೆಯ ಮುಂದೆ ಒಂದು ಹೂದೋಟವಿದೆ. ತೋಟದ ತುಂಬಾ ವಿಧ ವಿಧವಾದ ಹೂವುಗಳು ಅರಳಿವ. ಹೂವುಗಳ ಮೇಲೆ ಬಣ್ಣ ಬಣ್ಣದ ಚಿಟ್ಟೆಗಳು ಹಾರಾಡುತ್ತಿವ. ಅವುಗಳು ಹೂವಿಂದ ಹೂವಿಗೆ ಹಾರಿ ಮಕರಂದ ಹೀರುತ್ತವ. ಕಂಪು, ಹಳದಿ, ನೀಲಿ, ಕಿತ್ತಳ ಮುಂತಾದ ರಂಗು ರಂಗಿನ ಚಿಟ್ಟೆಗಳನ್ನು ನೋಡಲು ತುಂಬಾ ಖುಷಿಯಾಗುತ್ತದೆ. ಚಿಟ್ಟೆಗಳನ್ನು 'ಪಾತರಗಿತ್ತಿ' ಎ೦ದೂ ಕರೆಯುತ್ತಾರೆ. ಚಿಟ್ಟೆಯ ರೆಕ್ಕೆಗಳು ರೇಷ್ಮಯಂತೆ ಮೃದುವಾಗಿರುತ್ತವೆ. ಅವುಗಳ ಮೇಲೆ ನಾನಾ ತರಹದ ಚಿತ್ತಾರಗಳಿರುತ್ತವೆ. ಚಿಟ್ಟೆಗಳು ಎಲೆಗಳ ಮೇಲೆ ಮೊಟ್ಟೆಗಳನ್ನು ಇಡುತ್ತವೆ. ಆ ಮೊಟ್ಟೆಗಳಿಂದ ಕಂಬಳಿಹುಳುಗಳು ಹೊರಬಂದು, ಎಲೆಗಳನ್ನು ತಿ೦ದು ಗೂಡುಗಳನ್ನು ಕಟ್ಟಕೊಳ್ಳುತ್ತವೆ. ನಂತರ ಆ ಗೂಡುಗಳನ್ನು ಒಡೆದುಕೊಂಡು ಚಿಟ್ಟೆಗಳು ಹೊರಬರುತ್ತವೆ.",0.476,0.524,0.029,0.836,0.832,0.688,0.312,0.027,0.845,0.88,0.053,0.947,0.885,0.818,0.025
7,"ಮನೆಯ ಮುಂದೆ ಒಂದು ಹೂಧೋಟವಿದೆ. ತೋಟದ ತುಂಬಾ ವಿಧ ವಿಧವಾದ ಹೂವುಘಲು ಅರಳಿವ. ಹೂವುಗಳ ಮೇಲೆ ಭಣ್ಣ ಬನ್ಣದ ಚಿಟ್ಠೆಘಳು ಹಾರಾಡುಥ್ಥಿವ. ಅವುಗಳು ಹೂವಿಂದ ಹೂವಿಗೆ ಹಾರಿ ಮಕರಂದ ಹೀರುತ್ಥವ. ಕಂಫು, ಹಳದಿ, ನೀಲಿ, ಕಿತ್ಥಳ ಮುಂತಾದ ರಂಗು ರಂಗಿನ ಚಿಠ್ಟೆಗಳನ್ನು ಣೋಡಳು ತುಂಭಾ ಖುಷಿಯಾಗುತ್ತದೆ. ಚಿಟ್ಟೆಗಲನ್ನು 'ಪಾತರಗಿತ್ತಿ' ಎ೦ಧೂ ಕರೆಯುತ್ತಾರೆ. ಚಿಟ್ಠೆಯ ರೆಕ್ಕೆಗಳು ರೇಷ್ಮಯಂತೆ ಮೃದುವಾಗಿರುತ್ಥವೆ. ಅವುಗಲ ಮೇಲೆ ನಾನಾ ತರಹದ ಛಿಥ್ತಾರಗಳಿರುತ್ಥವೆ. ಛಿಟ್ಟೆಗಲು ಎಳೆಗಲ ಮೇಲೆ ಮೊಟ್ಟೆಗಳನ್ನು ಇಡುಥ್ತವೆ. ಅ ಮೊಟ್ಟೆಗಳಿಂದ ಕಂಬಳಿಹುಳುಗಳು ಹೊರಬಂದು, ಎಲೆಗಳನ್ನು ತಿ೦ದು ಗೂಡುಗಲನ್ನು ಕಟ್ಟಕೊಳ್ಳುತ್ತವೆ. ನಂತರ ಆ ಗೂಡುಘಳನ್ನು ಓಡೆದುಕೊಂಡು ಚಿಟ್ಟೆಘಳು ಹೊರಬರುತ್ಥವೆ.",butterfly_garden,"ಮನೆಯ ಮುಂದೆ ಒಂದು ಹೂದೋಟವಿದೆ. ತೋಟದ ತುಂಬಾ ವಿಧ ವಿಧವಾದ ಹೂವುಗಳು ಅರಳಿವ. ಹೂವುಗಳ ಮೇಲೆ ಬಣ್ಣ ಬಣ್ಣದ ಚಿಟ್ಟೆಗಳು ಹಾರಾಡುತ್ತಿವ. ಅವುಗಳು ಹೂವಿಂದ ಹೂವಿಗೆ ಹಾರಿ ಮಕರಂದ ಹೀರುತ್ತವ. ಕಂಪು, ಹಳದಿ, ನೀಲಿ, ಕಿತ್ತಳ ಮುಂತಾದ ರಂಗು ರಂಗಿನ ಚಿಟ್ಟೆಗಳನ್ನು ನೋಡಲು ತುಂಬಾ ಖುಷಿಯಾಗುತ್ತದೆ. ಚಿಟ್ಟೆಗಳನ್ನು 'ಪಾತರಗಿತ್ತಿ' ಎ೦ದೂ ಕರೆಯುತ್ತಾರೆ. ಚಿಟ್ಟೆಯ ರೆಕ್ಕೆಗಳು ರೇಷ್ಮಯಂತೆ ಮೃದುವಾಗಿರುತ್ತವೆ. ಅವುಗಳ ಮೇಲೆ ನಾನಾ ತರಹದ ಚಿತ್ತಾರಗಳಿರುತ್ತವೆ. ಚಿಟ್ಟೆಗಳು ಎಲೆಗಳ ಮೇಲೆ ಮೊಟ್ಟೆಗಳನ್ನು ಇಡುತ್ತವೆ. ಆ ಮೊಟ್ಟೆಗಳಿಂದ ಕಂಬಳಿಹುಳುಗಳು ಹೊರಬಂದು, ಎಲೆಗಳನ್ನು ತಿ೦ದು ಗೂಡುಗಳನ್ನು ಕಟ್ಟಕೊಳ್ಳುತ್ತವೆ. ನಂತರ ಆ ಗೂಡುಗಳನ್ನು ಒಡೆದುಕೊಂಡು ಚಿಟ್ಟೆಗಳು ಹೊರಬರುತ್ತವೆ.",0.49,0.51,0.0,0.91,0.861,0.814,0.186,0.0,0.808,0.947,0.109,0.891,0.881,0.879,0.042
8,"ಮಣೆಯ ಮುಂದೆ ಒಂಧು ಹೂದೋಟವಿದೆ. ಥೋಟಧ ಥುಂಭಾ ವಿಧ ವಿಧವಾದ ಹೂವುಗಳು ಹರಡಿವ. ಹೂವುಗಲ ಮೇಲೆ ಬಣ್ಣ ಬಣ್ಣಧ ಚಿಟ್ಠೆಗಳು ಹಾರಾಡುಥ್ಥಿವ. ಅವುಗಲು ಹೂವಿಂಧ ಹೂವಿಗೆ ಹಾರಿ ಮಖರಂದ ಮಖರಂದ ಹೀರುಥ್ತವ. ಕಂಫು, ಹಳದಿ, ನೀಳಿ, ಕಿತ್ತಲ ಮುಂಥಾದ ರಂಗು ರಂಗಿನ ಚಿಟ್ಟೆಘಳನ್ನು ನೋಡಲು ಥುಂಭಾ ಖುಷಿಯಾಘುಥ್ತದೆ. ಛಿಠ್ಟೆಘಳನ್ನು 'ಪಾತರಗಿತ್ತಿ' ಎ೦ದೂ ಕರೆಯುತ್ತಾರೆ. ಚಿಟ್ಠೆಯ ರೆಕ್ಕೆಘಳು ರೇಷ್ಮಯಂತೆ ಮೃದುವಾಗಿರುತ್ಥವೆ. ಅವುಗಳ ಮೇಲೆ ನಾನಾ ಥರಹದ ಚಿತ್ತಾರಗಳಿರುತ್ಥವೆ. ಛಿಟ್ಟೆಗಲು ಏಲೆಘಲ ಮೇಲೆ ಮೊಟ್ಟೆಗಲನ್ನು ಇಡುಥ್ತವೆ. ಆ ಮೊಠ್ಟೆಗಳಿಂದ ಕಂಬಳಿಹುಳುಗಳು ಹೊರಬಂದು, ಎಳೆಗಳನ್ನು ತಿ೦ದು ಗೂಢುಗಳನ್ನು ಖಟ್ಠಕೊಳ್ಲುತ್ಥವೆ. ನಂಥರ ಅ ಘೂಡುಗಳನ್ನು ಒಡೆದುಕೊಂಢು ಚಿಟ್ಟೆಗಳು ಹೊರಬರುಥ್ತವೆ.",butterfly_garden,"ಮನೆಯ ಮುಂದೆ ಒಂದು ಹೂದೋಟವಿದೆ. ತೋಟದ ತುಂಬಾ ವಿಧ ವಿಧವಾದ ಹೂವುಗಳು ಅರಳಿವ. ಹೂವುಗಳ ಮೇಲೆ ಬಣ್ಣ ಬಣ್ಣದ ಚಿಟ್ಟೆಗಳು ಹಾರಾಡುತ್ತಿವ. ಅವುಗಳು ಹೂವಿಂದ ಹೂವಿಗೆ ಹಾರಿ ಮಕರಂದ ಹೀರುತ್ತವ. ಕಂಪು, ಹಳದಿ, ನೀಲಿ, ಕಿತ್ತಳ ಮುಂತಾದ ರಂಗು ರಂಗಿನ ಚಿಟ್ಟೆಗಳನ್ನು ನೋಡಲು ತುಂಬಾ ಖುಷಿಯಾಗುತ್ತದೆ. ಚಿಟ್ಟೆಗಳನ್ನು 'ಪಾತರಗಿತ್ತಿ' ಎ೦ದೂ ಕರೆಯುತ್ತಾರೆ. ಚಿಟ್ಟೆಯ ರೆಕ್ಕೆಗಳು ರೇಷ್ಮಯಂತೆ ಮೃದುವಾಗಿರುತ್ತವೆ. ಅವುಗಳ ಮೇಲೆ ನಾನಾ ತರಹದ ಚಿತ್ತಾರಗಳಿರುತ್ತವೆ. ಚಿಟ್ಟೆಗಳು ಎಲೆಗಳ ಮೇಲೆ ಮೊಟ್ಟೆಗಳನ್ನು ಇಡುತ್ತವೆ. ಆ ಮೊಟ್ಟೆಗಳಿಂದ ಕಂಬಳಿಹುಳುಗಳು ಹೊರಬಂದು, ಎಲೆಗಳನ್ನು ತಿ೦ದು ಗೂಡುಗಳನ್ನು ಕಟ್ಟಕೊಳ್ಳುತ್ತವೆ. ನಂತರ ಆ ಗೂಡುಗಳನ್ನು ಒಡೆದುಕೊಂಡು ಚಿಟ್ಟೆಗಳು ಹೊರಬರುತ್ತವೆ.",0.471,0.529,0.01,0.824,0.829,0.738,0.262,0.014,0.817,0.912,0.078,0.922,0.882,0.845,0.032
9,"ಮಣೆಯ ಮುಂದೆ ಒಂದು ಹೂದೋಠವಿದೆ. ತೋಠದ ತುಂಬಾ ವಿಧ ವಿಧವಾಧ ಹೂವುಗಲು ಹರಡಿವ. ಹೂವುಗಲ ಮೇಲೆ ಬನ್ಣ ಭಣ್ಣದ ಛಿಠ್ಟೆಗಳು ಹಾರಾಢುತ್ಥಿವ. ಅವುಗಲು ಹೂವಿಂದ ಹೂವಿಗೆ ಹಾರಿ ಮಖರಂಧ ಹೀರುತ್ತವ. ಕಂಪು, ಕಂಪು, ಹಳದಿ, ನೀಲಿ, ಕಿತ್ಥಲ ಮುಂಥಾದ ರಂಘು ರಂಗಿನ ಚಿಟ್ಟೆಗಳನ್ನು ನೋಡಳು ತುಂಬಾ ಖುಷಿಯಾಗುತ್ತದೆ. ಚಿಟ್ಠೆಗಲನ್ನು 'ಪಾತರಗಿಥ್ತಿ' ಎ೦ದೂ ಕರೆಯುತ್ತಾರೆ. ಚಿಠ್ಟೆಯ ರೆಕ್ಖೆಗಲು ರೇಷ್ಮಯಂತೆ ಮೃದುವಾಘಿರುತ್ಥವೆ. ಅವುಗಳ ಮೇಳೆ ನಾನಾ ತರಹದ ಛಿಥ್ತಾರಗಳಿರುತ್ತವೆ. ಚಿಟ್ಠೆಗಳು ಎಲೆಗಳ ಮೇಲೆ ಮೊಠ್ಟೆಗಳಣ್ನು ಇಡುತ್ತವೆ. ಆ ಮೊಠ್ಟೆಗಳಿಂಧ ಕಂಬಳಿಹುಲುಗಳು ಹೊರಬಂದು, ಏಲೆಗಳನ್ನು ಥಿ೦ದು ಗೂಡುಗಳನ್ನು ಕಠ್ಟಕೊಲ್ಳುತ್ತವೆ. ಣಂತರ ಆ ಘೂಡುಗಳನ್ನು ಒಡೆಧುಕೊಂಡು ಚಿಠ್ಠೆಗಳು ಹೊರಬರುತ್ತವೆ.",butterfly_garden,"ಮನೆಯ ಮುಂದೆ ಒಂದು ಹೂದೋಟವಿದೆ. ತೋಟದ ತುಂಬಾ ವಿಧ ವಿಧವಾದ ಹೂವುಗಳು ಅರಳಿವ. ಹೂವುಗಳ ಮೇಲೆ ಬಣ್ಣ ಬಣ್ಣದ ಚಿಟ್ಟೆಗಳು ಹಾರಾಡುತ್ತಿವ. ಅವುಗಳು ಹೂವಿಂದ ಹೂವಿಗೆ ಹಾರಿ ಮಕರಂದ ಹೀರುತ್ತವ. ಕಂಪು, ಹಳದಿ, ನೀಲಿ, ಕಿತ್ತಳ ಮುಂತಾದ ರಂಗು ರಂಗಿನ ಚಿಟ್ಟೆಗಳನ್ನು ನೋಡಲು ತುಂಬಾ ಖುಷಿಯಾಗುತ್ತದೆ. ಚಿಟ್ಟೆಗಳನ್ನು 'ಪಾತರಗಿತ್ತಿ' ಎ೦ದೂ ಕರೆಯುತ್ತಾರೆ. ಚಿಟ್ಟೆಯ ರೆಕ್ಕೆಗಳು ರೇಷ್ಮಯಂತೆ ಮೃದುವಾಗಿರುತ್ತವೆ. ಅವುಗಳ ಮೇಲೆ ನಾನಾ ತರಹದ ಚಿತ್ತಾರಗಳಿರುತ್ತವೆ. ಚಿಟ್ಟೆಗಳು ಎಲೆಗಳ ಮೇಲೆ ಮೊಟ್ಟೆಗಳನ್ನು ಇಡುತ್ತವೆ. ಆ ಮೊಟ್ಟೆಗಳಿಂದ ಕಂಬಳಿಹುಳುಗಳು ಹೊರಬಂದು, ಎಲೆಗಳನ್ನು ತಿ೦ದು ಗೂಡುಗಳನ್ನು ಕಟ್ಟಕೊಳ್ಳುತ್ತವೆ. ನಂತರ ಆ ಗೂಡುಗಳನ್ನು ಒಡೆದುಕೊಂಡು ಚಿಟ್ಟೆಗಳು ಹೊರಬರುತ್ತವೆ.",0.368,0.632,0.01,0.864,0.711,0.744,0.256,0.01,0.784,0.914,0.064,0.936,0.882,0.798,0.027
10,"ಮನೆಯ ಮುಂದೆ ಒಂದು ಹೂದೋಟವಿದೆ. ತೋಟದ ಥುಂಭಾ ವಿಧ ವಿಧವಾಧ ಹೂವುಗಳು ಹರಡಿವ. ಹೂವುಗಳ ಮೇಲೆ ಭನ್ಣ ಬಣ್ಣಧ ಚಿಟ್ಟೆಗಳು ಹಾರಾಡುತ್ತಿವ. ಅವುಘಳು ಹೂವಿಂಧ ಹೂವಿಗೆ ಹಾರಿ ಮಕರಂದ ಹೀರುಥ್ತವ. ಕಂಪು, ಹಲದಿ, ನೀಳಿ, ಕಿತ್ಥಳ ಮುಂತಾದ ರಂಗು ರಂಗಿನ ಚಿಟ್ಟೆಗಳನ್ನು ನೋಡಳು ತುಂಭಾ ಖುಷಿಯಾಗುತ್ತದೆ. ಚಿಟ್ಟೆಗಳನ್ನು 'ಪಾತರಗಿತ್ಥಿ' ಏ೦ದೂ ಕರೆಯುತ್ಥಾರೆ. ಛಿಟ್ಠೆಯ ರೆಕ್ಕೆಗಲು ರೇಷ್ಮಯಂತೆ ಮೃಧುವಾಘಿರುತ್ಥವೆ. ಅವುಗಳ ಮೇಲೆ ಣಾನಾ ತರಹಧ ಚಿಥ್ತಾರಗಳಿರುತ್ತವೆ. ಛಿಟ್ಠೆಗಳು ಎಲೆಗಲ ಮೇಲೆ ಮೊಟ್ಟೆಘಳನ್ನು ಇಡುತ್ತವೆ. ಆ ಮೊಟ್ಟೆಗಳಿಂದ ಕಂಬಳಿಹುಲುಗಳು ಹೊರಬಂದು, ಎಲೆಗಳನ್ನು ಥಿ೦ಧು ಘೂಡುಘಲನ್ನು ಕಟ್ಟಕೊಳ್ಳುತ್ತವೆ. ನಂತರ ಆ ಗೂಡುಗಲನ್ನು ಒಡೆದುಕೊಂಡು ಚಿಟ್ಟೆಘಳು ಹೊರಬರುತ್ತವೆ.",butterfly_garden,"ಮನೆಯ ಮುಂದೆ ಒಂದು ಹೂದೋಟವಿದೆ. ತೋಟದ ತುಂಬಾ ವಿಧ ವಿಧವಾದ ಹೂವುಗಳು ಅರಳಿವ. ಹೂವುಗಳ ಮೇಲೆ ಬಣ್ಣ ಬಣ್ಣದ ಚಿಟ್ಟೆಗಳು ಹಾರಾಡುತ್ತಿವ. ಅವುಗಳು ಹೂವಿಂದ ಹೂವಿಗೆ ಹಾರಿ ಮಕರಂದ ಹೀರುತ್ತವ. ಕಂಪು, ಹಳದಿ, ನೀಲಿ, ಕಿತ್ತಳ ಮುಂತಾದ ರಂಗು ರಂಗಿನ ಚಿಟ್ಟೆಗಳನ್ನು ನೋಡಲು ತುಂಬಾ ಖುಷಿಯಾಗುತ್ತದೆ. ಚಿಟ್ಟೆಗಳನ್ನು 'ಪಾತರಗಿತ್ತಿ' ಎ೦ದೂ ಕರೆಯುತ್ತಾರೆ. ಚಿಟ್ಟೆಯ ರೆಕ್ಕೆಗಳು ರೇಷ್ಮಯಂತೆ ಮೃದುವಾಗಿರುತ್ತವೆ. ಅವುಗಳ ಮೇಲೆ ನಾನಾ ತರಹದ ಚಿತ್ತಾರಗಳಿರುತ್ತವೆ. ಚಿಟ್ಟೆಗಳು ಎಲೆಗಳ ಮೇಲೆ ಮೊಟ್ಟೆಗಳನ್ನು ಇಡುತ್ತವೆ. ಆ ಮೊಟ್ಟೆಗಳಿಂದ ಕಂಬಳಿಹುಳುಗಳು ಹೊರಬಂದು, ಎಲೆಗಳನ್ನು ತಿ೦ದು ಗೂಡುಗಳನ್ನು ಕಟ್ಟಕೊಳ್ಳುತ್ತವೆ. ನಂತರ ಆ ಗೂಡುಗಳನ್ನು ಒಡೆದುಕೊಂಡು ಚಿಟ್ಟೆಗಳು ಹೊರಬರುತ್ತವೆ.",0.584,0.416,0.0,0.822,0.916,0.821,0.179,0.0,0.837,0.95,0.079,0.921,0.881,0.706,0.028
11,"ಮಣೆಯ ಮುಂದೆ ಓಂದು ಹೂಧೋಟವಿದೆ. ಥೋಟದ ತುಂಬಾ ವಿಧ ವಿಧವಾಧ ಹೂವುಗಲು ಹರಡಿವ. ಹೂವುಗಳ ಮೇಲೆ ಬಣ್ನ ಬಣ್ಣದ ಚಿಟ್ಠೆಗಳು ಹಾರಾಡುತ್ಥಿವ. ಆವುಘಳು ಹೂವಿಂದ ಹೂವಿಘೆ ಹಾರಿ ಮಕರಂದ ಹೀರುತ್ತವ. ಕಂಪು, ಹಳದಿ, ನೀಲಿ, ಕಿತ್ಥಲ ಮುಂತಾದ ರಂಗು ರಂಘಿನ ಚಿಟ್ಟೆಘಲನ್ನು ನೋಡಳು ತುಂಬಾ ಖುಷಿಯಾಗುತ್ತಧೆ. ಛಿಟ್ಟೆಗಳನ್ನು 'ಫಾತರಘಿತ್ತಿ' ಎ೦ದೂ ಕರೆಯುಥ್ಥಾರೆ. ಚಿಠ್ಠೆಯ ರೆಖ್ಖೆಘಳು ರೇಷ್ಮಯಂಥೆ ಮೃದುವಾಘಿರುತ್ಥವೆ. ಅವುಗಲ ಮೇಲೆ ಣಾನಾ ತರಹಧ ಛಿತ್ತಾರಘಳಿರುಥ್ಥವೆ. ಚಿಟ್ಟೆಘಲು ಏಳೆಗಳ ಮೇಲೆ ಮೊಠ್ಟೆಗಳಣ್ನು ಈಢುತ್ತವೆ. ಅ ಮೊಠ್ಠೆಗಳಿಂದ ಖಂಭಳಿಹುಳುಗಳು ಹೊರಬಂದು, ಎಳೆಗಲನ್ನು ತಿ೦ದು ಗೂಡುಘಳಣ್ನು ಖಟ್ಟಕೊಳ್ಳುತ್ತವೆ. ನಂತರ ಆ ಗೂಡುಘಳನ್ನು ಒಡೆದುಕೊಂಡು ಚಿಟ್ಠೆಗಳು ಹೊರಬರುತ್ತವೆ.",butterfly_garden,"ಮನೆಯ ಮುಂದೆ ಒಂದು ಹೂದೋಟವಿದೆ. ತೋಟದ ತುಂಬಾ ವಿಧ ವಿಧವಾದ ಹೂವುಗಳು ಅರಳಿವ. ಹೂವುಗಳ ಮೇಲೆ ಬಣ್ಣ ಬಣ್ಣದ ಚಿಟ್ಟೆಗಳು ಹಾರಾಡುತ್ತಿವ. ಅವುಗಳು ಹೂವಿಂದ ಹೂವಿಗೆ ಹಾರಿ ಮಕರಂದ ಹೀರುತ್ತವ. ಕಂಪು, ಹಳದಿ, ನೀಲಿ, ಕಿತ್ತಳ ಮುಂತಾದ ರಂಗು ರಂಗಿನ ಚಿಟ್ಟೆಗಳನ್ನು ನೋಡಲು ತುಂಬಾ ಖುಷಿಯಾಗುತ್ತದೆ. ಚಿಟ್ಟೆಗಳನ್ನು 'ಪಾತರಗಿತ್ತಿ' ಎ೦ದೂ ಕರೆಯುತ್ತಾರೆ. ಚಿಟ್ಟೆಯ ರೆಕ್ಕೆಗಳು ರೇಷ್ಮಯಂತೆ ಮೃದುವಾಗಿರುತ್ತವೆ. ಅವುಗಳ ಮೇಲೆ ನಾನಾ ತರಹದ ಚಿತ್ತಾರಗಳಿರುತ್ತವೆ. ಚಿಟ್ಟೆಗಳು ಎಲೆಗಳ ಮೇಲೆ ಮೊಟ್ಟೆಗಳನ್ನು ಇಡುತ್ತವೆ. ಆ ಮೊಟ್ಟೆಗಳಿಂದ ಕಂಬಳಿಹುಳುಗಳು ಹೊರಬಂದು, ಎಲೆಗಳನ್ನು ತಿ೦ದು ಗೂಡುಗಳನ್ನು ಕಟ್ಟಕೊಳ್ಳುತ್ತವೆ. ನಂತರ ಆ ಗೂಡುಗಳನ್ನು ಒಡೆದುಕೊಂಡು ಚಿಟ್ಟೆಗಳು ಹೊರಬರುತ್ತವೆ.",0.386,0.614,0.0,0.797,0.727,0.683,0.317,0.0,0.83,0.882,0.045,0.955,0.881,0.749,0.022
12,"ಮಣೆಯ ಮುಂಧೆ ಓಂದು ಹೂದೋಟವಿದೆ. ಥೋಟದ ತುಂಬಾ ವಿಧ ವಿಧವಾಧ ಹೂವುಗಲು ಅರಲಿವ. ಹೂವುಗಳ ಮೇಲೆ ಭಣ್ಣ ಬಣ್ಣದ ಛಿಠ್ಟೆಘಳು ಹಾರಾಡುತ್ಥಿವ. ಆವುಗಳು ಹೂವಿಂದ ಹೂವಿಗೆ ಹಾರಿ ಮಕರಂದ ಹೀರುಥ್ತವ. ಖಂಫು, ಹಳದಿ, ಣೀಲಿ, ಕಿತ್ತಲ ಮುಂತಾಧ ರಂಗು ರಂಗಿನ ಚಿಟ್ಠೆಗಳನ್ನು ನೋಡಳು ತುಂಬಾ ಖುಷಿಯಾಗುಥ್ತದೆ. ಚಿಟ್ಟೆಗಳನ್ನು 'ಪಾತರಘಿಥ್ಥಿ' ಎ೦ದೂ ಕರೆಯುತ್ತಾರೆ. ಚಿಠ್ಟೆಯ ರೆಕ್ಖೆಗಲು ರೇಷ್ಮಯಂತೆ ಮೃದುವಾಗಿರುತ್ತವೆ. ಅವುಘಳ ಮೇಲೆ ನಾನಾ ತರಹದ ಚಿತ್ಥಾರಘಳಿರುಥ್ಥವೆ. ಚಿಟ್ಟೆಗಲು ಎಲೆಘಳ ಮೇಲೆ ಮೊಟ್ಠೆಗಳಣ್ನು ಇಡುತ್ತವೆ. ಆ ಮೊಠ್ಟೆಘಳಿಂದ ಕಂಬಳಿಹುಳುಘಳು ಹೊರಬಂಧು, ಎಲೆಗಳನ್ಣು ತಿ೦ದು ಗೂಢುಗಲನ್ನು ಕಠ್ಟಕೊಳ್ಳುಥ್ತವೆ. ನಂತರ ಆ ಗೂಡುಗಲನ್ನು ಒಡೆದುಕೊಂಢು ಚಿಟ್ಠೆಗಲು ಹೊರಬರುತ್ತವೆ.",butterfly_garden,"ಮನೆಯ ಮುಂದೆ ಒಂದು ಹೂದೋಟವಿದೆ. ತೋಟದ ತುಂಬಾ ವಿಧ ವಿಧವಾದ ಹೂವುಗಳು ಅರಳಿವ. ಹೂವುಗಳ ಮೇಲೆ ಬಣ್ಣ ಬಣ್ಣದ ಚಿಟ್ಟೆಗಳು ಹಾರಾಡುತ್ತಿವ. ಅವುಗಳು ಹೂವಿಂದ ಹೂವಿಗೆ ಹಾರಿ ಮಕರಂದ ಹೀರುತ್ತವ. ಕಂಪು, ಹಳದಿ, ನೀಲಿ, ಕಿತ್ತಳ ಮುಂತಾದ ರಂಗು ರಂಗಿನ ಚಿಟ್ಟೆಗಳನ್ನು ನೋಡಲು ತುಂಬಾ ಖುಷಿಯಾಗುತ್ತದೆ. ಚಿಟ್ಟೆಗಳನ್ನು 'ಪಾತರಗಿತ್ತಿ' ಎ೦ದೂ ಕರೆಯುತ್ತಾರೆ. ಚಿಟ್ಟೆಯ ರೆಕ್ಕೆಗಳು ರೇಷ್ಮಯಂತೆ ಮೃದುವಾಗಿರುತ್ತವೆ. ಅವುಗಳ ಮೇಲೆ ನಾನಾ ತರಹದ ಚಿತ್ತಾರಗಳಿರುತ್ತವೆ. ಚಿಟ್ಟೆಗಳು ಎಲೆಗಳ ಮೇಲೆ ಮೊಟ್ಟೆಗಳನ್ನು ಇಡುತ್ತವೆ. ಆ ಮೊಟ್ಟೆಗಳಿಂದ ಕಂಬಳಿಹುಳುಗಳು ಹೊರಬಂದು, ಎಲೆಗಳನ್ನು ತಿ೦ದು ಗೂಡುಗಳನ್ನು ಕಟ್ಟಕೊಳ್ಳುತ್ತವೆ. ನಂತರ ಆ ಗೂಡುಗಳನ್ನು ಒಡೆದುಕೊಂಡು ಚಿಟ್ಟೆಗಳು ಹೊರಬರುತ್ತವೆ.",0.47,0.53,0.0,0.845,0.834,0.762,0.238,0.0,0.919,0.932,0.074,0.926,0.881,0.755,0.028
13,"ಮಣೆಯ ಮುಂದೆ ಓಂದು ಹೂದೋಟವಿದೆ. ತೋಟಧ ಥುಂಭಾ ವಿಧ ವಿದವಾದ ಹೂವುಘಲು ಅರಳಿವ. ಹೂವುಘಲ ಮೇಲೆ ಬಣ್ನ ಭಣ್ನದ ಚಿಟ್ಟೆಗಳು ಹಾರಾಡುತ್ತಿವ. ಅವುಗಳು ಹೂವಿಂದ ಹೂವಿಘೆ ಹಾರಿ ಮಕರಂದ ಹೀರುತ್ತವ. ಕಂಪು, ಹಳದಿ, ನೀಲಿ, ಖಿತ್ಥಳ ಮುಂತಾದ ರಂಗು ರಂಗಿನ ಚಿಟ್ಟೆಗಳನ್ನು ನೋಡಲು ತುಂಬಾ ಖುಷಿಯಾಘುತ್ತದೆ. ಚಿಟ್ಟೆಘಲಣ್ನು 'ಪಾಥರಗಿತ್ತಿ' ಎ೦ದೂ ಕರೆಯುಥ್ತಾರೆ. ಚಿಟ್ಟೆಯ ರೆಖ್ಕೆಗಲು ರೇಷ್ಮಯಂತೆ ಮೃಧುವಾಗಿರುತ್ತವೆ. ಅವುಗಲ ಮೇಲೆ ನಾನಾ ತರಹದ ಚಿತ್ಥಾರಗಳಿರುತ್ತವೆ. ಚಿಟ್ಟೆಘಳು ಎಲೆಗಳ ಮೇಳೆ ಮೊಟ್ಟೆಗಳಣ್ನು ಇಡುಥ್ತವೆ. ಆ ಮೊಟ್ಟೆಘಳಿಂದ ಕಂಭಳಿಹುಳುಗಳು ಹೊರಭಂದು, ಎಲೆಗಲನ್ನು ತಿ೦ದು ಗೂಡುಗಳನ್ನು ಖಟ್ಟಕೊಳ್ಳುಥ್ತವೆ. ಣಂತರ ಆ ಗೂಢುಗಲನ್ಣು ಒಢೆದುಕೊಂಡು ಚಿಟ್ಟೆಗಳು ಹೊರಬರುತ್ಥವೆ.",butterfly_garden,"ಮನೆಯ ಮುಂದೆ ಒಂದು ಹೂದೋಟವಿದೆ. ತೋಟದ ತುಂಬಾ ವಿಧ ವಿಧವಾದ ಹೂವುಗಳು ಅರಳಿವ. ಹೂವುಗಳ ಮೇಲೆ ಬಣ್ಣ ಬಣ್ಣದ ಚಿಟ್ಟೆಗಳು ಹಾರಾಡುತ್ತಿವ. ಅವುಗಳು ಹೂವಿಂದ ಹೂವಿಗೆ ಹಾರಿ ಮಕರಂದ ಹೀರುತ್ತವ. ಕಂಪು, ಹಳದಿ, ನೀಲಿ, ಕಿತ್ತಳ ಮುಂತಾದ ರಂಗು ರಂಗಿನ ಚಿಟ್ಟೆಗಳನ್ನು ನೋಡಲು ತುಂಬಾ ಖುಷಿಯಾಗುತ್ತದೆ. ಚಿಟ್ಟೆಗಳನ್ನು 'ಪಾತರಗಿತ್ತಿ' ಎ೦ದೂ ಕರೆಯುತ್ತಾರೆ. ಚಿಟ್ಟೆಯ ರೆಕ್ಕೆಗಳು ರೇಷ್ಮಯಂತೆ ಮೃದುವಾಗಿರುತ್ತವೆ. ಅವುಗಳ ಮೇಲೆ ನಾನಾ ತರಹದ ಚಿತ್ತಾರಗಳಿರುತ್ತವೆ. ಚಿಟ್ಟೆಗಳು ಎಲೆಗಳ ಮೇಲೆ ಮೊಟ್ಟೆಗಳನ್ನು ಇಡುತ್ತವೆ. ಆ ಮೊಟ್ಟೆಗಳಿಂದ ಕಂಬಳಿಹುಳುಗಳು ಹೊರಬಂದು, ಎಲೆಗಳನ್ನು ತಿ೦ದು ಗೂಡುಗಳನ್ನು ಕಟ್ಟಕೊಳ್ಳುತ್ತವೆ. ನಂತರ ಆ ಗೂಡುಗಳನ್ನು ಒಡೆದುಕೊಂಡು ಚಿಟ್ಟೆಗಳು ಹೊರಬರುತ್ತವೆ.",0.653,0.347,0.0,0.854,0.948,0.824,0.176,0.0,0.699,0.946,0.05,0.95,0.881,0.927,0.028
14,"ಮನೆಯ ಮುಂದೆ ಒಂಧು ಹೂದೋಟವಿದೆ. ತೋಟದ ಥುಂಬಾ ವಿಧ ವಿಧವಾದ ಹೂವುಗಳು ಆರಲಿವ. ಹೂವುಗಳ ಮೇಲೆ ಬನ್ಣ ಬಣ್ನದ ಚಿಟ್ಟೆಗಳು ಹಾರಾಡುತ್ಥಿವ. ಆವುಗಲು ಹೂವಿಂದ ಹೂವಿಗೆ ಹಾರಿ ಸಾರು ಹೀರುಥ್ತವ. ಕಂಫು, ಹಲದಿ, ನೀಲಿ, ಖಿಥ್ತಲ ಮುಂತಾದ ರಂಘು ರಂಗಿನ ಚಿಟ್ಟೆಘಲನ್ಣು ನೋಡಲು ತುಂಬಾ ಖುಷಿಯಾಗುಥ್ತದೆ. ಚಿಟ್ಟೆಗಳನ್ನು 'ಪಾತರಗಿತ್ತಿ' ಎ೦ಧೂ ಖರೆಯುತ್ತಾರೆ. ಚಿಠ್ಠೆಯ ರೆಕ್ಕೆಗಳು ರೇಷ್ಮಯಂಥೆ ಮೃಧುವಾಗಿರುತ್ತವೆ. ಅವುಗಲ ಮೇಲೆ ನಾನಾ ತರಹದ ಛಿತ್ತಾರಘಲಿರುತ್ತವೆ. ಚಿಟ್ಟೆಗಲು ಏಲೆಗಳ ಮೇಲೆ ಮೊಠ್ಟೆಗಳಣ್ಣು ಇಡುತ್ತವೆ. ಆ ಮೊಟ್ಠೆಗಲಿಂಧ ಕಂಬಳಿಹುಳುಘಳು ಹೊರಬಂದು, ಎಲೆಘಳನ್ನು ಥಿ೦ದು ಗೂಡುಗಲನ್ಣು ಕಟ್ಟಖೊಲ್ಲುಥ್ತವೆ. ನಂತರ ಆ ಗೂಡುಗಳನ್ನು ಓಡೆದುಕೊಂಡು ಛಿಟ್ಠೆಗಳು ಹೊರಬರುತ್ತವೆ.",butterfly_garden,"ಮನೆಯ ಮುಂದೆ ಒಂದು ಹೂದೋಟವಿದೆ. ತೋಟದ ತುಂಬಾ ವಿಧ ವಿಧವಾದ ಹೂವುಗಳು ಅರಳಿವ. ಹೂವುಗಳ ಮೇಲೆ ಬಣ್ಣ ಬಣ್ಣದ ಚಿಟ್ಟೆಗಳು ಹಾರಾಡುತ್ತಿವ. ಅವುಗಳು ಹೂವಿಂದ ಹೂವಿಗೆ ಹಾರಿ ಮಕರಂದ ಹೀರುತ್ತವ. ಕಂಪು, ಹಳದಿ, ನೀಲಿ, ಕಿತ್ತಳ ಮುಂತಾದ ರಂಗು ರಂಗಿನ ಚಿಟ್ಟೆಗಳನ್ನು ನೋಡಲು ತುಂಬಾ ಖುಷಿಯಾಗುತ್ತದೆ. ಚಿಟ್ಟೆಗಳನ್ನು 'ಪಾತರಗಿತ್ತಿ' ಎ೦ದೂ ಕರೆಯುತ್ತಾರೆ. ಚಿಟ್ಟೆಯ ರೆಕ್ಕೆಗಳು ರೇಷ್ಮಯಂತೆ ಮೃದುವಾಗಿರುತ್ತವೆ. ಅವುಗಳ ಮೇಲೆ ನಾನಾ ತರಹದ ಚಿತ್ತಾರಗಳಿರುತ್ತವೆ. ಚಿಟ್ಟೆಗಳು ಎಲೆಗಳ ಮೇಲೆ ಮೊಟ್ಟೆಗಳನ್ನು ಇಡುತ್ತವೆ. ಆ ಮೊಟ್ಟೆಗಳಿಂದ ಕಂಬಳಿಹುಳುಗಳು ಹೊರಬಂದು, ಎಲೆಗಳನ್ನು ತಿ೦ದು ಗೂಡುಗಳನ್ನು ಕಟ್ಟಕೊಳ್ಳುತ್ತವೆ. ನಂತರ ಆ ಗೂಡುಗಳನ್ನು ಒಡೆದುಕೊಂಡು ಚಿಟ್ಟೆಗಳು ಹೊರಬರುತ್ತವೆ.",0.406,0.594,0.0,0.819,0.758,0.734,0.266,0.007,0.815,0.911,0.099,0.901,0.881,0.827,0.037
15,"ಮನೆಯ ಮುಂದೆ ಒಂಧು ಹೂದೋಟವಿದೆ. ತೋಠಧ ಥುಂಬಾ ವಿಧ ವಿಧವಾದ ಹೂವುಗಳು ಅರಳಿವ. ಹೂವುಗಳ ಮೇಲೆ ಬನ್ಣ ಬಣ್ಣದ ಚಿಟ್ಟೆಗಲು ಹಾರಾಢುತ್ತಿವ. ಅವುಗಳು ಹೂವಿಂದ ಹೂವಿಗೆ ಹಾರಿ ಮಕರಂಧ ಹೀರುತ್ಥವ. ಕಂಪು, ಹಳದಿ, ಣೀಲಿ, ಖಿತ್ತಳ ಮುಂತಾದ ರಂಗು ರಂಗಿನ ಛಿಟ್ಟೆಗಳನ್ನು ನೋಢಲು ಥುಂಬಾ ಕುಷಿಯಾಗುಥ್ತದೆ. ಚಿಠ್ಠೆಘಳನ್ನು 'ಫಾತರಗಿಥ್ತಿ' ಎ೦ಧೂ ಕರೆಯುತ್ಥಾರೆ. ಚಿಟ್ಠೆಯ ರೆಕ್ಖೆಗಳು ರೇಷ್ಮಯಂತೆ ಮೃದುವಾಗಿರುತ್ತವೆ. ಅವುಗಳ ಮೇಲೆ ಣಾನಾ ತರಹದ ಛಿತ್ತಾರಗಳಿರುತ್ಥವೆ. ಚಿಟ್ಠೆಗಳು ಎಲೆಗಳ ಮೇಳೆ ಮೊಟ್ಟೆಘಳನ್ನು ಇಡುತ್ತವೆ. ಆ ಮೊಠ್ಟೆಘಳಿಂದ ಕಂಬಲಿಹುಳುಗಳು ಹೊರಬಂದು, ಏಲೆಗಲನ್ನು ತಿ೦ಧು ಗೂಢುಗಳನ್ನು ಕಠ್ಟಕೊಲ್ಳುತ್ತವೆ. ನಂತರ ನಂತರ ಆ ಗೂಡುಗಳನ್ನು ಒಢೆದುಕೊಂಡು ಚಿಠ್ಟೆಗಳು ಹೊರಬರುಥ್ಥವೆ.",butterfly_garden,"ಮನೆಯ ಮುಂದೆ ಒಂದು ಹೂದೋಟವಿದೆ. ತೋಟದ ತುಂಬಾ ವಿಧ ವಿಧವಾದ ಹೂವುಗಳು ಅರಳಿವ. ಹೂವುಗಳ ಮೇಲೆ ಬಣ್ಣ ಬಣ್ಣದ ಚಿಟ್ಟೆಗಳು ಹಾರಾಡುತ್ತಿವ. ಅವುಗಳು ಹೂವಿಂದ ಹೂವಿಗೆ ಹಾರಿ ಮಕರಂದ ಹೀರುತ್ತವ. ಕಂಪು, ಹಳದಿ, ನೀಲಿ, ಕಿತ್ತಳ ಮುಂತಾದ ರಂಗು ರಂಗಿನ ಚಿಟ್ಟೆಗಳನ್ನು ನೋಡಲು ತುಂಬಾ ಖುಷಿಯಾಗುತ್ತದೆ. ಚಿಟ್ಟೆಗಳನ್ನು 'ಪಾತರಗಿತ್ತಿ' ಎ೦ದೂ ಕರೆಯುತ್ತಾರೆ. ಚಿಟ್ಟೆಯ ರೆಕ್ಕೆಗಳು ರೇಷ್ಮಯಂತೆ ಮೃದುವಾಗಿರುತ್ತವೆ. ಅವುಗಳ ಮೇಲೆ ನಾನಾ ತರಹದ ಚಿತ್ತಾರಗಳಿರುತ್ತವೆ. ಚಿಟ್ಟೆಗಳು ಎಲೆಗಳ ಮೇಲೆ ಮೊಟ್ಟೆಗಳನ್ನು ಇಡುತ್ತವೆ. ಆ ಮೊಟ್ಟೆಗಳಿಂದ ಕಂಬಳಿಹುಳುಗಳು ಹೊರಬಂದು, ಎಲೆಗಳನ್ನು ತಿ೦ದು ಗೂಡುಗಳನ್ನು ಕಟ್ಟಕೊಳ್ಳುತ್ತವೆ. ನಂತರ ಆ ಗೂಡುಗಳನ್ನು ಒಡೆದುಕೊಂಡು ಚಿಟ್ಟೆಗಳು ಹೊರಬರುತ್ತವೆ.",0.466,0.534,0.01,0.751,0.813,0.768,0.232,0.01,0.857,0.93,0.103,0.897,0.882,0.774,0.036
16,"ಮನೆಯ ಮುಂದೆ ಒಂದು ಹೂದೋಟವಿಧೆ. ಥೋಟದ ತುಂಬಾ ವಿಧ ವಿಧವಾದ ಹೂವುಘಳು ಅರಳಿವ. ಹೂವುಗಳ ಮೇಲೆ ಭಣ್ಣ ಬಣ್ಣದ ಚಿಟ್ಟೆಗಳು ಹಾರಾಡುಥ್ತಿವ. ಅವುಗಳು ಹೂವಿಂದ ಹೂವಿಘೆ ಹಾರಿ ಮಕರಂಧ ಹೀರುತ್ಥವ. ಕಂಪು, ಹಳದಿ, ಣೀಳಿ, ಕಿಥ್ತಳ ಮುಂತಾದ ರಂಗು ರಂಗಿಣ ಚಿಟ್ಟೆಗಲನ್ನು ನೋಡಲು ತುಂಬಾ ಖುಷಿಯಾಗುತ್ತದೆ. ಚಿಟ್ಠೆಗಳನ್ನು 'ಪಾಥರಗಿತ್ಥಿ' ಎ೦ದೂ ಕರೆಯುತ್ತಾರೆ. ಚಿಠ್ಟೆಯ ರೆಕ್ಕೆಗಳು ರೇಷ್ಮಯಂಥೆ ಮೃದುವಾಗಿರುಥ್ತವೆ. ಅವುಗಲ ಮೇಲೆ ಣಾನಾ ಥರಹದ ಚಿತ್ತಾರಗಳಿರುಥ್ತವೆ. ಚಿಟ್ಟೆಗಳು ಎಲೆಗಲ ಮೇಲೆ ಮೊಟ್ಟೆಗಳಣ್ನು ಇಡುಥ್ಥವೆ. ಅ ಮೊಟ್ಟೆಘಲಿಂದ ಕಂಬಳಿಹುಳುಘಳು ಹೊರಬಂದು, ಎಳೆಗಲನ್ನು ತಿ೦ಧು ಘೂಡುಗಳನ್ನು ಕಠ್ಟಕೊಲ್ಲುತ್ತವೆ. ನಂತರ ಆ ಗೂಡುಗಲನ್ನು ಓಡೆದುಕೊಂಡು ಚಿಠ್ಟೆಗಲು ಹೊರಭರುತ್ತವೆ.",butterfly_garden,"ಮನೆಯ ಮುಂದೆ ಒಂದು ಹೂದೋಟವಿದೆ. ತೋಟದ ತುಂಬಾ ವಿಧ ವಿಧವಾದ ಹೂವುಗಳು ಅರಳಿವ. ಹೂವುಗಳ ಮೇಲೆ ಬಣ್ಣ ಬಣ್ಣದ ಚಿಟ್ಟೆಗಳು ಹಾರಾಡುತ್ತಿವ. ಅವುಗಳು ಹೂವಿಂದ ಹೂವಿಗೆ ಹಾರಿ ಮಕರಂದ ಹೀರುತ್ತವ. ಕಂಪು, ಹಳದಿ, ನೀಲಿ, ಕಿತ್ತಳ ಮುಂತಾದ ರಂಗು ರಂಗಿನ ಚಿಟ್ಟೆಗಳನ್ನು ನೋಡಲು ತುಂಬಾ ಖುಷಿಯಾಗುತ್ತದೆ. ಚಿಟ್ಟೆಗಳನ್ನು 'ಪಾತರಗಿತ್ತಿ' ಎ೦ದೂ ಕರೆಯುತ್ತಾರೆ. ಚಿಟ್ಟೆಯ ರೆಕ್ಕೆಗಳು ರೇಷ್ಮಯಂತೆ ಮೃದುವಾಗಿರುತ್ತವೆ. ಅವುಗಳ ಮೇಲೆ ನಾನಾ ತರಹದ ಚಿತ್ತಾರಗಳಿರುತ್ತವೆ. ಚಿಟ್ಟೆಗಳು ಎಲೆಗಳ ಮೇಲೆ ಮೊಟ್ಟೆಗಳನ್ನು ಇಡುತ್ತವೆ. ಆ ಮೊಟ್ಟೆಗಳಿಂದ ಕಂಬಳಿಹುಳುಗಳು ಹೊರಬಂದು, ಎಲೆಗಳನ್ನು ತಿ೦ದು ಗೂಡುಗಳನ್ನು ಕಟ್ಟಕೊಳ್ಳುತ್ತವೆ. ನಂತರ ಆ ಗೂಡುಗಳನ್ನು ಒಡೆದುಕೊಂಡು ಚಿಟ್ಟೆಗಳು ಹೊರಬರುತ್ತವೆ.",0.584,0.416,0.0,0.906,0.923,0.793,0.207,0.0,0.845,0.941,0.104,0.896,0.881,0.876,0.04
17,"ಮನೆಯ ಮುಂದೆ ಒಂಧು ಹೂದೋಟವಿದೆ. ತೋಟಧ ತುಂಬಾ ವಿಧ ವಿಧವಾದ ಹೂವುಗಳು ಆರಲಿವ. ಹೂವುಗಳ ಮೇಳೆ ಭಣ್ಣ ಭಣ್ಣದ ಚಿಟ್ಟೆಗಲು ಹಾರಾಢುಥ್ತಿವ. ಅವುಗಳು ಹೂವಿಂದ ಹೂವಿಗೆ ಹಾರಿ ಸಾರು ಹೀರುಥ್ತವ. ಕಂಪು, ಹಳದಿ, ನೀಲಿ, ಕಿತ್ತಳ ಮುಂತಾದ ರಂಗು ರಂಘಿನ ಛಿಟ್ಟೆಘಳನ್ನು ನೋಢಳು ಥುಂಬಾ ಕುಷಿಯಾಗುತ್ತದೆ. ಛಿಟ್ಟೆಗಳನ್ನು 'ಫಾತರಗಿತ್ಥಿ' ಎ೦ಧೂ ಕರೆಯುತ್ಥಾರೆ. ಛಿಟ್ಟೆಯ ರೆಕ್ಕೆಘಲು ರೇಷ್ಮಯಂಥೆ ಮೃದುವಾಗಿರುತ್ಥವೆ. ಆವುಗಳ ಮೇಳೆ ನಾನಾ ತರಹಧ ಚಿಥ್ತಾರಗಲಿರುತ್ಥವೆ. ಚಿಟ್ಟೆಗಲು ಎಳೆಘಲ ಮೇಲೆ ಮೊಟ್ಠೆಘಳನ್ನು ಇಡುಥ್ತವೆ. ಆ ಮೊಟ್ಟೆಗಲಿಂದ ಖಂಬಳಿಹುಳುಗಲು ಖಂಬಳಿಹುಳುಗಲು ಹೊರಬಂದು, ಎಳೆಗಲಣ್ನು ಥಿ೦ದು ಗೂಡುಗಳನ್ಣು ಖಟ್ಟಕೊಳ್ಳುಥ್ಥವೆ. ನಂಥರ ಆ ಗೂಢುಘಲನ್ನು ಓಢೆದುಕೊಂಡು ಚಿಟ್ಟೆಗಲು ಹೊರಬರುತ್ತವೆ.",butterfly_garden,"ಮನೆಯ ಮುಂದೆ ಒಂದು ಹೂದೋಟವಿದೆ. ತೋಟದ ತುಂಬಾ ವಿಧ ವಿಧವಾದ ಹೂವುಗಳು ಅರಳಿವ. ಹೂವುಗಳ ಮೇಲೆ ಬಣ್ಣ ಬಣ್ಣದ ಚಿಟ್ಟೆಗಳು ಹಾರಾಡುತ್ತಿವ. ಅವುಗಳು ಹೂವಿಂದ ಹೂವಿಗೆ ಹಾರಿ ಮಕರಂದ ಹೀರುತ್ತವ. ಕಂಪು, ಹಳದಿ, ನೀಲಿ, ಕಿತ್ತಳ ಮುಂತಾದ ರಂಗು ರಂಗಿನ ಚಿಟ್ಟೆಗಳನ್ನು ನೋಡಲು ತುಂಬಾ ಖುಷಿಯಾಗುತ್ತದೆ. ಚಿಟ್ಟೆಗಳನ್ನು 'ಪಾತರಗಿತ್ತಿ' ಎ೦ದೂ ಕರೆಯುತ್ತಾರೆ. ಚಿಟ್ಟೆಯ ರೆಕ್ಕೆಗಳು ರೇಷ್ಮಯಂತೆ ಮೃದುವಾಗಿರುತ್ತವೆ. ಅವುಗಳ ಮೇಲೆ ನಾನಾ ತರಹದ ಚಿತ್ತಾರಗಳಿರುತ್ತವೆ. ಚಿಟ್ಟೆಗಳು ಎಲೆಗಳ ಮೇಲೆ ಮೊಟ್ಟೆಗಳನ್ನು ಇಡುತ್ತವೆ. ಆ ಮೊಟ್ಟೆಗಳಿಂದ ಕಂಬಳಿಹುಳುಗಳು ಹೊರಬಂದು, ಎಲೆಗಳನ್ನು ತಿ೦ದು ಗೂಡುಗಳನ್ನು ಕಟ್ಟಕೊಳ್ಳುತ್ತವೆ. ನಂತರ ಆ ಗೂಡುಗಳನ್ನು ಒಡೆದುಕೊಂಡು ಚಿಟ್ಟೆಗಳು ಹೊರಬರುತ್ತವೆ.",0.362,0.638,0.024,0.785,0.681,0.705,0.295,0.017,0.81,0.891,0.097,0.903,0.884,0.886,0.038
18,"ಮನೆಯ ಮುಂದೆ ಒಂದು ಹೂದೋಠವಿದೆ. ಥೋಟದ ಥುಂಬಾ ವಿಧ ವಿಧವಾದ ಹೂವುಗಳು ಅರಳಿವ. ಹೂವುಗಳ ಮೇಲೆ ಬಣ್ಣ ಬಣ್ನದ ಚಿಟ್ಟೆಗಳು ಹಾರಾಡುಥ್ತಿವ. ಆವುಗಳು ಹೂವಿಂದ ಹೂವಿಗೆ ಹಾರಿ ಮಕರಂದ ಹೀರುತ್ತವ. ಕಂಫು, ಹಳದಿ, ಣೀಳಿ, ಖಿತ್ಥಳ ಮುಂಥಾದ ರಂಘು ರಂಗಿನ ಚಿಟ್ಟೆಗಳನ್ನು ನೋಡಲು ತುಂಭಾ ಕುಷಿಯಾಗುತ್ಥದೆ. ಚಿಟ್ಠೆಗಳನ್ಣು 'ಪಾತರಗಿಥ್ತಿ' ಎ೦ಧೂ ಖರೆಯುತ್ತಾರೆ. ಚಿಟ್ಠೆಯ ರೆಖ್ಕೆಗಳು ರೇಷ್ಮಯಂತೆ ಮೃದುವಾಗಿರುತ್ತವೆ. ಅವುಗಳ ಮೇಲೆ ನಾಣಾ ತರಹದ ಛಿತ್ತಾರಗಳಿರುಥ್ತವೆ. ಚಿಟ್ಟೆಗಳು ಎಳೆಗಳ ಮೇಲೆ ಮೊಠ್ಟೆಗಳಣ್ನು ಇಡುತ್ತವೆ. ಅ ಮೊಠ್ಟೆಗಳಿಂದ ಕಂಬಳಿಹುಲುಗಳು ಹೊರಬಂದು, ಎಲೆಘಲನ್ನು ತಿ೦ದು ಘೂಡುಗಳನ್ನು ಖಟ್ಟಕೊಳ್ಳುತ್ತವೆ. ನಂತರ ಅ ಘೂಡುಘಲನ್ಣು ಒಡೆದುಕೊಂಡು ಚಿಟ್ಠೆಗಳು ಹೊರಬರುಥ್ತವೆ.",butterfly_garden,"ಮನೆಯ ಮುಂದೆ ಒಂದು ಹೂದೋಟವಿದೆ. ತೋಟದ ತುಂಬಾ ವಿಧ ವಿಧವಾದ ಹೂವುಗಳು ಅರಳಿವ. ಹೂವುಗಳ ಮೇಲೆ ಬಣ್ಣ ಬಣ್ಣದ ಚಿಟ್ಟೆಗಳು ಹಾರಾಡುತ್ತಿವ. ಅವುಗಳು ಹೂವಿಂದ ಹೂವಿಗೆ ಹಾರಿ ಮಕರಂದ ಹೀರುತ್ತವ. ಕಂಪು, ಹಳದಿ, ನೀಲಿ, ಕಿತ್ತಳ ಮುಂತಾದ ರಂಗು ರಂಗಿನ ಚಿಟ್ಟೆಗಳನ್ನು ನೋಡಲು ತುಂಬಾ ಖುಷಿಯಾಗುತ್ತದೆ. ಚಿಟ್ಟೆಗಳನ್ನು 'ಪಾತರಗಿತ್ತಿ' ಎ೦ದೂ ಕರೆಯುತ್ತಾರೆ. ಚಿಟ್ಟೆಯ ರೆಕ್ಕೆಗಳು ರೇಷ್ಮಯಂತೆ ಮೃದುವಾಗಿರುತ್ತವೆ. ಅವುಗಳ ಮೇಲೆ ನಾನಾ ತರಹದ ಚಿತ್ತಾರಗಳಿರುತ್ತವೆ. ಚಿಟ್ಟೆಗಳು ಎಲೆಗಳ ಮೇಲೆ ಮೊಟ್ಟೆಗಳನ್ನು ಇಡುತ್ತವೆ. ಆ ಮೊಟ್ಟೆಗಳಿಂದ ಕಂಬಳಿಹುಳುಗಳು ಹೊರಬಂದು, ಎಲೆಗಳನ್ನು ತಿ೦ದು ಗೂಡುಗಳನ್ನು ಕಟ್ಟಕೊಳ್ಳುತ್ತವೆ. ನಂತರ ಆ ಗೂಡುಗಳನ್ನು ಒಡೆದುಕೊಂಡು ಚಿಟ್ಟೆಗಳು ಹೊರಬರುತ್ತವೆ.",0.54,0.46,0.0,0.862,0.893,0.79,0.21,0.0,0.89,0.942,0.099,0.901,0.881,0.792,0.036
19,"ಮನೆಯ ಮುಂದೆ ಒಂಧು ಹೂದೋಟವಿದೆ. ಥೋಟದ ಥುಂಬಾ ವಿಧ ವಿದವಾದ ಹೂವುಗಲು ಅರಲಿವ. ಹೂವುಗಲ ಮೇಲೆ ಬನ್ನ ಬಣ್ಣಧ ಛಿಟ್ಠೆಗಳು ಹಾರಾಢುಥ್ತಿವ. ಆವುಗಳು ಹೂವಿಂದ ಹೂವಿಗೆ ಹಾರಿ ಸಾರು ಹೀರುತ್ಥವ. ಕಂಪು, ಹಳದಿ, ನೀಲಿ, ಖಿಥ್ಥಳ ಮುಂತಾದ ರಂಘು ರಂಗಿನ ಚಿಟ್ಟೆಗಳಣ್ನು ಣೋಡಲು ತುಂಬಾ ಖುಷಿಯಾಗುತ್ಥಧೆ. ಛಿಟ್ಠೆಗಳನ್ನು 'ಪಾತರಗಿತ್ತಿ' ಎ೦ದೂ ಕರೆಯುಥ್ಥಾರೆ. ಛಿಠ್ಟೆಯ ರೆಕ್ಕೆಗಳು ರೇಷ್ಮಯಂತೆ ಮೃದುವಾಗಿರುಥ್ತವೆ. ಆವುಗಲ ಮೇಲೆ ನಾನಾ ಥರಹದ ಚಿತ್ಥಾರಗಳಿರುತ್ಥವೆ. ಛಿಠ್ಠೆಗಳು ಎಲೆಗಳ ಮೇಲೆ ಮೊಠ್ಠೆಗಳನ್ನು ಇಡುತ್ಥವೆ. ಆ ಮೊಟ್ಠೆಗಳಿಂದ ಖಂಬಲಿಹುಳುಗಳು ಹೊರಭಂದು, ಎಳೆಗಳನ್ಣು ತಿ೦ದು ಗೂಡುಗಳನ್ನು ಕಟ್ಠಖೊಳ್ಳುಥ್ತವೆ. ನಂತರ ಅ ಗೂಢುಘಳನ್ನು ಒಢೆದುಕೊಂಡು ಚಿಠ್ಟೆಘಳು ಹೊರಬರುತ್ತವೆ.",butterfly_garden,"ಮನೆಯ ಮುಂದೆ ಒಂದು ಹೂದೋಟವಿದೆ. ತೋಟದ ತುಂಬಾ ವಿಧ ವಿಧವಾದ ಹೂವುಗಳು ಅರಳಿವ. ಹೂವುಗಳ ಮೇಲೆ ಬಣ್ಣ ಬಣ್ಣದ ಚಿಟ್ಟೆಗಳು ಹಾರಾಡುತ್ತಿವ. ಅವುಗಳು ಹೂವಿಂದ ಹೂವಿಗೆ ಹಾರಿ ಮಕರಂದ ಹೀರುತ್ತವ. ಕಂಪು, ಹಳದಿ, ನೀಲಿ, ಕಿತ್ತಳ ಮುಂತಾದ ರಂಗು ರಂಗಿನ ಚಿಟ್ಟೆಗಳನ್ನು ನೋಡಲು ತುಂಬಾ ಖುಷಿಯಾಗುತ್ತದೆ. ಚಿಟ್ಟೆಗಳನ್ನು 'ಪಾತರಗಿತ್ತಿ' ಎ೦ದೂ ಕರೆಯುತ್ತಾರೆ. ಚಿಟ್ಟೆಯ ರೆಕ್ಕೆಗಳು ರೇಷ್ಮಯಂತೆ ಮೃದುವಾಗಿರುತ್ತವೆ. ಅವುಗಳ ಮೇಲೆ ನಾನಾ ತರಹದ ಚಿತ್ತಾರಗಳಿರುತ್ತವೆ. ಚಿಟ್ಟೆಗಳು ಎಲೆಗಳ ಮೇಲೆ ಮೊಟ್ಟೆಗಳನ್ನು ಇಡುತ್ತವೆ. ಆ ಮೊಟ್ಟೆಗಳಿಂದ ಕಂಬಳಿಹುಳುಗಳು ಹೊರಬಂದು, ಎಲೆಗಳನ್ನು ತಿ೦ದು ಗೂಡುಗಳನ್ನು ಕಟ್ಟಕೊಳ್ಳುತ್ತವೆ. ನಂತರ ಆ ಗೂಡುಗಳನ್ನು ಒಡೆದುಕೊಂಡು ಚಿಟ್ಟೆಗಳು ಹೊರಬರುತ್ತವೆ.",0.396,0.604,0.0,0.928,0.765,0.731,0.269,0.007,0.815,0.91,0.069,0.931,0.881,0.785,0.028
20,"ಮನೆಯ ಮುಂಧೆ ಒಂದು ಹೂದೋಟವಿದೆ. ತೋಟಧ ತುಂಬಾ ವಿಧ ವಿಧವಾದ ಹೂವುಗಲು ಅರಳಿವ. ಹೂವುಘಳ ಮೇಳೆ ಬಣ್ನ ಭಣ್ಣದ ಛಿಟ್ಟೆಘಳು ಹಾರಾಡುಥ್ತಿವ. ಅವುಘಳು ಹೂವಿಂಧ ಹೂವಿಗೆ ಹಾರಿ ಮಕರಂಧ ಹೀರುತ್ಥವ. ಕಂಪು, ಹಳದಿ, ನೀಲಿ, ಕಿತ್ತಳ ಮುಂಥಾದ ರಂಗು ರಂಗಿಣ ಚಿಟ್ಟೆಗಳಣ್ನು ನೋಡಲು ತುಂಭಾ ಖುಷಿಯಾಗುತ್ತದೆ. ಚಿಟ್ಟೆಘಳನ್ನು 'ಫಾತರಗಿಥ್ಥಿ' ಎ೦ದೂ ಕರೆಯುತ್ತಾರೆ. ಚಿಠ್ಟೆಯ ರೆಖ್ಕೆಗಲು ರೇಷ್ಮಯಂತೆ ಮೃದುವಾಗಿರುಥ್ತವೆ. ಅವುಗಳ ಮೇಲೆ ನಾನಾ ತರಹದ ಚಿತ್ತಾರಗಳಿರುಥ್ತವೆ. ಚಿಟ್ಠೆಗಳು ಎಲೆಗಳ ಮೇಳೆ ಮೊಟ್ಠೆಗಳನ್ನು ಇಡುತ್ತವೆ. ಆ ಮೊಟ್ಠೆಗಳಿಂದ ಖಂಭಲಿಹುಳುಘಳು ಹೊರಭಂದು, ಎಲೆಗಳನ್ಣು ತಿ೦ದು ಗೂಢುಗಳನ್ನು ಖಟ್ಟಕೊಲ್ಳುತ್ತವೆ. ನಂತರ ಆ ಘೂಡುಗಳನ್ನು ಓಢೆದುಕೊಂಡು ಚಿಟ್ಟೆಗಳು ಹೊರಬರುತ್ತವೆ.",butterfly_garden,"ಮನೆಯ ಮುಂದೆ ಒಂದು ಹೂದೋಟವಿದೆ. ತೋಟದ ತುಂಬಾ ವಿಧ ವಿಧವಾದ ಹೂವುಗಳು ಅರಳಿವ. ಹೂವುಗಳ ಮೇಲೆ ಬಣ್ಣ ಬಣ್ಣದ ಚಿಟ್ಟೆಗಳು ಹಾರಾಡುತ್ತಿವ. ಅವುಗಳು ಹೂವಿಂದ ಹೂವಿಗೆ ಹಾರಿ ಮಕರಂದ ಹೀರುತ್ತವ. ಕಂಪು, ಹಳದಿ, ನೀಲಿ, ಕಿತ್ತಳ ಮುಂತಾದ ರಂಗು ರಂಗಿನ ಚಿಟ್ಟೆಗಳನ್ನು ನೋಡಲು ತುಂಬಾ ಖುಷಿಯಾಗುತ್ತದೆ. ಚಿಟ್ಟೆಗಳನ್ನು 'ಪಾತರಗಿತ್ತಿ' ಎ೦ದೂ ಕರೆಯುತ್ತಾರೆ. ಚಿಟ್ಟೆಯ ರೆಕ್ಕೆಗಳು ರೇಷ್ಮಯಂತೆ ಮೃದುವಾಗಿರುತ್ತವೆ. ಅವುಗಳ ಮೇಲೆ ನಾನಾ ತರಹದ ಚಿತ್ತಾರಗಳಿರುತ್ತವೆ. ಚಿಟ್ಟೆಗಳು ಎಲೆಗಳ ಮೇಲೆ ಮೊಟ್ಟೆಗಳನ್ನು ಇಡುತ್ತವೆ. ಆ ಮೊಟ್ಟೆಗಳಿಂದ ಕಂಬಳಿಹುಳುಗಳು ಹೊರಬಂದು, ಎಲೆಗಳನ್ನು ತಿ೦ದು ಗೂಡುಗಳನ್ನು ಕಟ್ಟಕೊಳ್ಳುತ್ತವೆ. ನಂತರ ಆ ಗೂಡುಗಳನ್ನು ಒಡೆದುಕೊಂಡು ಚಿಟ್ಟೆಗಳು ಹೊರಬರುತ್ತವೆ.",0.49,0.51,0.0,0.847,0.853,0.769,0.231,0.0,0.832,0.93,0.104,0.896,0.881,0.9,0.041
21,"ಮಣೆಯ ಮುಂಧೆ ಒಂದು ಹೂದೋಠವಿದೆ. ತೋಟದ ತುಂಭಾ ವಿಧ ವಿಧವಾದ ಹೂವುಗಳು ಆರಲಿವ. ಹೂವುಗಳ ಮೇಲೆ ಭಣ್ಣ ಬಣ್ಣದ ಚಿಟ್ಟೆಗಳು ಹಾರಾಢುತ್ತಿವ. ಆವುಗಳು ಹೂವಿಂದ ಹೂವಿಗೆ ಹೂವಿಗೆ ಹಾರಿ ಸಾರು ಹೀರುತ್ತವ. ಖಂಫು, ಹಳದಿ, ಣೀಳಿ, ಕಿಥ್ತಳ ಮುಂತಾದ ರಂಗು ರಂಗಿನ ಚಿಠ್ಠೆಗಳನ್ನು ನೋಡಲು ತುಂಬಾ ಖುಷಿಯಾಗುತ್ತದೆ. ಚಿಟ್ಠೆಗಳನ್ಣು 'ಪಾಥರಗಿಥ್ತಿ' ಎ೦ದೂ ಕರೆಯುತ್ತಾರೆ. ಛಿಠ್ಟೆಯ ರೆಖ್ಕೆಗಳು ರೇಷ್ಮಯಂತೆ ಮೃಧುವಾಗಿರುತ್ತವೆ. ಅವುಗಳ ಮೇಲೆ ನಾನಾ ಥರಹದ ಚಿಥ್ತಾರಘಳಿರುಥ್ತವೆ. ಚಿಠ್ಟೆಗಳು ಎಲೆಗಳ ಮೇಲೆ ಮೊಟ್ಟೆಗಲನ್ಣು ಇಡುಥ್ತವೆ. ಆ ಮೊಟ್ಟೆಗಳಿಂದ ಕಂಬಳಿಹುಳುಗಳು ಹೊರಬಂದು, ಎಲೆಗಳನ್ನು ತಿ೦ಧು ಗೂಡುಗಲನ್ನು ಕಟ್ಟಕೊಳ್ಳುತ್ತವೆ. ನಂತರ ಆ ಘೂಡುಗಳನ್ಣು ಒಡೆದುಕೊಂಡು ಚಿಟ್ಟೆಗಳು ಹೊರಭರುಥ್ಥವೆ.",butterfly_garden,"ಮನೆಯ ಮುಂದೆ ಒಂದು ಹೂದೋಟವಿದೆ. ತೋಟದ ತುಂಬಾ ವಿಧ ವಿಧವಾದ ಹೂವುಗಳು ಅರಳಿವ. ಹೂವುಗಳ ಮೇಲೆ ಬಣ್ಣ ಬಣ್ಣದ ಚಿಟ್ಟೆಗಳು ಹಾರಾಡುತ್ತಿವ. ಅವುಗಳು ಹೂವಿಂದ ಹೂವಿಗೆ ಹಾರಿ ಮಕರಂದ ಹೀರುತ್ತವ. ಕಂಪು, ಹಳದಿ, ನೀಲಿ, ಕಿತ್ತಳ ಮುಂತಾದ ರಂಗು ರಂಗಿನ ಚಿಟ್ಟೆಗಳನ್ನು ನೋಡಲು ತುಂಬಾ ಖುಷಿಯಾಗುತ್ತದೆ. ಚಿಟ್ಟೆಗಳನ್ನು 'ಪಾತರಗಿತ್ತಿ' ಎ೦ದೂ ಕರೆಯುತ್ತಾರೆ. ಚಿಟ್ಟೆಯ ರೆಕ್ಕೆಗಳು ರೇಷ್ಮಯಂತೆ ಮೃದುವಾಗಿರುತ್ತವೆ. ಅವುಗಳ ಮೇಲೆ ನಾನಾ ತರಹದ ಚಿತ್ತಾರಗಳಿರುತ್ತವೆ. ಚಿಟ್ಟೆಗಳು ಎಲೆಗಳ ಮೇಲೆ ಮೊಟ್ಟೆಗಳನ್ನು ಇಡುತ್ತವೆ. ಆ ಮೊಟ್ಟೆಗಳಿಂದ ಕಂಬಳಿಹುಳುಗಳು ಹೊರಬಂದು, ಎಲೆಗಳನ್ನು ತಿ೦ದು ಗೂಡುಗಳನ್ನು ಕಟ್ಟಕೊಳ್ಳುತ್ತವೆ. ನಂತರ ಆ ಗೂಡುಗಳನ್ನು ಒಡೆದುಕೊಂಡು ಚಿಟ್ಟೆಗಳು ಹೊರಬರುತ್ತವೆ.",0.561,0.439,0.015,0.793,0.898,0.794,0.206,0.003,0.841,0.941,0.054,0.946,0.883,0.931,0.029
22,"ಮನೆಯ ಮುಂಧೆ ಒಂದು ಹೂದೋಠವಿದೆ. ತೋಠದ ಥುಂಬಾ ವಿಧ ವಿಧವಾದ ಹೂವುಗಳು ಅರಳಿವ. ಹೂವುಗಳ ಮೇಲೆ ಭನ್ನ ಬಣ್ಣದ ಚಿಠ್ಟೆಗಳು ಹಾರಾಡುತ್ಥಿವ. ಅವುಗಳು ಹೂವಿಂದ ಹೂವಿಗೆ ಹಾರಿ ಸಾರು ಹೀರುತ್ತವ. ಕಂಪು, ಹಲದಿ, ನೀಲಿ, ಕಿತ್ತಳ ಮುಂಥಾದ ರಂಗು ರಂಘಿನ ಚಿಟ್ಟೆಗಳನ್ನು ನೋಡಲು ಥುಂಭಾ ಖುಷಿಯಾಗುತ್ಥಧೆ. ಚಿಟ್ಟೆಗಳನ್ನು 'ಫಾತರಘಿತ್ತಿ' ಎ೦ದೂ ಕರೆಯುತ್ತಾರೆ. ಚಿಟ್ಠೆಯ ರೆಕ್ಖೆಘಲು ರೇಷ್ಮಯಂತೆ ಮೃದುವಾಗಿರುತ್ಥವೆ. ಆವುಗಲ ಮೇಲೆ ನಾಣಾ ಥರಹದ ಚಿತ್ತಾರಗಳಿರುತ್ತವೆ. ಚಿಟ್ಠೆಗಳು ಎಲೆಗಳ ಮೇಲೆ ಮೊಠ್ಠೆಗಲನ್ನು ಇಡುಥ್ತವೆ. ಆ ಮೊಠ್ಟೆಘಳಿಂದ ಖಂಬಳಿಹುಳುಗಲು ಹೊರಬಂದು, ಎಲೆಗಳನ್ನು ತಿ೦ದು ಗೂಡುಗಳನ್ನು ಖಟ್ಟಖೊಳ್ಳುಥ್ತವೆ. ನಂಥರ ಆ ಘೂಢುಗಳನ್ನು ಓಢೆಧುಖೊಂಡು ಛಿಠ್ಟೆಗಳು ಹೊರಬರುತ್ಥವೆ.",butterfly_garden,"ಮನೆಯ ಮುಂದೆ ಒಂದು ಹೂದೋಟವಿದೆ. ತೋಟದ ತುಂಬಾ ವಿಧ ವಿಧವಾದ ಹೂವುಗಳು ಅರಳಿವ. ಹೂವುಗಳ ಮೇಲೆ ಬಣ್ಣ ಬಣ್ಣದ ಚಿಟ್ಟೆಗಳು ಹಾರಾಡುತ್ತಿವ. ಅವುಗಳು ಹೂವಿಂದ ಹೂವಿಗೆ ಹಾರಿ ಮಕರಂದ ಹೀರುತ್ತವ. ಕಂಪು, ಹಳದಿ, ನೀಲಿ, ಕಿತ್ತಳ ಮುಂತಾದ ರಂಗು ರಂಗಿನ ಚಿಟ್ಟೆಗಳನ್ನು ನೋಡಲು ತುಂಬಾ ಖುಷಿಯಾಗುತ್ತದೆ. ಚಿಟ್ಟೆಗಳನ್ನು 'ಪಾತರಗಿತ್ತಿ' ಎ೦ದೂ ಕರೆಯುತ್ತಾರೆ. ಚಿಟ್ಟೆಯ ರೆಕ್ಕೆಗಳು ರೇಷ್ಮಯಂತೆ ಮೃದುವಾಗಿರುತ್ತವೆ. ಅವುಗಳ ಮೇಲೆ ನಾನಾ ತರಹದ ಚಿತ್ತಾರಗಳಿರುತ್ತವೆ. ಚಿಟ್ಟೆಗಳು ಎಲೆಗಳ ಮೇಲೆ ಮೊಟ್ಟೆಗಳನ್ನು ಇಡುತ್ತವೆ. ಆ ಮೊಟ್ಟೆಗಳಿಂದ ಕಂಬಳಿಹುಳುಗಳು ಹೊರಬಂದು, ಎಲೆಗಳನ್ನು ತಿ೦ದು ಗೂಡುಗಳನ್ನು ಕಟ್ಟಕೊಳ್ಳುತ್ತವೆ. ನಂತರ ಆ ಗೂಡುಗಳನ್ನು ಒಡೆದುಕೊಂಡು ಚಿಟ್ಟೆಗಳು ಹೊರಬರುತ್ತವೆ.",0.589,0.411,0.0,0.792,0.916,0.755,0.245,0.007,0.862,0.925,0.089,0.911,0.881,0.849,0.035
23,"ಮಣೆಯ ಮುಂದೆ ಓಂದು ಹೂದೋಠವಿಧೆ. ತೋಟಧ ತುಂಬಾ ವಿಧ ವಿಧವಾಧ ಹೂವುಗಳು ಅರಲಿವ. ಹೂವುಗಲ ಮೇಲೆ ರಂಗು ಬಣ್ಣದ ಛಿಟ್ಟೆಗಲು ಹಾರಾಡುಥ್ತಿವ. ಅವುಘಲು ಹೂವಿಂಧ ಹೂವಿಗೆ ಹಾರಿ ಮಕರಂದ ಹೀರುತ್ಥವ. ಕಂಪು, ಹಳದಿ, ಣೀಲಿ, ಕಿತ್ತಲ ಮುಂತಾದ ರಂಗು ರಂಗಿಣ ಚಿಟ್ಟೆಗಳನ್ನು ನೋಡಲು ತುಂಬಾ ಖುಷಿಯಾಗುತ್ತಧೆ. ಚಿಟ್ಠೆಗಳನ್ನು 'ಫಾಥರಗಿತ್ತಿ' ಎ೦ದೂ ಕರೆಯುತ್ಥಾರೆ. ಚಿಟ್ಠೆಯ ರೆಕ್ಕೆಗಲು ರೇಷ್ಮಯಂಥೆ ಮೃದುವಾಗಿರುತ್ತವೆ. ಅವುಗಲ ಮೇಲೆ ನಾನಾ ತರಹದ ಚಿಥ್ತಾರಗಲಿರುತ್ತವೆ. ಚಿಟ್ಠೆಗಳು ಎಲೆಘಳ ಮೇಲೆ ಮೊಠ್ಟೆಘಳನ್ಣು ಇಡುತ್ತವೆ. ಅ ಮೊಟ್ಟೆಗಳಿಂದ ಕಂಬಳಿಹುಲುಗಳು ಹೊರಭಂದು, ಎಲೆಗಳನ್ನು ತಿ೦ದು ಗೂಡುಗಳನ್ನು ಕಟ್ಟಕೊಳ್ಲುತ್ತವೆ. ನಂತರ ಅ ಗೂಡುಗಳನ್ಣು ಒಡೆದುಕೊಂಢು ಚಿಟ್ಠೆಗಳು ಹೊರಭರುತ್ತವೆ.",butterfly_garden,"ಮನೆಯ ಮುಂದೆ ಒಂದು ಹೂದೋಟವಿದೆ. ತೋಟದ ತುಂಬಾ ವಿಧ ವಿಧವಾದ ಹೂವುಗಳು ಅರಳಿವ. ಹೂವುಗಳ ಮೇಲೆ ಬಣ್ಣ ಬಣ್ಣದ ಚಿಟ್ಟೆಗಳು ಹಾರಾಡುತ್ತಿವ. ಅವುಗಳು ಹೂವಿಂದ ಹೂವಿಗೆ ಹಾರಿ ಮಕರಂದ ಹೀರುತ್ತವ. ಕಂಪು, ಹಳದಿ, ನೀಲಿ, ಕಿತ್ತಳ ಮುಂತಾದ ರಂಗು ರಂಗಿನ ಚಿಟ್ಟೆಗಳನ್ನು ನೋಡಲು ತುಂಬಾ ಖುಷಿಯಾಗುತ್ತದೆ. ಚಿಟ್ಟೆಗಳನ್ನು 'ಪಾತರಗಿತ್ತಿ' ಎ೦ದೂ ಕರೆಯುತ್ತಾರೆ. ಚಿಟ್ಟೆಯ ರೆಕ್ಕೆಗಳು ರೇಷ್ಮಯಂತೆ ಮೃದುವಾಗಿರುತ್ತವೆ. ಅವುಗಳ ಮೇಲೆ ನಾನಾ ತರಹದ ಚಿತ್ತಾರಗಳಿರುತ್ತವೆ. ಚಿಟ್ಟೆಗಳು ಎಲೆಗಳ ಮೇಲೆ ಮೊಟ್ಟೆಗಳನ್ನು ಇಡುತ್ತವೆ. ಆ ಮೊಟ್ಟೆಗಳಿಂದ ಕಂಬಳಿಹುಳುಗಳು ಹೊರಬಂದು, ಎಲೆಗಳನ್ನು ತಿ೦ದು ಗೂಡುಗಳನ್ನು ಕಟ್ಟಕೊಳ್ಳುತ್ತವೆ. ನಂತರ ಆ ಗೂಡುಗಳನ್ನು ಒಡೆದುಕೊಂಡು ಚಿಟ್ಟೆಗಳು ಹೊರಬರುತ್ತವೆ.",0.45,0.55,0.0,0.747,0.798,0.755,0.245,0.003,0.764,0.92,0.03,0.97,0.881,0.808,0.021
24,"ಮನೆಯ ಮುಂದೆ ಒಂದು ಹೂದೋಠವಿದೆ. ತೋಟದ ತುಂಬಾ ವಿಧ ವಿಧವಾದ ಹೂವುಗಲು ಅರಳಿವ. ಹೂವುಗಳ ಮೇಲೆ ರಂಗು ಬಣ್ನಧ ಚಿಟ್ಟೆಘಳು ಹಾರಾಡುತ್ತಿವ. ಆವುಘಳು ಹೂವಿಂದ ಹೂವಿಗೆ ಹಾರಿ ಮಖರಂದ ಹೀರುಥ್ತವ. ಹೀರುಥ್ತವ. ಕಂಫು, ಹಳಧಿ, ನೀಲಿ, ಕಿತ್ಥಳ ಮುಂಥಾದ ರಂಗು ರಂಗಿನ ಚಿಠ್ಟೆಗಳಣ್ನು ನೋಡಲು ತುಂಬಾ ಖುಷಿಯಾಗುತ್ತದೆ. ಚಿಟ್ಟೆಗಲನ್ಣು 'ಪಾತರಘಿಥ್ತಿ' ಏ೦ದೂ ಕರೆಯುತ್ತಾರೆ. ಚಿಟ್ಟೆಯ ರೆಕ್ಕೆಗಳು ರೇಷ್ಮಯಂತೆ ಮೃದುವಾಘಿರುತ್ತವೆ. ಅವುಗಲ ಮೇಲೆ ಣಾಣಾ ತರಹದ ಚಿಥ್ತಾರಘಳಿರುಥ್ತವೆ. ಚಿಟ್ಟೆಗಳು ಎಳೆಗಳ ಮೇಲೆ ಮೊಟ್ಟೆಗಳನ್ನು ಇಢುಥ್ತವೆ. ಆ ಮೊಠ್ಟೆಗಳಿಂದ ಕಂಬಲಿಹುಳುಗಲು ಹೊರಬಂಧು, ಎಲೆಗಳನ್ನು ತಿ೦ದು ಗೂಡುಗಳನ್ಣು ಕಠ್ಟಕೊಳ್ಳುಥ್ತವೆ. ನಂತರ ಆ ಘೂಢುಘಳನ್ಣು ಓಡೆಧುಕೊಂಡು ಚಿಠ್ಠೆಗಳು ಹೊರಬರುತ್ಥವೆ.",butterfly_garden,"ಮನೆಯ ಮುಂದೆ ಒಂದು ಹೂದೋಟವಿದೆ. ತೋಟದ ತುಂಬಾ ವಿಧ ವಿಧವಾದ ಹೂವುಗಳು ಅರಳಿವ. ಹೂವುಗಳ ಮೇಲೆ ಬಣ್ಣ ಬಣ್ಣದ ಚಿಟ್ಟೆಗಳು ಹಾರಾಡುತ್ತಿವ. ಅವುಗಳು ಹೂವಿಂದ ಹೂವಿಗೆ ಹಾರಿ ಮಕರಂದ ಹೀರುತ್ತವ. ಕಂಪು, ಹಳದಿ, ನೀಲಿ, ಕಿತ್ತಳ ಮುಂತಾದ ರಂಗು ರಂಗಿನ ಚಿಟ್ಟೆಗಳನ್ನು ನೋಡಲು ತುಂಬಾ ಖುಷಿಯಾಗುತ್ತದೆ. ಚಿಟ್ಟೆಗಳನ್ನು 'ಪಾತರಗಿತ್ತಿ' ಎ೦ದೂ ಕರೆಯುತ್ತಾರೆ. ಚಿಟ್ಟೆಯ ರೆಕ್ಕೆಗಳು ರೇಷ್ಮಯಂತೆ ಮೃದುವಾಗಿರುತ್ತವೆ. ಅವುಗಳ ಮೇಲೆ ನಾನಾ ತರಹದ ಚಿತ್ತಾರಗಳಿರುತ್ತವೆ. ಚಿಟ್ಟೆಗಳು ಎಲೆಗಳ ಮೇಲೆ ಮೊಟ್ಟೆಗಳನ್ನು ಇಡುತ್ತವೆ. ಆ ಮೊಟ್ಟೆಗಳಿಂದ ಕಂಬಳಿಹುಳುಗಳು ಹೊರಬಂದು, ಎಲೆಗಳನ್ನು ತಿ೦ದು ಗೂಡುಗಳನ್ನು ಕಟ್ಟಕೊಳ್ಳುತ್ತವೆ. ನಂತರ ಆ ಗೂಡುಗಳನ್ನು ಒಡೆದುಕೊಂಡು ಚಿಟ್ಟೆಗಳು ಹೊರಬರುತ್ತವೆ.",0.461,0.539,0.019,0.741,0.804,0.776,0.224,0.017,0.922,0.936,0.107,0.893,0.883,0.897,0.042
25,"ಮನೆಯ ಮುಂಧೆ ಓಂದು ಹೂದೋಟವಿದೆ. ತೋಟದ ಥುಂಬಾ ವಿಧ ವಿಧವಾದ ಹೂವುಗಳು ಆರಳಿವ. ಹೂವುಗಲ ಮೇಲೆ ಬಣ್ಣ ಬಣ್ನದ ಚಿಟ್ಟೆಗಳು ಹಾರಾಡುಥ್ತಿವ. ಅವುಗಲು ಹೂವಿಂದ ಹೂವಿಗೆ ಹಾರಿ ಮಕರಂದ ಹೀರುತ್ತವ. ಕಂಫು, ಹಳದಿ, ನೀಲಿ, ಕಿತ್ತಳ ಮುಂತಾದ ರಂಗು ರಂಗಿನ ಚಿಠ್ಟೆಗಳನ್ನು ನೋಡಲು ತುಂಬಾ ಕುಷಿಯಾಘುತ್ತದೆ. ಚಿಟ್ಟೆಘಲನ್ಣು 'ಪಾಥರಗಿತ್ಥಿ' ಎ೦ದೂ ಕರೆಯುತ್ತಾರೆ. ಛಿಟ್ಟೆಯ ರೆಕ್ಕೆಘಳು ರೇಷ್ಮಯಂತೆ ಮೃದುವಾಗಿರುತ್ತವೆ. ಅವುಗಳ ಮೇಲೆ ಮೇಲೆ ನಾನಾ ಥರಹಧ ಚಿಥ್ಥಾರಗಲಿರುತ್ತವೆ. ಛಿಟ್ಟೆಗಳು ಏಲೆಗಳ ಮೇಲೆ ಮೊಟ್ಠೆಗಲನ್ನು ಇಡುತ್ತವೆ. ಆ ಮೊಠ್ಠೆಘಲಿಂಧ ಕಂಬಳಿಹುಳುಗಳು ಹೊರಬಂದು, ಎಲೆಗಳನ್ನು ಥಿ೦ದು ಘೂಡುಗಲಣ್ನು ಕಟ್ಠಖೊಳ್ಳುಥ್ತವೆ. ನಂಥರ ಆ ಗೂಢುಗಳನ್ನು ಒಡೆದುಕೊಂಡು ಛಿಟ್ಟೆಗಳು ಹೊರಬರುಥ್ತವೆ.",butterfly_garden,"ಮನೆಯ ಮುಂದೆ ಒಂದು ಹೂದೋಟವಿದೆ. ತೋಟದ ತುಂಬಾ ವಿಧ ವಿಧವಾದ ಹೂವುಗಳು ಅರಳಿವ. ಹೂವುಗಳ ಮೇಲೆ ಬಣ್ಣ ಬಣ್ಣದ ಚಿಟ್ಟೆಗಳು ಹಾರಾಡುತ್ತಿವ. ಅವುಗಳು ಹೂವಿಂದ ಹೂವಿಗೆ ಹಾರಿ ಮಕರಂದ ಹೀರುತ್ತವ. ಕಂಪು, ಹಳದಿ, ನೀಲಿ, ಕಿತ್ತಳ ಮುಂತಾದ ರಂಗು ರಂಗಿನ ಚಿಟ್ಟೆಗಳನ್ನು ನೋಡಲು ತುಂಬಾ ಖುಷಿಯಾಗುತ್ತದೆ. ಚಿಟ್ಟೆಗಳನ್ನು 'ಪಾತರಗಿತ್ತಿ' ಎ೦ದೂ ಕರೆಯುತ್ತಾರೆ. ಚಿಟ್ಟೆಯ ರೆಕ್ಕೆಗಳು ರೇಷ್ಮಯಂತೆ ಮೃದುವಾಗಿರುತ್ತವೆ. ಅವುಗಳ ಮೇಲೆ ನಾನಾ ತರಹದ ಚಿತ್ತಾರಗಳಿರುತ್ತವೆ. ಚಿಟ್ಟೆಗಳು ಎಲೆಗಳ ಮೇಲೆ ಮೊಟ್ಟೆಗಳನ್ನು ಇಡುತ್ತವೆ. ಆ ಮೊಟ್ಟೆಗಳಿಂದ ಕಂಬಳಿಹುಳುಗಳು ಹೊರಬಂದು, ಎಲೆಗಳನ್ನು ತಿ೦ದು ಗೂಡುಗಳನ್ನು ಕಟ್ಟಕೊಳ್ಳುತ್ತವೆ. ನಂತರ ಆ ಗೂಡುಗಳನ್ನು ಒಡೆದುಕೊಂಡು ಚಿಟ್ಟೆಗಳು ಹೊರಬರುತ್ತವೆ.",0.583,0.417,0.01,0.864,0.918,0.777,0.223,0.007,0.95,0.939,0.093,0.907,0.882,0.811,0.035
26,"ಮನೆಯ ಮುಂದೆ ಒಂದು ಹೂದೋಟವಿಧೆ. ತೋಟಧ ತುಂಬಾ ವಿದ ವಿಧವಾದ ಹೂವುಗಲು ಅರಳಿವ. ಹೂವುಗಳ ಮೇಲೆ ರಂಗು ಬಣ್ಣದ ಛಿಟ್ಟೆಗಳು ಹಾರಾಢುತ್ತಿವ. ಅವುಘಳು ಹೂವಿಂದ ಹೂವಿಘೆ ಹಾರಿ ಮಕರಂದ ಹೀರುತ್ಥವ. ಕಂಪು, ಹಲದಿ, ಹಲದಿ, ನೀಲಿ, ಕಿಥ್ತಲ ಮುಂತಾದ ರಂಗು ರಂಗಿನ ಚಿಟ್ಟೆಗಳನ್ಣು ನೋಡಲು ಥುಂಬಾ ಖುಷಿಯಾಗುತ್ತಧೆ. ಚಿಠ್ಟೆಗಳನ್ನು 'ಪಾಥರಗಿಥ್ತಿ' ಎ೦ದೂ ಕರೆಯುತ್ತಾರೆ. ಛಿಟ್ಟೆಯ ರೆಕ್ಖೆಘಳು ರೇಷ್ಮಯಂಥೆ ಮೃದುವಾಗಿರುಥ್ತವೆ. ಅವುಗಳ ಮೇಲೆ ನಾಣಾ ಥರಹದ ಚಿತ್ತಾರಗಳಿರುಥ್ಥವೆ. ಛಿಠ್ಟೆಘಳು ಏಲೆಗಳ ಮೇಲೆ ಮೊಟ್ಠೆಗಳನ್ನು ಇಡುತ್ತವೆ. ಅ ಮೊಟ್ಟೆಗಳಿಂದ ಕಂಬಲಿಹುಳುಗಲು ಹೊರಬಂದು, ಎಲೆಗಳನ್ನು ಥಿ೦ದು ಗೂಡುಗಳನ್ಣು ಕಟ್ಟಕೊಳ್ಲುತ್ತವೆ. ನಂತರ ಆ ಗೂಡುಗಲನ್ನು ಒಡೆದುಕೊಂಢು ಚಿಠ್ಟೆಗಳು ಹೊರಬರುತ್ತವೆ.",butterfly_garden,"ಮನೆಯ ಮುಂದೆ ಒಂದು ಹೂದೋಟವಿದೆ. ತೋಟದ ತುಂಬಾ ವಿಧ ವಿಧವಾದ ಹೂವುಗಳು ಅರಳಿವ. ಹೂವುಗಳ ಮೇಲೆ ಬಣ್ಣ ಬಣ್ಣದ ಚಿಟ್ಟೆಗಳು ಹಾರಾಡುತ್ತಿವ. ಅವುಗಳು ಹೂವಿಂದ ಹೂವಿಗೆ ಹಾರಿ ಮಕರಂದ ಹೀರುತ್ತವ. ಕಂಪು, ಹಳದಿ, ನೀಲಿ, ಕಿತ್ತಳ ಮುಂತಾದ ರಂಗು ರಂಗಿನ ಚಿಟ್ಟೆಗಳನ್ನು ನೋಡಲು ತುಂಬಾ ಖುಷಿಯಾಗುತ್ತದೆ. ಚಿಟ್ಟೆಗಳನ್ನು 'ಪಾತರಗಿತ್ತಿ' ಎ೦ದೂ ಕರೆಯುತ್ತಾರೆ. ಚಿಟ್ಟೆಯ ರೆಕ್ಕೆಗಳು ರೇಷ್ಮಯಂತೆ ಮೃದುವಾಗಿರುತ್ತವೆ. ಅವುಗಳ ಮೇಲೆ ನಾನಾ ತರಹದ ಚಿತ್ತಾರಗಳಿರುತ್ತವೆ. ಚಿಟ್ಟೆಗಳು ಎಲೆಗಳ ಮೇಲೆ ಮೊಟ್ಟೆಗಳನ್ನು ಇಡುತ್ತವೆ. ಆ ಮೊಟ್ಟೆಗಳಿಂದ ಕಂಬಳಿಹುಳುಗಳು ಹೊರಬಂದು, ಎಲೆಗಳನ್ನು ತಿ೦ದು ಗೂಡುಗಳನ್ನು ಕಟ್ಟಕೊಳ್ಳುತ್ತವೆ. ನಂತರ ಆ ಗೂಡುಗಳನ್ನು ಒಡೆದುಕೊಂಡು ಚಿಟ್ಟೆಗಳು ಹೊರಬರುತ್ತವೆ.",0.527,0.473,0.005,0.77,0.873,0.809,0.191,0.01,0.883,0.947,0.094,0.906,0.882,0.864,0.037
27,"ಮನೆಯ ಮುಂದೆ ಒಂದು ಹೂದೋಟವಿದೆ. ತೋಟಧ ತುಂಬಾ ತುಂಬಾ ವಿಧ ವಿಧವಾದ ಹೂವುಗಳು ಹರಡಿವ. ಹೂವುಗಳ ಮೇಲೆ ಬಣ್ನ ಬಣ್ಣದ ಚಿಟ್ಠೆಘಳು ಹಾರಾಡುತ್ತಿವ. ಆವುಗಳು ಹೂವಿಂದ ಹೂವಿಗೆ ಹಾರಿ ಸಾರು ಹೀರುತ್ತವ. ಕಂಫು, ಹಲದಿ, ನೀಲಿ, ಕಿತ್ಥಳ ಮುಂತಾದ ರಂಗು ರಂಗಿನ ಚಿಠ್ಟೆಗಲನ್ನು ಣೋಡಲು ಥುಂಬಾ ಖುಷಿಯಾಗುತ್ಥಧೆ. ಚಿಟ್ಟೆಗಲನ್ನು 'ಫಾತರಗಿತ್ತಿ' ಏ೦ದೂ ಕರೆಯುತ್ತಾರೆ. ಚಿಟ್ಟೆಯ ರೆಖ್ಖೆಗಲು ರೇಷ್ಮಯಂತೆ ಮೃಧುವಾಗಿರುತ್ತವೆ. ಅವುಗಳ ಮೇಲೆ ನಾನಾ ತರಹದ ಚಿತ್ತಾರಗಳಿರುತ್ಥವೆ. ಚಿಟ್ಟೆಗಳು ಎಲೆಗಳ ಮೇಲೆ ಮೊಟ್ಟೆಗಳನ್ನು ಇಢುತ್ಥವೆ. ಅ ಮೊಟ್ಟೆಗಳಿಂದ ಖಂಬಳಿಹುಲುಗಳು ಹೊರಬಂಧು, ಎಲೆಗಲನ್ನು ತಿ೦ದು ಗೂಡುಗಲನ್ನು ಕಟ್ಟಖೊಳ್ಳುತ್ತವೆ. ನಂತರ ಆ ಘೂಢುಗಲನ್ಣು ಒಡೆದುಕೊಂಡು ಛಿಟ್ಟೆಘಲು ಹೊರಬರುಥ್ಥವೆ.",butterfly_garden,"ಮನೆಯ ಮುಂದೆ ಒಂದು ಹೂದೋಟವಿದೆ. ತೋಟದ ತುಂಬಾ ವಿಧ ವಿಧವಾದ ಹೂವುಗಳು ಅರಳಿವ. ಹೂವುಗಳ ಮೇಲೆ ಬಣ್ಣ ಬಣ್ಣದ ಚಿಟ್ಟೆಗಳು ಹಾರಾಡುತ್ತಿವ. ಅವುಗಳು ಹೂವಿಂದ ಹೂವಿಗೆ ಹಾರಿ ಮಕರಂದ ಹೀರುತ್ತವ. ಕಂಪು, ಹಳದಿ, ನೀಲಿ, ಕಿತ್ತಳ ಮುಂತಾದ ರಂಗು ರಂಗಿನ ಚಿಟ್ಟೆಗಳನ್ನು ನೋಡಲು ತುಂಬಾ ಖುಷಿಯಾಗುತ್ತದೆ. ಚಿಟ್ಟೆಗಳನ್ನು 'ಪಾತರಗಿತ್ತಿ' ಎ೦ದೂ ಕರೆಯುತ್ತಾರೆ. ಚಿಟ್ಟೆಯ ರೆಕ್ಕೆಗಳು ರೇಷ್ಮಯಂತೆ ಮೃದುವಾಗಿರುತ್ತವೆ. ಅವುಗಳ ಮೇಲೆ ನಾನಾ ತರಹದ ಚಿತ್ತಾರಗಳಿರುತ್ತವೆ. ಚಿಟ್ಟೆಗಳು ಎಲೆಗಳ ಮೇಲೆ ಮೊಟ್ಟೆಗಳನ್ನು ಇಡುತ್ತವೆ. ಆ ಮೊಟ್ಟೆಗಳಿಂದ ಕಂಬಳಿಹುಳುಗಳು ಹೊರಬಂದು, ಎಲೆಗಳನ್ನು ತಿ೦ದು ಗೂಡುಗಳನ್ನು ಕಟ್ಟಕೊಳ್ಳುತ್ತವೆ. ನಂತರ ಆ ಗೂಡುಗಳನ್ನು ಒಡೆದುಕೊಂಡು ಚಿಟ್ಟೆಗಳು ಹೊರಬರುತ್ತವೆ.",0.559,0.441,0.01,0.95,0.911,0.755,0.245,0.0,0.902,0.928,0.103,0.897,0.882,0.893,0.041
28,"ಮನೆಯ ಮುಂಧೆ ಒಂದು ಹೂದೋಠವಿದೆ. ಥೋಠದ ತುಂಭಾ ವಿಧ ವಿದವಾದ ಹೂವುಘಳು ಹರಡಿವ. ಹೂವುಗಳ ಮೇಲೆ ಬನ್ಣ ಬಣ್ಣದ ಚಿಟ್ಠೆಘಳು ಹಾರಾಡುತ್ಥಿವ. ಅವುಗಲು ಹೂವಿಂದ ಹೂವಿಘೆ ಹಾರಿ ಮಕರಂದ ಹೀರುತ್ತವ. ಕಂಪು, ಹಳದಿ, ಣೀಲಿ, ಕಿತ್ತಳ ಮುಂಥಾಧ ರಂಘು ರಂಗಿನ ಛಿಟ್ಟೆಗಳನ್ನು ನೋಡಲು ತುಂಬಾ ಖುಷಿಯಾಗುಥ್ತಧೆ. ಚಿಠ್ಟೆಗಳನ್ಣು 'ಪಾಥರಘಿತ್ತಿ' ಎ೦ದೂ ಕರೆಯುತ್ತಾರೆ. ಚಿಟ್ಟೆಯ ರೆಖ್ಕೆಗಳು ರೇಷ್ಮಯಂಥೆ ಮೃದುವಾಗಿರುತ್ತವೆ. ಅವುಘಲ ಮೇಲೆ ನಾನಾ ತರಹಧ ಛಿತ್ಥಾರಗಲಿರುತ್ತವೆ. ಛಿಟ್ಟೆಗಳು ಏಲೆಗಲ ಮೇಲೆ ಮೊಟ್ಠೆಗಲಣ್ನು ಇಡುತ್ಥವೆ. ಅ ಮೊಟ್ಟೆಗಲಿಂದ ಕಂಭಳಿಹುಲುಗಳು ಹೊರಬಂದು, ಎಲೆಗಲನ್ನು ಥಿ೦ದು ಗೂಡುಗಳನ್ನು ಕಟ್ಟಕೊಳ್ಳುತ್ಥವೆ. ನಂತರ ಆ ಗೂಡುಗಳನ್ಣು ಒಡೆದುಕೊಂಡು ಛಿಟ್ಟೆಘಲು ಹೊರಬರುಥ್ತವೆ.",butterfly_garden,"ಮನೆಯ ಮುಂದೆ ಒಂದು ಹೂದೋಟವಿದೆ. ತೋಟದ ತುಂಬಾ ವಿಧ ವಿಧವಾದ ಹೂವುಗಳು ಅರಳಿವ. ಹೂವುಗಳ ಮೇಲೆ ಬಣ್ಣ ಬಣ್ಣದ ಚಿಟ್ಟೆಗಳು ಹಾರಾಡುತ್ತಿವ. ಅವುಗಳು ಹೂವಿಂದ ಹೂವಿಗೆ ಹಾರಿ ಮಕರಂದ ಹೀರುತ್ತವ. ಕಂಪು, ಹಳದಿ, ನೀಲಿ, ಕಿತ್ತಳ ಮುಂತಾದ ರಂಗು ರಂಗಿನ ಚಿಟ್ಟೆಗಳನ್ನು ನೋಡಲು ತುಂಬಾ ಖುಷಿಯಾಗುತ್ತದೆ. ಚಿಟ್ಟೆಗಳನ್ನು 'ಪಾತರಗಿತ್ತಿ' ಎ೦ದೂ ಕರೆಯುತ್ತಾರೆ. ಚಿಟ್ಟೆಯ ರೆಕ್ಕೆಗಳು ರೇಷ್ಮಯಂತೆ ಮೃದುವಾಗಿರುತ್ತವೆ. ಅವುಗಳ ಮೇಲೆ ನಾನಾ ತರಹದ ಚಿತ್ತಾರಗಳಿರುತ್ತವೆ. ಚಿಟ್ಟೆಗಳು ಎಲೆಗಳ ಮೇಲೆ ಮೊಟ್ಟೆಗಳನ್ನು ಇಡುತ್ತವೆ. ಆ ಮೊಟ್ಟೆಗಳಿಂದ ಕಂಬಳಿಹುಳುಗಳು ಹೊರಬಂದು, ಎಲೆಗಳನ್ನು ತಿ೦ದು ಗೂಡುಗಳನ್ನು ಕಟ್ಟಕೊಳ್ಳುತ್ತವೆ. ನಂತರ ಆ ಗೂಡುಗಳನ್ನು ಒಡೆದುಕೊಂಡು ಚಿಟ್ಟೆಗಳು ಹೊರಬರುತ್ತವೆ.",0.475,0.525,0.0,0.846,0.839,0.683,0.317,0.0,0.876,0.885,0.045,0.955,0.881,0.818,0.024
29,"ಮನೆಯ ಮುಂಧೆ ಓಂಧು ಹೂದೋಟವಿದೆ. ಥೋಟದ ತುಂಬಾ ವಿಧ ವಿಧವಾಧ ಹೂವುಗಳು ಅರಳಿವ. ಹೂವುಘಲ ಮೇಳೆ ಬನ್ಣ ಬಣ್ನದ ಛಿಟ್ಟೆಗಳು ಹಾರಾಢುತ್ತಿವ. ಅವುಗಳು ಹೂವಿಂದ ಹೂವಿಗೆ ಹಾರಿ ಮಕರಂದ ಹೀರುತ್ಥವ. ಕಂಪು, ಹಳದಿ, ನೀಲಿ, ಕಿತ್ತಲ ಮುಂಥಾದ ರಂಗು ರಂಗಿನ ಛಿಠ್ಟೆಘಳನ್ಣು ನೋಢಲು ಥುಂಬಾ ಖುಷಿಯಾಗುತ್ತದೆ. ಛಿಟ್ಟೆಗಲಣ್ನು 'ಪಾಥರಗಿತ್ಥಿ' ಎ೦ದೂ ಕರೆಯುತ್ತಾರೆ. ಚಿಠ್ಠೆಯ ರೆಖ್ಖೆಗಳು ರೇಷ್ಮಯಂಥೆ ಮೃಧುವಾಗಿರುತ್ತವೆ. ಅವುಗಳ ಮೇಲೆ ನಾಣಾ ಥರಹದ ಛಿಥ್ತಾರಗಲಿರುತ್ತವೆ. ಚಿಠ್ಟೆಗಲು ಎಲೆಗಲ ಮೇಳೆ ಮೊಟ್ಟೆಗಳಣ್ನು ಇಡುತ್ಥವೆ. ಆ ಮೊಟ್ಟೆಘಳಿಂದ ಕಂಬಲಿಹುಳುಗಲು ಹೊರಬಂದು, ಏಲೆಗಳನ್ನು ಥಿ೦ಧು ಗೂಡುಗಳನ್ನು ಕಟ್ಟಕೊಳ್ಳುತ್ತವೆ. ನಂತರ ಆ ಗೂಢುಗಳನ್ನು ಒಡೆಧುಕೊಂಡು ಚಿಟ್ಟೆಗಳು ಹೊರಭರುತ್ತವೆ.",butterfly_garden,"ಮನೆಯ ಮುಂದೆ ಒಂದು ಹೂದೋಟವಿದೆ. ತೋಟದ ತುಂಬಾ ವಿಧ ವಿಧವಾದ ಹೂವುಗಳು ಅರಳಿವ. ಹೂವುಗಳ ಮೇಲೆ ಬಣ್ಣ ಬಣ್ಣದ ಚಿಟ್ಟೆಗಳು ಹಾರಾಡುತ್ತಿವ. ಅವುಗಳು ಹೂವಿಂದ ಹೂವಿಗೆ ಹಾರಿ ಮಕರಂದ ಹೀರುತ್ತವ. ಕಂಪು, ಹಳದಿ, ನೀಲಿ, ಕಿತ್ತಳ ಮುಂತಾದ ರಂಗು ರಂಗಿನ ಚಿಟ್ಟೆಗಳನ್ನು ನೋಡಲು ತುಂಬಾ ಖುಷಿಯಾಗುತ್ತದೆ. ಚಿಟ್ಟೆಗಳನ್ನು 'ಪಾತರಗಿತ್ತಿ' ಎ೦ದೂ ಕರೆಯುತ್ತಾರೆ. ಚಿಟ್ಟೆಯ ರೆಕ್ಕೆಗಳು ರೇಷ್ಮಯಂತೆ ಮೃದುವಾಗಿರುತ್ತವೆ. ಅವುಗಳ ಮೇಲೆ ನಾನಾ ತರಹದ ಚಿತ್ತಾರಗಳಿರುತ್ತವೆ. ಚಿಟ್ಟೆಗಳು ಎಲೆಗಳ ಮೇಲೆ ಮೊಟ್ಟೆಗಳನ್ನು ಇಡುತ್ತವೆ. ಆ ಮೊಟ್ಟೆಗಳಿಂದ ಕಂಬಳಿಹುಳುಗಳು ಹೊರಬಂದು, ಎಲೆಗಳನ್ನು ತಿ೦ದು ಗೂಡುಗಳನ್ನು ಕಟ್ಟಕೊಳ್ಳುತ್ತವೆ. ನಂತರ ಆ ಗೂಡುಗಳನ್ನು ಒಡೆದುಕೊಂಡು ಚಿಟ್ಟೆಗಳು ಹೊರಬರುತ್ತವೆ.",0.455,0.545,0.0,0.838,0.818,0.731,0.269,0.0,0.741,0.906,0.094,0.906,0.881,0.892,0.038
30,"ಮನೆಯ ಮುಂದೆ ಓಂಧು ಹೂದೋಟವಿದೆ. ತೋಟದ ತುಂಬಾ ವಿಧ ವಿಧವಾದ ಹೂವುಗಳು ಅರಳಿವ. ಹೂವುಘಳ ಮೇಲೆ ಬನ್ಣ ಬಣ್ನದ ಚಿಠ್ಟೆಗಳು ಹಾರಾಡುತ್ಥಿವ. ಅವುಗಳು ಹೂವಿಂಧ ಹೂವಿಘೆ ಹಾರಿ ಮಕರಂದ ಹೀರುಥ್ತವ. ಕಂಫು, ಹಳದಿ, ನೀಲಿ, ಕಿತ್ತಲ ಮುಂತಾದ ರಂಘು ರಂಗಿಣ ಚಿಠ್ಟೆಗಳನ್ನು ನೋಡಲು ತುಂಭಾ ಖುಷಿಯಾಗುತ್ತದೆ. ಚಿಟ್ಟೆಗಳನ್ನು 'ಪಾತರಗಿಥ್ತಿ' ಏ೦ಧೂ ಕರೆಯುತ್ತಾರೆ. ಛಿಠ್ಟೆಯ ರೆಖ್ಕೆಘಳು ರೇಷ್ಮಯಂಥೆ ಮೃದುವಾಗಿರುತ್ಥವೆ. ಅವುಗಳ ಮೇಲೆ ಣಾನಾ ತರಹದ ಛಿತ್ಥಾರಗಳಿರುತ್ಥವೆ. ಛಿಠ್ಟೆಘಲು ಎಲೆಗಳ ಮೇಲೆ ಮೊಟ್ಟೆಗಳನ್ನು ಇಢುತ್ಥವೆ. ಆ ಮೊಟ್ಟೆಗಲಿಂದ ಕಂಬಳಿಹುಳುಗಳು ಹೊರಬಂದು, ಎಲೆಗಲನ್ನು ತಿ೦ದು ಗೂಡುಗಲನ್ನು ಖಠ್ಟಕೊಳ್ಳುಥ್ತವೆ. ನಂತರ ಆ ಗೂಢುಗಳನ್ನು ಓಡೆದುಖೊಂಡು ಚಿಟ್ಠೆಗಳು ಹೊರಬರುತ್ತವೆ.",butterfly_garden,"ಮನೆಯ ಮುಂದೆ ಒಂದು ಹೂದೋಟವಿದೆ. ತೋಟದ ತುಂಬಾ ವಿಧ ವಿಧವಾದ ಹೂವುಗಳು ಅರಳಿವ. ಹೂವುಗಳ ಮೇಲೆ ಬಣ್ಣ ಬಣ್ಣದ ಚಿಟ್ಟೆಗಳು ಹಾರಾಡುತ್ತಿವ. ಅವುಗಳು ಹೂವಿಂದ ಹೂವಿಗೆ ಹಾರಿ ಮಕರಂದ ಹೀರುತ್ತವ. ಕಂಪು, ಹಳದಿ, ನೀಲಿ, ಕಿತ್ತಳ ಮುಂತಾದ ರಂಗು ರಂಗಿನ ಚಿಟ್ಟೆಗಳನ್ನು ನೋಡಲು ತುಂಬಾ ಖುಷಿಯಾಗುತ್ತದೆ. ಚಿಟ್ಟೆಗಳನ್ನು 'ಪಾತರಗಿತ್ತಿ' ಎ೦ದೂ ಕರೆಯುತ್ತಾರೆ. ಚಿಟ್ಟೆಯ ರೆಕ್ಕೆಗಳು ರೇಷ್ಮಯಂತೆ ಮೃದುವಾಗಿರುತ್ತವೆ. ಅವುಗಳ ಮೇಲೆ ನಾನಾ ತರಹದ ಚಿತ್ತಾರಗಳಿರುತ್ತವೆ. ಚಿಟ್ಟೆಗಳು ಎಲೆಗಳ ಮೇಲೆ ಮೊಟ್ಟೆಗಳನ್ನು ಇಡುತ್ತವೆ. ಆ ಮೊಟ್ಟೆಗಳಿಂದ ಕಂಬಳಿಹುಳುಗಳು ಹೊರಬಂದು, ಎಲೆಗಳನ್ನು ತಿ೦ದು ಗೂಡುಗಳನ್ನು ಕಟ್ಟಕೊಳ್ಳುತ್ತವೆ. ನಂತರ ಆ ಗೂಡುಗಳನ್ನು ಒಡೆದುಕೊಂಡು ಚಿಟ್ಟೆಗಳು ಹೊರಬರುತ್ತವೆ.",0.545,0.455,0.0,0.865,0.896,0.779,0.221,0.0,0.805,0.934,0.109,0.891,0.881,0.911,0.044
1,"ಒಂದು ಊರಿನಳ್ಲಿ ಭೀಮಣ್ನ ಎ೦ಬ ಕಟ್ಟಿಗೆ ಮಾರುವವಣಿಧ್ದನು. ಅವಣು ಪ್ರತಿದಿನ ಕಾಡಿಗೆ ಹೋಗಿ ಒನಗಿರುವ ಮರಘಳನ್ನು ಕಡಿದು, ಕಟ್ಟಿಗೆ ಮಾಡುತ್ತಿದ್ಧನು. ಅವನ್ನು ಊರಿಗೆ ತಂಧು ಮಾರಿ ಅದರಲ್ಳಿ ಭಂಧ ಹಣದಲ್ಲಿ ಝೀವನ ಣಡೆಸುತ್ತಿದ್ದಣು. ಹೀಘೆ ಓಂದು ದಿಣ ಆತ ಕೆರೆಯ ದಂಡೆಯ ಮೇಲಿದ್ದ ' ಒಣಗಿಧ ಮರವೊಂದನ್ಣು ಕಡಿಯುತ್ತಿದ್ಧನು. ಆಗ ಅವನ ಕೈಯಲ್ಲಿದ್ದ ಖೊಡಲಿ ಕೃಝಾರಿ ಖೆರೆಯಲ್ಲಿ ಬಿದ್ದು ಹೋಯಿಥು. ಆವನ ಹತ್ಥಿರ ಅದೊ೦ದೇ ಖೊಡಲಿಯಿತ್ತು. ಅದು ಣೀರಿನಲ್ಲಿ ಬಿಥ್ತು ಏಂದು ಅವನಿಗೆ ಬಹಳ ದುಃಖವಾಯಿಥು. ಆಘ ಅವನು, 3 ಫುಟ್ಟ ಕೊಡಲಿ ಹೋಯಿತಯ್ಕೊ, ಹೊಟ್ಠೆಗೆ ಪೆಟ್ಟು ಅಯಿಥಯ್ಯೊ | ಕಷ್ಟ ಖಪ್ಪ ಕಷ್ಟವಯ್ಯೊ, ಸೃಷ್ಠಿಘೊಡೆಯ ಕಾಯವಯ್ಯೊ",woodcutter_story,"ಒಂದು ಊರಿನಲ್ಲಿ ಭೀಮಣ್ಣ ಎ೦ಬ ಕಟ್ಟಿಗೆ ಮಾರುವವನಿದ್ದನು. ಅವನು ಪ್ರತಿದಿನ ಕಾಡಿಗೆ ಹೋಗಿ ಒಣಗಿರುವ ಮರಗಳನ್ನು ಕಡಿದು, ಕಟ್ಟಿಗೆ ಮಾಡುತ್ತಿದ್ದನು. ಅವನ್ನು ಊರಿಗೆ ತಂದು ಮಾರಿ ಅದರಲ್ಲಿ ಬಂದ ಹಣದಲ್ಲಿ ಜೀವನ ನಡೆಸುತ್ತಿದ್ದನು. ಹೀಗೆ ಒಂದು ದಿನ ಆತ ಕೆರೆಯ ದಂಡೆಯ ಮೇಲಿದ್ದ ' ಒಣಗಿದ ಮರವೊಂದನ್ನು ಕಡಿಯುತ್ತಿದ್ದನು. ಆಗ ಅವನ ಕೈಯಲ್ಲಿದ್ದ ಕೊಡಲಿ ಕೃಜಾರಿ ಕೆರೆಯಲ್ಲಿ ಬಿದ್ದು ಹೋಯಿತು. ಅವನ ಹತ್ತಿರ ಅದೊ೦ದೇ ಕೊಡಲಿಯಿತ್ತು. ಅದು ನೀರಿನಲ್ಲಿ ಬಿತ್ತು ಎಂದು ಅವನಿಗೆ ಬಹಳ ದುಃಖವಾಯಿತು. ಆಗ ಅವನು, 3 ಪುಟ್ಟ ಕೊಡಲಿ ಹೋಯಿತಯ್ಕೊ, ಹೊಟ್ಟೆಗೆ ಪೆಟ್ಟು ಆಯಿತಯ್ಯೊ | ಕಷ್ಟ ಕಪ್ಪ ಕಷ್ಟವಯ್ಯೊ, ಸೃಷ್ಟಿಗೊಡೆಯ ಕಾಯವಯ್ಯೊ",0.779,0.221,0.0,0.804,0.977,0.805,0.195,0.0,0.76,0.942,0.122,0.878,0.851,0.792,0.045
2,"ಒಂಧು ಊರಿನಲ್ಲಿ ಭೀಮಣ್ಣ ಏ೦ಬ ಕಟ್ಟಿಗೆ ಮಾರುವವನಿಧ್ಧನು. ಆವನು ಪ್ರತಿದಿನ ಕಾಡಿಗೆ ಹೋಗಿ ಒಣಗಿರುವ ಮರಗಲನ್ಣು ಖಢಿದು, ಕಟ್ಟಿಘೆ ಮಾಡುತ್ಥಿದ್ದನು. ಅವಣ್ಣು ಊರಿಘೆ ಥಂದು ಮಾರಿ ಅದರಲ್ಳಿ ಬಂದ ಹನಧಲ್ಲಿ ಜೀವನ ನಡೆಸುತ್ಥಿದ್ದನು. ಹೀಗೆ ಒಂಧು ದಿನ ದಿನ ಅತ ಕೆರೆಯ ದಂಡೆಯ ಮೇಲಿದ್ದ ' ಒನಗಿದ ಮರವೊಂದನ್ನು ಖಡಿಯುತ್ಥಿದ್ದನು. ಆಘ ಅವನ ಕೈಯಲ್ಳಿದ್ದ ಖೊಢಲಿ ಕೃಜಾರಿ ಕೆರೆಯಲ್ಲಿ ಭಿದ್ದು ಹೋಯಿಥು. ಅವನ ಹತ್ಥಿರ ಅದೊ೦ದೇ ಉಳಿಯಿತ್ಥು. ಅದು ನೀರಿಣಲ್ಲಿ ಬಿತ್ತು ಎಂದು ಆವನಿಗೆ ಬಹಳ ದುಃಖವಾಯಿತು. ಅಗ ಆವನು, 3 ಪುಟ್ಠ ಖೊಡಲಿ ಹೋಯಿತಯ್ಖೊ, ಹೊಟ್ಟೆಘೆ ಪೆಟ್ಠು ಅಯಿಥಯ್ಯೊ | ಕಷ್ಟ ಕಫ್ಪ ಕಷ್ಟವಯ್ಯೊ, ಶೃಷ್ಟಿಗೊಡೆಯ ಕಾಯವಯ್ಯೊ",woodcutter_story,"ಒಂದು ಊರಿನಲ್ಲಿ ಭೀಮಣ್ಣ ಎ೦ಬ ಕಟ್ಟಿಗೆ ಮಾರುವವನಿದ್ದನು. ಅವನು ಪ್ರತಿದಿನ ಕಾಡಿಗೆ ಹೋಗಿ ಒಣಗಿರುವ ಮರಗಳನ್ನು ಕಡಿದು, ಕಟ್ಟಿಗೆ ಮಾಡುತ್ತಿದ್ದನು. ಅವನ್ನು ಊರಿಗೆ ತಂದು ಮಾರಿ ಅದರಲ್ಲಿ ಬಂದ ಹಣದಲ್ಲಿ ಜೀವನ ನಡೆಸುತ್ತಿದ್ದನು. ಹೀಗೆ ಒಂದು ದಿನ ಆತ ಕೆರೆಯ ದಂಡೆಯ ಮೇಲಿದ್ದ ' ಒಣಗಿದ ಮರವೊಂದನ್ನು ಕಡಿಯುತ್ತಿದ್ದನು. ಆಗ ಅವನ ಕೈಯಲ್ಲಿದ್ದ ಕೊಡಲಿ ಕೃಜಾರಿ ಕೆರೆಯಲ್ಲಿ ಬಿದ್ದು ಹೋಯಿತು. ಅವನ ಹತ್ತಿರ ಅದೊ೦ದೇ ಕೊಡಲಿಯಿತ್ತು. ಅದು ನೀರಿನಲ್ಲಿ ಬಿತ್ತು ಎಂದು ಅವನಿಗೆ ಬಹಳ ದುಃಖವಾಯಿತು. ಆಗ ಅವನು, 3 ಪುಟ್ಟ ಕೊಡಲಿ ಹೋಯಿತಯ್ಕೊ, ಹೊಟ್ಟೆಗೆ ಪೆಟ್ಟು ಆಯಿತಯ್ಯೊ | ಕಷ್ಟ ಕಪ್ಪ ಕಷ್ಟವಯ್ಯೊ, ಸೃಷ್ಟಿಗೊಡೆಯ ಕಾಯವಯ್ಯೊ",0.747,0.253,0.005,0.884,0.973,0.755,0.245,0.004,0.844,0.924,0.121,0.879,0.852,0.84,0.047
3,"ಒಂದು ಊರಿನಲ್ಲಿ ಭೀಮಣ್ಣ ಏ೦ಬ ಕಟ್ಟಿಗೆ ಮಾರುವವಣಿದ್ದನು. ಆವನು ಪ್ರತಿಧಿನ ಕಾಡಿಘೆ ಹೋಗಿ ಒಣಗಿರುವ ಮರಗಳನ್ನು ಕಡಿದು, ಖಟ್ಟಿಗೆ ಮಾಢುಥ್ಥಿದ್ದನು. ಅವನ್ನು ಉರಿಗೆ ತಂದು ಮಾರಿ ಅಧರಲ್ಲಿ ಬಂಧ ಹಣದಳ್ಲಿ ಜೀವಣ ನಡೆಸುಥ್ತಿದ್ದನು. ಹೀಗೆ ಓಂಧು ಧಿನ ಆಥ ಕೆರೆಯ ದಂಢೆಯ ಮೇಲಿದ್ಧ ಮೇಲಿದ್ಧ ' ಒನಘಿದ ಮರವೊಂದಣ್ನು ಕಢಿಯುತ್ತಿಧ್ದನು. ಆಗ ಅವಣ ಕೈಯಲ್ಲಿಧ್ಧ ಖೊಡಲಿ ಕೃಜಾರಿ ಕೆರೆಯಲ್ಲಿ ಬಿದ್ದು ಹೋಯಿತು. ಅವಣ ಹತ್ತಿರ ಆದೊ೦ದೇ ಕೊಡಲಿಯಿತ್ತು. ಅದು ನೀರಿನಲ್ಲಿ ಬಿತ್ಥು ಎಂದು ಅವನಿಗೆ ಬಹಳ ದುಃಖವಾಯಿತು. ಅಗ ಆವನು, 3 ಪುಠ್ಟ ಕೊಡಳಿ ಹೋಯಿಥಯ್ಕೊ, ಹೊಟ್ಟೆಗೆ ಪೆಟ್ಠು ಆಯಿತಯ್ಯೊ | ಕಷ್ಠ ಕಫ್ಪ ಕಷ್ಟವಯ್ಯೊ, ಶೃಷ್ಟಿಗೊಡೆಯ ಖಾಯವಯ್ಯೊ",woodcutter_story,"ಒಂದು ಊರಿನಲ್ಲಿ ಭೀಮಣ್ಣ ಎ೦ಬ ಕಟ್ಟಿಗೆ ಮಾರುವವನಿದ್ದನು. ಅವನು ಪ್ರತಿದಿನ ಕಾಡಿಗೆ ಹೋಗಿ ಒಣಗಿರುವ ಮರಗಳನ್ನು ಕಡಿದು, ಕಟ್ಟಿಗೆ ಮಾಡುತ್ತಿದ್ದನು. ಅವನ್ನು ಊರಿಗೆ ತಂದು ಮಾರಿ ಅದರಲ್ಲಿ ಬಂದ ಹಣದಲ್ಲಿ ಜೀವನ ನಡೆಸುತ್ತಿದ್ದನು. ಹೀಗೆ ಒಂದು ದಿನ ಆತ ಕೆರೆಯ ದಂಡೆಯ ಮೇಲಿದ್ದ ' ಒಣಗಿದ ಮರವೊಂದನ್ನು ಕಡಿಯುತ್ತಿದ್ದನು. ಆಗ ಅವನ ಕೈಯಲ್ಲಿದ್ದ ಕೊಡಲಿ ಕೃಜಾರಿ ಕೆರೆಯಲ್ಲಿ ಬಿದ್ದು ಹೋಯಿತು. ಅವನ ಹತ್ತಿರ ಅದೊ೦ದೇ ಕೊಡಲಿಯಿತ್ತು. ಅದು ನೀರಿನಲ್ಲಿ ಬಿತ್ತು ಎಂದು ಅವನಿಗೆ ಬಹಳ ದುಃಖವಾಯಿತು. ಆಗ ಅವನು, 3 ಪುಟ್ಟ ಕೊಡಲಿ ಹೋಯಿತಯ್ಕೊ, ಹೊಟ್ಟೆಗೆ ಪೆಟ್ಟು ಆಯಿತಯ್ಯೊ | ಕಷ್ಟ ಕಪ್ಪ ಕಷ್ಟವಯ್ಯೊ, ಸೃಷ್ಟಿಗೊಡೆಯ ಕಾಯವಯ್ಯೊ",0.757,0.243,0.022,0.848,0.973,0.797,0.203,0.014,0.867,0.942,0.103,0.897,0.854,0.811,0.039
4,"ಒಂದು ಉರಿನಲ್ಲಿ ಭೀಮಣ್ಣ ಎ೦ಬ ಖಟ್ಟಿಗೆ ಮಾರುವವನಿದ್ದಣು. ಅವನು ಫ್ರಥಿದಿನ ಕಾಡಿಗೆ ಹೋಗಿ ಒಣಗಿರುವ ಮರಗಳನ್ನು ಕಡಿದು, ಕಠ್ಟಿಗೆ ಮಾಡುತ್ತಿದ್ಧನು. ಅವನ್ನು ಉರಿಗೆ ತಂದು ಮಾರಿ ಆದರಲ್ಳಿ ಬಂದ ಹಣದಲ್ಲಿ ಜೀವನ ನಡೆಶುಥ್ತಿದ್ದನು. ಹೀಗೆ ಒಂದು ದಿನ ಆತ ಖೆರೆಯ ದಂಢೆಯ ಮೇಳಿಧ್ದ ' ಒಣಘಿದ ಮರವೊಂದನ್ನು ಕಡಿಯುತ್ತಿದ್ಧನು. ಆಘ ಆವಣ ಕೈಯಲ್ಲಿದ್ದ ಕೊಡಲಿ ಕೃಜಾರಿ ಕೆರೆಯಲ್ಲಿ ಬಿಧ್ದು ಹೋಯಿಥು. ಅವನ ಹಥ್ತಿರ ಅದೊ೦ದೇ ಕೊಡಲಿಯಿತ್ಥು. ಅದು ನೀರಿನಲ್ಲಿ ಬಿತ್ತು ಏಂಧು ಅವನಿಗೆ ಬಹಳ ದುಃಖವಾಯಿತು. ಅಗ ಅವನು, 3 ಪುಠ್ಟ ಕೊಡಲಿ ಹೋಯಿತಯ್ಕೊ, ಹೊಟ್ಠೆಗೆ ಫೆಠ್ಟು ಆಯಿತಯ್ಯೊ | ಕಷ್ಟ ಕಪ್ಪ ಖಷ್ಠವಯ್ಯೊ, ಸೃಷ್ಟಿಗೊಡೆಯ ಕಾಯವಯ್ಯೊ",woodcutter_story,"ಒಂದು ಊರಿನಲ್ಲಿ ಭೀಮಣ್ಣ ಎ೦ಬ ಕಟ್ಟಿಗೆ ಮಾರುವವನಿದ್ದನು. ಅವನು ಪ್ರತಿದಿನ ಕಾಡಿಗೆ ಹೋಗಿ ಒಣಗಿರುವ ಮರಗಳನ್ನು ಕಡಿದು, ಕಟ್ಟಿಗೆ ಮಾಡುತ್ತಿದ್ದನು. ಅವನ್ನು ಊರಿಗೆ ತಂದು ಮಾರಿ ಅದರಲ್ಲಿ ಬಂದ ಹಣದಲ್ಲಿ ಜೀವನ ನಡೆಸುತ್ತಿದ್ದನು. ಹೀಗೆ ಒಂದು ದಿನ ಆತ ಕೆರೆಯ ದಂಡೆಯ ಮೇಲಿದ್ದ ' ಒಣಗಿದ ಮರವೊಂದನ್ನು ಕಡಿಯುತ್ತಿದ್ದನು. ಆಗ ಅವನ ಕೈಯಲ್ಲಿದ್ದ ಕೊಡಲಿ ಕೃಜಾರಿ ಕೆರೆಯಲ್ಲಿ ಬಿದ್ದು ಹೋಯಿತು. ಅವನ ಹತ್ತಿರ ಅದೊ೦ದೇ ಕೊಡಲಿಯಿತ್ತು. ಅದು ನೀರಿನಲ್ಲಿ ಬಿತ್ತು ಎಂದು ಅವನಿಗೆ ಬಹಳ ದುಃಖವಾಯಿತು. ಆಗ ಅವನು, 3 ಪುಟ್ಟ ಕೊಡಲಿ ಹೋಯಿತಯ್ಕೊ, ಹೊಟ್ಟೆಗೆ ಪೆಟ್ಟು ಆಯಿತಯ್ಯೊ | ಕಷ್ಟ ಕಪ್ಪ ಕಷ್ಟವಯ್ಯೊ, ಸೃಷ್ಟಿಗೊಡೆಯ ಕಾಯವಯ್ಯೊ",0.818,0.182,0.0,0.859,0.983,0.827,0.173,0.0,0.706,0.947,0.122,0.878,0.851,0.826,0.046
5,"ಒಂಧು ಊರಿಣಲ್ಲಿ ಬೀಮಣ್ಣ ಏ೦ಭ ಕಟ್ಟಿಗೆ ಮಾರುವವನಿದ್ಧನು. ಆವನು ಫ್ರಥಿದಿನ ಕಾಡಿಘೆ ಹೋಘಿ ಓಣಗಿರುವ ಮರಗಳನ್ಣು ಕಡಿದು, ಕಟ್ಠಿಗೆ ಮಾಡುತ್ಥಿದ್ದನು. ಅವಣ್ನು ಊರಿಘೆ ತಂಧು ಮಾರಿ ಆದರಲ್ಲಿ ಭಂದ ಹಣಧಳ್ಲಿ ಹಣಧಳ್ಲಿ ಜೀವಣ ನಡೆಶುತ್ಥಿದ್ಧನು. ಹೀಘೆ ಒಂದು ಧಿಣ ಆತ ಕೆರೆಯ ದಂಡೆಯ ಮೇಲಿದ್ಧ ' ಒಣಗಿಧ ಮರವೊಂಧನ್ನು ಕಡಿಯುತ್ತಿದ್ದನು. ಅಗ ಅವನ ಖೈಯಳ್ಲಿಧ್ಧ ಕೊಢಲಿ ಖೃಜಾರಿ ಕೆರೆಯಲ್ಲಿ ಬಿದ್ಧು ಹೋಯಿತು. ಅವನ ಹಥ್ತಿರ ಆದೊ೦ದೇ ಉಳಿಯಿತ್ತು. ಆದು ನೀರಿನಲ್ಲಿ ಬಿತ್ತು ಎಂದು ಅವನಿಗೆ ಬಹಲ ಧುಃಖವಾಯಿತು. ಆಗ ಅವನು, 3 ಪುಟ್ಠ ಕೊಡಲಿ ಹೋಯಿತಯ್ಖೊ, ಹೊಟ್ಟೆಗೆ ಫೆಟ್ಟು ಆಯಿತಯ್ಯೊ | ಕಷ್ಠ ಕಫ್ಫ ಖಷ್ಠವಯ್ಯೊ, ಸೃಷ್ಠಿಘೊಡೆಯ ಕಾಯವಯ್ಯೊ",woodcutter_story,"ಒಂದು ಊರಿನಲ್ಲಿ ಭೀಮಣ್ಣ ಎ೦ಬ ಕಟ್ಟಿಗೆ ಮಾರುವವನಿದ್ದನು. ಅವನು ಪ್ರತಿದಿನ ಕಾಡಿಗೆ ಹೋಗಿ ಒಣಗಿರುವ ಮರಗಳನ್ನು ಕಡಿದು, ಕಟ್ಟಿಗೆ ಮಾಡುತ್ತಿದ್ದನು. ಅವನ್ನು ಊರಿಗೆ ತಂದು ಮಾರಿ ಅದರಲ್ಲಿ ಬಂದ ಹಣದಲ್ಲಿ ಜೀವನ ನಡೆಸುತ್ತಿದ್ದನು. ಹೀಗೆ ಒಂದು ದಿನ ಆತ ಕೆರೆಯ ದಂಡೆಯ ಮೇಲಿದ್ದ ' ಒಣಗಿದ ಮರವೊಂದನ್ನು ಕಡಿಯುತ್ತಿದ್ದನು. ಆಗ ಅವನ ಕೈಯಲ್ಲಿದ್ದ ಕೊಡಲಿ ಕೃಜಾರಿ ಕೆರೆಯಲ್ಲಿ ಬಿದ್ದು ಹೋಯಿತು. ಅವನ ಹತ್ತಿರ ಅದೊ೦ದೇ ಕೊಡಲಿಯಿತ್ತು. ಅದು ನೀರಿನಲ್ಲಿ ಬಿತ್ತು ಎಂದು ಅವನಿಗೆ ಬಹಳ ದುಃಖವಾಯಿತು. ಆಗ ಅವನು, 3 ಪುಟ್ಟ ಕೊಡಲಿ ಹೋಯಿತಯ್ಕೊ, ಹೊಟ್ಟೆಗೆ ಪೆಟ್ಟು ಆಯಿತಯ್ಯೊ | ಕಷ್ಟ ಕಪ್ಪ ಕಷ್ಟವಯ್ಯೊ, ಸೃಷ್ಟಿಗೊಡೆಯ ಕಾಯವಯ್ಯೊ",0.692,0.308,0.005,0.822,0.959,0.667,0.333,0.014,0.882,0.871,0.104,0.896,0.852,0.772,0.038
6,"ಒಂದು ಉರಿನಲ್ಲಿ ಬೀಮಣ್ನ ಎ೦ಬ ಖಟ್ಟಿಗೆ ಮಾರುವವನಿದ್ದನು. ಅವನು ಫ್ರಥಿಧಿನ ಕಾಡಿಗೆ ಹೋಗಿ ಓಣಗಿರುವ ಮರಗಳನ್ನು ಖಡಿದು, ಕಟ್ಠಿಗೆ ಮಾಡುತ್ಥಿದ್ದಣು. ಅವನ್ಣು ಊರಿಗೆ ತಂದು ಮಾರಿ ಅದರಲ್ಲಿ ಭಂದ ಹನದಲ್ಲಿ ಜೀವನ ನಢೆಸುಥ್ತಿದ್ದನು. ಹೀಗೆ ಒಂದು ಧಿನ ಆತ ಕೆರೆಯ ದಂಡೆಯ ಮೇಲಿದ್ದ ' ಒಣಗಿದ ಮರವೊಂದಣ್ನು ಕಡಿಯುಥ್ತಿದ್ದನು. ಆಘ ಅವನ ಕೈಯಲ್ಲಿಧ್ಧ ಕೊಡಲಿ ಕೃಜಾರಿ ಖೆರೆಯಲ್ಲಿ ಭಿದ್ದು ಹೋಯಿತು. ಆವನ ಹಥ್ತಿರ ಅದೊ೦ದೇ ಕೊಢಲಿಯಿತ್ತು. ಆದು ನೀರಿನಲ್ಲಿ ಬಿಥ್ತು ಎಂದು ಆವನಿಗೆ ಬಹಳ ದುಃಖವಾಯಿಥು. ಆಗ ಅವನು, 3 ಪುಟ್ಟ ಕೊಡಲಿ ಹೋಯಿತಯ್ಕೊ, ಹೊಠ್ಟೆಗೆ ಫೆಟ್ಟು ಆಯಿತಯ್ಯೊ | ಕಷ್ಟ ಕಪ್ಫ ಕಷ್ಠವಯ್ಯೊ, ಸೃಷ್ಟಿಗೊಡೆಯ ಕಾಯವಯ್ಯೊ",woodcutter_story,"ಒಂದು ಊರಿನಲ್ಲಿ ಭೀಮಣ್ಣ ಎ೦ಬ ಕಟ್ಟಿಗೆ ಮಾರುವವನಿದ್ದನು. ಅವನು ಪ್ರತಿದಿನ ಕಾಡಿಗೆ ಹೋಗಿ ಒಣಗಿರುವ ಮರಗಳನ್ನು ಕಡಿದು, ಕಟ್ಟಿಗೆ ಮಾಡುತ್ತಿದ್ದನು. ಅವನ್ನು ಊರಿಗೆ ತಂದು ಮಾರಿ ಅದರಲ್ಲಿ ಬಂದ ಹಣದಲ್ಲಿ ಜೀವನ ನಡೆಸುತ್ತಿದ್ದನು. ಹೀಗೆ ಒಂದು ದಿನ ಆತ ಕೆರೆಯ ದಂಡೆಯ ಮೇಲಿದ್ದ ' ಒಣಗಿದ ಮರವೊಂದನ್ನು ಕಡಿಯುತ್ತಿದ್ದನು. ಆಗ ಅವನ ಕೈಯಲ್ಲಿದ್ದ ಕೊಡಲಿ ಕೃಜಾರಿ ಕೆರೆಯಲ್ಲಿ ಬಿದ್ದು ಹೋಯಿತು. ಅವನ ಹತ್ತಿರ ಅದೊ೦ದೇ ಕೊಡಲಿಯಿತ್ತು. ಅದು ನೀರಿನಲ್ಲಿ ಬಿತ್ತು ಎಂದು ಅವನಿಗೆ ಬಹಳ ದುಃಖವಾಯಿತು. ಆಗ ಅವನು, 3 ಪುಟ್ಟ ಕೊಡಲಿ ಹೋಯಿತಯ್ಕೊ, ಹೊಟ್ಟೆಗೆ ಪೆಟ್ಟು ಆಯಿತಯ್ಯೊ | ಕಷ್ಟ ಕಪ್ಪ ಕಷ್ಟವಯ್ಯೊ, ಸೃಷ್ಟಿಗೊಡೆಯ ಕಾಯವಯ್ಯೊ",0.801,0.199,0.0,0.868,0.981,0.801,0.199,0.0,0.783,0.941,0.11,0.89,0.851,0.724,0.038
7,"ಒಂದು ಊರಿನಲ್ಲಿ ಭೀಮಣ್ನ ಎ೦ಬ ಕಟ್ಟಿಘೆ ಮಾರುವವನಿದ್ದಣು. ಆವಣು ಪ್ರತಿದಿನ ಖಾಡಿಗೆ ಹೋಗಿ ಒನಗಿರುವ ಮರಘಳನ್ನು ಕಡಿದು, ಕಟ್ಠಿಗೆ ಮಾಡುತ್ಥಿಧ್ದನು. ಅವನ್ನು ಊರಿಗೆ ತಂಧು ಮಾರಿ ಅಧರಲ್ಲಿ ಬಂದ ಹನದಲ್ಲಿ ಜೀವಣ ಣಡೆಸುತ್ತಿದ್ದನು. ಹೀಗೆ ಒಂದು ದಿನ ಅತ ಕೆರೆಯ ದಂಡೆಯ ಮೇಲಿದ್ದ ' ಒಣಗಿದ ಮರವೊಂದನ್ನು ಖಡಿಯುತ್ತಿದ್ಧನು. ಆಗ ಅವನ ಕೈಯಲ್ಲಿದ್ದ ಕೊಡಲಿ ಕೃಜಾರಿ ಕೆರೆಯಲ್ಲಿ ಬಿದ್ದು ಹೋಯಿತು. ಅವಣ ಹಥ್ತಿರ ಅದೊ೦ದೇ ಕೊಡಳಿಯಿಥ್ತು. ಆದು ನೀರಿನಲ್ಲಿ ಬಿಥ್ತು ಎಂದು ಅವನಿಗೆ ಭಹಲ ಧುಃಖವಾಯಿತು. ಅಘ ಅವಣು, 3 ಪುಠ್ಟ ಕೊಡಲಿ ಹೋಯಿತಯ್ಕೊ, ಹೊಟ್ಠೆಗೆ ಪೆಟ್ಟು ಆಯಿಥಯ್ಯೊ | ಖಷ್ಟ ಕಪ್ಫ ಕಷ್ಟವಯ್ಯೊ, ಸೃಷ್ಟಿಘೊಡೆಯ ಖಾಯವಯ್ಯೊ",woodcutter_story,"ಒಂದು ಊರಿನಲ್ಲಿ ಭೀಮಣ್ಣ ಎ೦ಬ ಕಟ್ಟಿಗೆ ಮಾರುವವನಿದ್ದನು. ಅವನು ಪ್ರತಿದಿನ ಕಾಡಿಗೆ ಹೋಗಿ ಒಣಗಿರುವ ಮರಗಳನ್ನು ಕಡಿದು, ಕಟ್ಟಿಗೆ ಮಾಡುತ್ತಿದ್ದನು. ಅವನ್ನು ಊರಿಗೆ ತಂದು ಮಾರಿ ಅದರಲ್ಲಿ ಬಂದ ಹಣದಲ್ಲಿ ಜೀವನ ನಡೆಸುತ್ತಿದ್ದನು. ಹೀಗೆ ಒಂದು ದಿನ ಆತ ಕೆರೆಯ ದಂಡೆಯ ಮೇಲಿದ್ದ ' ಒಣಗಿದ ಮರವೊಂದನ್ನು ಕಡಿಯುತ್ತಿದ್ದನು. ಆಗ ಅವನ ಕೈಯಲ್ಲಿದ್ದ ಕೊಡಲಿ ಕೃಜಾರಿ ಕೆರೆಯಲ್ಲಿ ಬಿದ್ದು ಹೋಯಿತು. ಅವನ ಹತ್ತಿರ ಅದೊ೦ದೇ ಕೊಡಲಿಯಿತ್ತು. ಅದು ನೀರಿನಲ್ಲಿ ಬಿತ್ತು ಎಂದು ಅವನಿಗೆ ಬಹಳ ದುಃಖವಾಯಿತು. ಆಗ ಅವನು, 3 ಪುಟ್ಟ ಕೊಡಲಿ ಹೋಯಿತಯ್ಕೊ, ಹೊಟ್ಟೆಗೆ ಪೆಟ್ಟು ಆಯಿತಯ್ಯೊ | ಕಷ್ಟ ಕಪ್ಪ ಕಷ್ಟವಯ್ಯೊ, ಸೃಷ್ಟಿಗೊಡೆಯ ಕಾಯವಯ್ಯೊ",0.807,0.193,0.0,0.806,0.981,0.835,0.165,0.0,0.827,0.954,0.122,0.878,0.851,0.928,0.052
8,"ಒಂದು ಊರಿನಲ್ಲಿ ಭೀಮನ್ಣ ಏ೦ಬ ಕಠ್ಟಿಗೆ ಮಾರುವವನಿದ್ಧನು. ಅವನು ಫ್ರತಿದಿನ ಕಾಡಿಗೆ ಹೋಗಿ ಓನಘಿರುವ ಮರಗಳನ್ಣು ಕಢಿದು, ಕಟ್ಟಿಗೆ ಮಾಢುತ್ತಿದ್ದನು. ಅವನ್ಣು ಊರಿಗೆ ತಂದು ಮಾರಿ ಅದರಲ್ಲಿ ಬಂದ ಹಣದಳ್ಲಿ ಜೀವನ ನಡೆಸುಥ್ಥಿದ್ದನು. ಹೀಘೆ ಒಂದು ಒಂದು ದಿನ ಅಥ ಕೆರೆಯ ದಂಡೆಯ ಮೇಲಿಧ್ದ ' ಒಣಘಿದ ಮರವೊಂಧನ್ನು ಖಡಿಯುತ್ತಿಧ್ದನು. ಆಘ ಅವಣ ಕೈಯಲ್ಲಿದ್ದ ಖೊಡಲಿ ಕೃಜಾರಿ ಕೆರೆಯಲ್ಲಿ ಬಿಧ್ದು ಹೋಯಿತು. ಅವನ ಹತ್ತಿರ ಅದೊ೦ಧೇ ಕೊಡಲಿಯಿತ್ತು. ಅದು ನೀರಿನಲ್ಲಿ ಭಿಥ್ಥು ಎಂದು ಆವನಿಘೆ ಬಹಳ ದುಃಖವಾಯಿಥು. ಆಘ ಅವನು, 3 ಪುಟ್ಠ ಕೊಢಲಿ ಹೋಯಿಥಯ್ಕೊ, ಹೊಟ್ಟೆಘೆ ಫೆಟ್ಟು ಆಯಿಥಯ್ಯೊ | ಕಷ್ಟ ಕಪ್ಪ ಖಷ್ಠವಯ್ಯೊ, ಶೃಷ್ಟಿಗೊಢೆಯ ಕಾಯವಯ್ಯೊ",woodcutter_story,"ಒಂದು ಊರಿನಲ್ಲಿ ಭೀಮಣ್ಣ ಎ೦ಬ ಕಟ್ಟಿಗೆ ಮಾರುವವನಿದ್ದನು. ಅವನು ಪ್ರತಿದಿನ ಕಾಡಿಗೆ ಹೋಗಿ ಒಣಗಿರುವ ಮರಗಳನ್ನು ಕಡಿದು, ಕಟ್ಟಿಗೆ ಮಾಡುತ್ತಿದ್ದನು. ಅವನ್ನು ಊರಿಗೆ ತಂದು ಮಾರಿ ಅದರಲ್ಲಿ ಬಂದ ಹಣದಲ್ಲಿ ಜೀವನ ನಡೆಸುತ್ತಿದ್ದನು. ಹೀಗೆ ಒಂದು ದಿನ ಆತ ಕೆರೆಯ ದಂಡೆಯ ಮೇಲಿದ್ದ ' ಒಣಗಿದ ಮರವೊಂದನ್ನು ಕಡಿಯುತ್ತಿದ್ದನು. ಆಗ ಅವನ ಕೈಯಲ್ಲಿದ್ದ ಕೊಡಲಿ ಕೃಜಾರಿ ಕೆರೆಯಲ್ಲಿ ಬಿದ್ದು ಹೋಯಿತು. ಅವನ ಹತ್ತಿರ ಅದೊ೦ದೇ ಕೊಡಲಿಯಿತ್ತು. ಅದು ನೀರಿನಲ್ಲಿ ಬಿತ್ತು ಎಂದು ಅವನಿಗೆ ಬಹಳ ದುಃಖವಾಯಿತು. ಆಗ ಅವನು, 3 ಪುಟ್ಟ ಕೊಡಲಿ ಹೋಯಿತಯ್ಕೊ, ಹೊಟ್ಟೆಗೆ ಪೆಟ್ಟು ಆಯಿತಯ್ಯೊ | ಕಷ್ಟ ಕಪ್ಪ ಕಷ್ಟವಯ್ಯೊ, ಸೃಷ್ಟಿಗೊಡೆಯ ಕಾಯವಯ್ಯೊ",0.76,0.24,0.011,0.902,0.976,0.767,0.233,0.011,0.823,0.928,0.12,0.88,0.852,0.815,0.045
9,"ಒಂದು ಊರಿನಲ್ಲಿ ಭೀಮಣ್ಣ ಎ೦ಬ ಖಟ್ಟಿಗೆ ಮಾರುವವನಿದ್ದನು. ಅವಣು ಪ್ರಥಿದಿನ ಕಾಡಿಗೆ ಹೋಘಿ ಒಣಗಿರುವ ಮರಗಲನ್ನು ಕಡಿಧು, ಕಠ್ಠಿಗೆ ಮಾಢುತ್ತಿದ್ಧನು. ಅವನ್ನು ಊರಿಗೆ ಥಂದು ಮಾರಿ ಅದರಲ್ಳಿ ಬಂಧ ಹನಧಲ್ಲಿ ಜೀವನ ನಡೆಶುತ್ತಿದ್ಧನು. ಹೀಘೆ ಓಂಧು ದಿನ ಆತ ಖೆರೆಯ ದಂಡೆಯ ಮೇಳಿದ್ದ ' ಓಣಘಿಧ ಮರವೊಂದನ್ನು ಖಡಿಯುತ್ತಿದ್ದನು. ಆಗ ಅವಣ ಕೈಯಲ್ಲಿಧ್ದ ಕೊಡಲಿ ಕೃಜಾರಿ ಕೆರೆಯಲ್ಲಿ ಬಿಧ್ದು ಹೋಯಿತು. ಆವನ ಹತ್ತಿರ ಅದೊ೦ದೇ ಉಳಿಯಿತ್ಥು. ಅದು ನೀರಿನಳ್ಲಿ ಬಿಥ್ತು ಎಂದು ಅವನಿಘೆ ಬಹಳ ದುಃಖವಾಯಿತು. ಅಗ ಆವನು, 3 ಪುಠ್ಟ ಕೊಡಲಿ ಹೋಯಿಥಯ್ಕೊ, ಹೊಟ್ಟೆಘೆ ಪೆಟ್ಠು ಆಯಿತಯ್ಯೊ | ಕಷ್ಟ ಖಪ್ಪ ಖಷ್ಟವಯ್ಯೊ, ಶೃಷ್ಟಿಗೊಡೆಯ ಕಾಯವಯ್ಯೊ",woodcutter_story,"ಒಂದು ಊರಿನಲ್ಲಿ ಭೀಮಣ್ಣ ಎ೦ಬ ಕಟ್ಟಿಗೆ ಮಾರುವವನಿದ್ದನು. ಅವನು ಪ್ರತಿದಿನ ಕಾಡಿಗೆ ಹೋಗಿ ಒಣಗಿರುವ ಮರಗಳನ್ನು ಕಡಿದು, ಕಟ್ಟಿಗೆ ಮಾಡುತ್ತಿದ್ದನು. ಅವನ್ನು ಊರಿಗೆ ತಂದು ಮಾರಿ ಅದರಲ್ಲಿ ಬಂದ ಹಣದಲ್ಲಿ ಜೀವನ ನಡೆಸುತ್ತಿದ್ದನು. ಹೀಗೆ ಒಂದು ದಿನ ಆತ ಕೆರೆಯ ದಂಡೆಯ ಮೇಲಿದ್ದ ' ಒಣಗಿದ ಮರವೊಂದನ್ನು ಕಡಿಯುತ್ತಿದ್ದನು. ಆಗ ಅವನ ಕೈಯಲ್ಲಿದ್ದ ಕೊಡಲಿ ಕೃಜಾರಿ ಕೆರೆಯಲ್ಲಿ ಬಿದ್ದು ಹೋಯಿತು. ಅವನ ಹತ್ತಿರ ಅದೊ೦ದೇ ಕೊಡಲಿಯಿತ್ತು. ಅದು ನೀರಿನಲ್ಲಿ ಬಿತ್ತು ಎಂದು ಅವನಿಗೆ ಬಹಳ ದುಃಖವಾಯಿತು. ಆಗ ಅವನು, 3 ಪುಟ್ಟ ಕೊಡಲಿ ಹೋಯಿತಯ್ಕೊ, ಹೊಟ್ಟೆಗೆ ಪೆಟ್ಟು ಆಯಿತಯ್ಯೊ | ಕಷ್ಟ ಕಪ್ಪ ಕಷ್ಟವಯ್ಯೊ, ಸೃಷ್ಟಿಗೊಡೆಯ ಕಾಯವಯ್ಯೊ",0.762,0.238,0.006,0.76,0.973,0.79,0.21,0.004,0.806,0.938,0.133,0.867,0.85,0.885,0.054
10,"ಒಂದು ಊರಿನಲ್ಳಿ ಭೀಮಣ್ಣ ಎ೦ಬ ಕಟ್ಟಿಗೆ ಮಾರುವವನಿದ್ದನು. ಅವನು ಪ್ರತಿದಿನ ಕಾಡಿಗೆ ಹೋಗಿ ಒಣಗಿರುವ ಮರಗಳನ್ನು ಖಡಿಧು, ಕಠ್ಠಿಗೆ ಮಾಡುಥ್ತಿದ್ದನು. ಆವನ್ನು ಊರಿಗೆ ತಂಧು ಮಾರಿ ಆದರಲ್ಲಿ ಬಂದ ಹನದಲ್ಳಿ ಝೀವಣ ನಡೆಸುತ್ತಿದ್ದನು. ಹೀಗೆ ಒಂಧು ದಿನ ಆತ ಕೆರೆಯ ದಂಢೆಯ ಮೇಲಿದ್ದ ' ಒಣಗಿದ ಮರವೊಂದನ್ನು ಖಡಿಯುತ್ತಿದ್ದನು. ಅಘ ಆವನ ಕೈಯಲ್ಲಿದ್ಧ ಕೊಡಲಿ ಕೃಜಾರಿ ಕೆರೆಯಲ್ಲಿ ಬಿದ್ದು ಹೋಯಿತು. ಆವಣ ಹತ್ಥಿರ ಆದೊ೦ದೇ ಉಳಿಯಿತ್ತು. ಅದು ನೀರಿಣಲ್ಳಿ ಭಿತ್ತು ಎಂದು ಆವನಿಗೆ ಬಹಳ ದುಃಖವಾಯಿತು. ಆಗ ಅವನು, 3 ಪುಟ್ಟ ಕೊಢಲಿ ಹೋಯಿಥಯ್ಖೊ, ಹೊಟ್ಟೆಗೆ ಫೆಟ್ಟು ಆಯಿತಯ್ಯೊ | | ಕಷ್ಟ ಕಫ್ಪ ಕಷ್ಟವಯ್ಯೊ, ಸೃಷ್ಟಿಗೊಡೆಯ ಕಾಯವಯ್ಯೊ",woodcutter_story,"ಒಂದು ಊರಿನಲ್ಲಿ ಭೀಮಣ್ಣ ಎ೦ಬ ಕಟ್ಟಿಗೆ ಮಾರುವವನಿದ್ದನು. ಅವನು ಪ್ರತಿದಿನ ಕಾಡಿಗೆ ಹೋಗಿ ಒಣಗಿರುವ ಮರಗಳನ್ನು ಕಡಿದು, ಕಟ್ಟಿಗೆ ಮಾಡುತ್ತಿದ್ದನು. ಅವನ್ನು ಊರಿಗೆ ತಂದು ಮಾರಿ ಅದರಲ್ಲಿ ಬಂದ ಹಣದಲ್ಲಿ ಜೀವನ ನಡೆಸುತ್ತಿದ್ದನು. ಹೀಗೆ ಒಂದು ದಿನ ಆತ ಕೆರೆಯ ದಂಡೆಯ ಮೇಲಿದ್ದ ' ಒಣಗಿದ ಮರವೊಂದನ್ನು ಕಡಿಯುತ್ತಿದ್ದನು. ಆಗ ಅವನ ಕೈಯಲ್ಲಿದ್ದ ಕೊಡಲಿ ಕೃಜಾರಿ ಕೆರೆಯಲ್ಲಿ ಬಿದ್ದು ಹೋಯಿತು. ಅವನ ಹತ್ತಿರ ಅದೊ೦ದೇ ಕೊಡಲಿಯಿತ್ತು. ಅದು ನೀರಿನಲ್ಲಿ ಬಿತ್ತು ಎಂದು ಅವನಿಗೆ ಬಹಳ ದುಃಖವಾಯಿತು. ಆಗ ಅವನು, 3 ಪುಟ್ಟ ಕೊಡಲಿ ಹೋಯಿತಯ್ಕೊ, ಹೊಟ್ಟೆಗೆ ಪೆಟ್ಟು ಆಯಿತಯ್ಯೊ | ಕಷ್ಟ ಕಪ್ಪ ಕಷ್ಟವಯ್ಯೊ, ಸೃಷ್ಟಿಗೊಡೆಯ ಕಾಯವಯ್ಯೊ",0.818,0.182,0.006,0.817,0.982,0.816,0.184,0.0,0.888,0.951,0.144,0.856,0.85,0.87,0.058
11,"ಒಂದು ಊರಿನಲ್ಲಿ ಭೀಮನ್ಣ ಎ೦ಭ ಕಟ್ಟಿಗೆ ಮಾರುವವನಿದ್ದನು. ಆವನು ಪ್ರತಿದಿನ ಕಾಡಿಗೆ ಹೋಗಿ ಒಣಗಿರುವ ಮರಘಳನ್ನು ಕಡಿದು, ಕಟ್ಟಿಗೆ ಮಾಡುತ್ಥಿದ್ದಣು. ಆವನ್ನು ಊರಿಗೆ ತಂಧು ಮಾರಿ ಆಧರಲ್ಲಿ ಬಂದ ಹಣದಲ್ಳಿ ಜೀವಣ ನಡೆಸುಥ್ತಿಧ್ದನು. ಹೀಘೆ ಒಂದು ಧಿನ ಆಥ ಕೆರೆಯ ದಂಡೆಯ ಮೇಲಿಧ್ದ ' ಒಣಗಿದ ಮರವೊಂದಣ್ನು ಕಡಿಯುಥ್ತಿಧ್ದನು. ಆಗ ಅವನ ಖೈಯಲ್ಲಿದ್ದ ಕೊಢಲಿ ಕೃಜಾರಿ ಕೆರೆಯಲ್ಳಿ ಬಿದ್ದು ಹೋಯಿತು. ಅವನ ಹತ್ತಿರ ಅದೊ೦ದೇ ಉಳಿಯಿಥ್ತು. ಅದು ಣೀರಿನಲ್ಳಿ ಬಿತ್ಥು ಎಂಧು ಆವನಿಘೆ ಬಹಳ ದುಃಖವಾಯಿತು. ಆಗ ಅವಣು, 3 ಫುಟ್ಠ ಕೊಡಲಿ ಹೋಯಿತಯ್ಕೊ, ಹೊಟ್ಟೆಗೆ ಪೆಟ್ಠು ಆಯಿತಯ್ಯೊ | ಕಷ್ಟ ಕಫ್ಪ ಕಷ್ಟವಯ್ಯೊ, ಸೃಷ್ಟಿಗೊಡೆಯ ಕಾಯವಯ್ಯೊ",woodcutter_story,"ಒಂದು ಊರಿನಲ್ಲಿ ಭೀಮಣ್ಣ ಎ೦ಬ ಕಟ್ಟಿಗೆ ಮಾರುವವನಿದ್ದನು. ಅವನು ಪ್ರತಿದಿನ ಕಾಡಿಗೆ ಹೋಗಿ ಒಣಗಿರುವ ಮರಗಳನ್ನು ಕಡಿದು, ಕಟ್ಟಿಗೆ ಮಾಡುತ್ತಿದ್ದನು. ಅವನ್ನು ಊರಿಗೆ ತಂದು ಮಾರಿ ಅದರಲ್ಲಿ ಬಂದ ಹಣದಲ್ಲಿ ಜೀವನ ನಡೆಸುತ್ತಿದ್ದನು. ಹೀಗೆ ಒಂದು ದಿನ ಆತ ಕೆರೆಯ ದಂಡೆಯ ಮೇಲಿದ್ದ ' ಒಣಗಿದ ಮರವೊಂದನ್ನು ಕಡಿಯುತ್ತಿದ್ದನು. ಆಗ ಅವನ ಕೈಯಲ್ಲಿದ್ದ ಕೊಡಲಿ ಕೃಜಾರಿ ಕೆರೆಯಲ್ಲಿ ಬಿದ್ದು ಹೋಯಿತು. ಅವನ ಹತ್ತಿರ ಅದೊ೦ದೇ ಕೊಡಲಿಯಿತ್ತು. ಅದು ನೀರಿನಲ್ಲಿ ಬಿತ್ತು ಎಂದು ಅವನಿಗೆ ಬಹಳ ದುಃಖವಾಯಿತು. ಆಗ ಅವನು, 3 ಪುಟ್ಟ ಕೊಡಲಿ ಹೋಯಿತಯ್ಕೊ, ಹೊಟ್ಟೆಗೆ ಪೆಟ್ಟು ಆಯಿತಯ್ಯೊ | ಕಷ್ಟ ಕಪ್ಪ ಕಷ್ಟವಯ್ಯೊ, ಸೃಷ್ಟಿಗೊಡೆಯ ಕಾಯವಯ್ಯೊ",0.796,0.204,0.006,0.776,0.978,0.776,0.224,0.004,0.922,0.937,0.133,0.867,0.85,0.761,0.048
12,"ಒಂದು ಊರಿನಲ್ಲಿ ಭೀಮಣ್ಣ ಎ೦ಬ ಖಟ್ಟಿಘೆ ಮಾರುವವನಿದ್ಧಣು. ಅವನು ಫ್ರತಿದಿನ ಕಾಢಿಗೆ ಹೋಗಿ ಒಣಗಿರುವ ಮರಘಲನ್ನು ಕಡಿದು, ಕಟ್ಟಿಗೆ ಮಾಡುತ್ಥಿದ್ದನು. ಅವನ್ನು ಊರಿಗೆ ಥಂದು ಮಾರಿ ಅಧರಳ್ಲಿ ಭಂಧ ಹನದಲ್ಳಿ ಜೀವನ ನಡೆಸುತ್ತಿದ್ದನು. ಹೀಗೆ ಒಂಧು ದಿನ ಅಥ ಕೆರೆಯ ದಂಡೆಯ ಮೇಲಿದ್ದ ' ಒಣಗಿದ ಮರವೊಂದನ್ನು ಕಡಿಯುತ್ತಿದ್ದನು. ಆಗ ಅವಣ ಕೈಯಳ್ಲಿಧ್ಧ ಕೊಡಲಿ ಕೃಝಾರಿ ಕೆರೆಯಲ್ಳಿ ಬಿಧ್ದು ಹೋಯಿಥು. ಅವನ ಹತ್ತಿರ ಅಧೊ೦ದೇ ಕೊಡಲಿಯಿತ್ತು. ಅಧು ಣೀರಿನಲ್ಲಿ ಬಿತ್ತು ಎಂದು ಅವನಿಗೆ ಬಹಳ ದುಃಖವಾಯಿತು. ಆಗ ಅವನು, 3 ಪುಟ್ಟ ಖೊಡಲಿ ಹೋಯಿತಯ್ಕೊ, ಹೊಠ್ಟೆಗೆ ಫೆಟ್ಟು ಆಯಿತಯ್ಯೊ | ಕಷ್ಟ ಖಪ್ಪ ಕಷ್ಠವಯ್ಯೊ, ಸೃಷ್ಠಿಗೊಡೆಯ ಕಾಯವಯ್ಯೊ",woodcutter_story,"ಒಂದು ಊರಿನಲ್ಲಿ ಭೀಮಣ್ಣ ಎ೦ಬ ಕಟ್ಟಿಗೆ ಮಾರುವವನಿದ್ದನು. ಅವನು ಪ್ರತಿದಿನ ಕಾಡಿಗೆ ಹೋಗಿ ಒಣಗಿರುವ ಮರಗಳನ್ನು ಕಡಿದು, ಕಟ್ಟಿಗೆ ಮಾಡುತ್ತಿದ್ದನು. ಅವನ್ನು ಊರಿಗೆ ತಂದು ಮಾರಿ ಅದರಲ್ಲಿ ಬಂದ ಹಣದಲ್ಲಿ ಜೀವನ ನಡೆಸುತ್ತಿದ್ದನು. ಹೀಗೆ ಒಂದು ದಿನ ಆತ ಕೆರೆಯ ದಂಡೆಯ ಮೇಲಿದ್ದ ' ಒಣಗಿದ ಮರವೊಂದನ್ನು ಕಡಿಯುತ್ತಿದ್ದನು. ಆಗ ಅವನ ಕೈಯಲ್ಲಿದ್ದ ಕೊಡಲಿ ಕೃಜಾರಿ ಕೆರೆಯಲ್ಲಿ ಬಿದ್ದು ಹೋಯಿತು. ಅವನ ಹತ್ತಿರ ಅದೊ೦ದೇ ಕೊಡಲಿಯಿತ್ತು. ಅದು ನೀರಿನಲ್ಲಿ ಬಿತ್ತು ಎಂದು ಅವನಿಗೆ ಬಹಳ ದುಃಖವಾಯಿತು. ಆಗ ಅವನು, 3 ಪುಟ್ಟ ಕೊಡಲಿ ಹೋಯಿತಯ್ಕೊ, ಹೊಟ್ಟೆಗೆ ಪೆಟ್ಟು ಆಯಿತಯ್ಯೊ | ಕಷ್ಟ ಕಪ್ಪ ಕಷ್ಟವಯ್ಯೊ, ಸೃಷ್ಟಿಗೊಡೆಯ ಕಾಯವಯ್ಯೊ",0.823,0.177,0.0,0.885,0.984,0.835,0.165,0.0,0.933,0.958,0.127,0.873,0.851,0.808,0.048
13,"ಒಂದು ಊರಿನಲ್ಲಿ ಭೀಮಣ್ಣ ಎ೦ಬ ಕಠ್ಟಿಘೆ ಮಾರುವವನಿದ್ದನು. ಆವನು ಫ್ರತಿದಿನ ಕಾಡಿಗೆ ಹೋಗಿ ಒನಗಿರುವ ಮರಗಲಣ್ನು ಖಢಿಧು, ಕಟ್ಟಿಗೆ ಮಾಡುತ್ಥಿದ್ದಣು. ಅವಣ್ನು ಊರಿಗೆ ಥಂಧು ಮಾರಿ ಅದರಳ್ಲಿ ಬಂದ ಹನದಲ್ಲಿ ಜೀವಣ ನಡೆಸುತ್ತಿದ್ದನು. ಹೀಗೆ ಓಂದು ದಿನ ಆಥ ಕೆರೆಯ ದಂಡೆಯ ಮೇಲಿದ್ದ ' ಒನಗಿದ ಮರವೊಂಧನ್ನು ಖಡಿಯುತ್ತಿದ್ದಣು. ಆಗ ಅವನ ಕೈಯಳ್ಲಿದ್ದ ಕೊಡಳಿ ಖೃಝಾರಿ ಕೆರೆಯಲ್ಲಿ ಬಿದ್ದು ಹೋಯಿತು. ಅವನ ಹತ್ತಿರ ಆದೊ೦ದೇ ಕೊಡಲಿಯಿತ್ತು. ಅದು ಣೀರಿನಲ್ಲಿ ಬಿತ್ತು ಎಂದು ಅವನಿಗೆ ಬಹಳ ಧುಃಖವಾಯಿಥು. ಆಗ ಅವಣು, 3 ಪುಟ್ಟ ಖೊಡಲಿ ಹೋಯಿಥಯ್ಕೊ, ಹೊಠ್ಟೆಘೆ ಫೆಠ್ಟು ಆಯಿಥಯ್ಯೊ | ಖಷ್ಟ ಕಪ್ಪ ಖಷ್ಠವಯ್ಯೊ, ಸೃಷ್ಟಿಗೊಡೆಯ ಕಾಯವಯ್ಯೊ",woodcutter_story,"ಒಂದು ಊರಿನಲ್ಲಿ ಭೀಮಣ್ಣ ಎ೦ಬ ಕಟ್ಟಿಗೆ ಮಾರುವವನಿದ್ದನು. ಅವನು ಪ್ರತಿದಿನ ಕಾಡಿಗೆ ಹೋಗಿ ಒಣಗಿರುವ ಮರಗಳನ್ನು ಕಡಿದು, ಕಟ್ಟಿಗೆ ಮಾಡುತ್ತಿದ್ದನು. ಅವನ್ನು ಊರಿಗೆ ತಂದು ಮಾರಿ ಅದರಲ್ಲಿ ಬಂದ ಹಣದಲ್ಲಿ ಜೀವನ ನಡೆಸುತ್ತಿದ್ದನು. ಹೀಗೆ ಒಂದು ದಿನ ಆತ ಕೆರೆಯ ದಂಡೆಯ ಮೇಲಿದ್ದ ' ಒಣಗಿದ ಮರವೊಂದನ್ನು ಕಡಿಯುತ್ತಿದ್ದನು. ಆಗ ಅವನ ಕೈಯಲ್ಲಿದ್ದ ಕೊಡಲಿ ಕೃಜಾರಿ ಕೆರೆಯಲ್ಲಿ ಬಿದ್ದು ಹೋಯಿತು. ಅವನ ಹತ್ತಿರ ಅದೊ೦ದೇ ಕೊಡಲಿಯಿತ್ತು. ಅದು ನೀರಿನಲ್ಲಿ ಬಿತ್ತು ಎಂದು ಅವನಿಗೆ ಬಹಳ ದುಃಖವಾಯಿತು. ಆಗ ಅವನು, 3 ಪುಟ್ಟ ಕೊಡಲಿ ಹೋಯಿತಯ್ಕೊ, ಹೊಟ್ಟೆಗೆ ಪೆಟ್ಟು ಆಯಿತಯ್ಯೊ | ಕಷ್ಟ ಕಪ್ಪ ಕಷ್ಟವಯ್ಯೊ, ಸೃಷ್ಟಿಗೊಡೆಯ ಕಾಯವಯ್ಯೊ",0.773,0.227,0.0,0.819,0.976,0.812,0.188,0.0,0.878,0.949,0.127,0.873,0.851,0.918,0.053
14,"ಒಂಧು ಊರಿನಲ್ಲಿ ಭೀಮಣ್ಣ ಏ೦ಬ ಖಠ್ಟಿಗೆ ಮಾರುವವನಿದ್ದನು. ಆವನು ಪ್ರತಿದಿನ ಖಾಡಿಗೆ ಹೋಘಿ ಒಣಗಿರುವ ಮರಗಳನ್ನು ಖಢಿಧು, ಕಟ್ಟಿಗೆ ಮಾಡುಥ್ಥಿದ್ದನು. ಅವನ್ನು ಊರಿಗೆ ಊರಿಗೆ ತಂದು ಮಾರಿ ಆಧರಲ್ಲಿ ಬಂದ ಹಣದಲ್ಲಿ ಜೀವನ ನಡೆಸುತ್ತಿದ್ದನು. ಹೀಗೆ ಒಂದು ದಿನ ಅತ ಖೆರೆಯ ದಂಡೆಯ ಮೇಲಿದ್ದ ' ಒನಗಿದ ಮರವೊಂದನ್ನು ಖಡಿಯುಥ್ಥಿದ್ದನು. ಆಗ ಅವನ ಕೈಯಲ್ಲಿದ್ಧ ಖೊಡಲಿ ಕೃಝಾರಿ ಕೆರೆಯಲ್ಲಿ ಬಿದ್ದು ಹೋಯಿಥು. ಅವನ ಹಥ್ತಿರ ಅದೊ೦ಧೇ ಕೊಡಲಿಯಿಥ್ಥು. ಅದು ನೀರಿನಲ್ಲಿ ಬಿತ್ತು ಎಂದು ಅವನಿಗೆ ಬಹಲ ದುಃಖವಾಯಿಥು. ಅಗ ಅವನು, 3 ಪುಟ್ಠ ಕೊಡಲಿ ಹೋಯಿಥಯ್ಕೊ, ಹೊಟ್ಟೆಗೆ ಪೆಟ್ಟು ಅಯಿತಯ್ಯೊ | ಕಷ್ಟ ಕಪ್ಪ ಕಷ್ಟವಯ್ಯೊ, ಸೃಷ್ಠಿಗೊಡೆಯ ಕಾಯವಯ್ಯೊ",woodcutter_story,"ಒಂದು ಊರಿನಲ್ಲಿ ಭೀಮಣ್ಣ ಎ೦ಬ ಕಟ್ಟಿಗೆ ಮಾರುವವನಿದ್ದನು. ಅವನು ಪ್ರತಿದಿನ ಕಾಡಿಗೆ ಹೋಗಿ ಒಣಗಿರುವ ಮರಗಳನ್ನು ಕಡಿದು, ಕಟ್ಟಿಗೆ ಮಾಡುತ್ತಿದ್ದನು. ಅವನ್ನು ಊರಿಗೆ ತಂದು ಮಾರಿ ಅದರಲ್ಲಿ ಬಂದ ಹಣದಲ್ಲಿ ಜೀವನ ನಡೆಸುತ್ತಿದ್ದನು. ಹೀಗೆ ಒಂದು ದಿನ ಆತ ಕೆರೆಯ ದಂಡೆಯ ಮೇಲಿದ್ದ ' ಒಣಗಿದ ಮರವೊಂದನ್ನು ಕಡಿಯುತ್ತಿದ್ದನು. ಆಗ ಅವನ ಕೈಯಲ್ಲಿದ್ದ ಕೊಡಲಿ ಕೃಜಾರಿ ಕೆರೆಯಲ್ಲಿ ಬಿದ್ದು ಹೋಯಿತು. ಅವನ ಹತ್ತಿರ ಅದೊ೦ದೇ ಕೊಡಲಿಯಿತ್ತು. ಅದು ನೀರಿನಲ್ಲಿ ಬಿತ್ತು ಎಂದು ಅವನಿಗೆ ಬಹಳ ದುಃಖವಾಯಿತು. ಆಗ ಅವನು, 3 ಪುಟ್ಟ ಕೊಡಲಿ ಹೋಯಿತಯ್ಕೊ, ಹೊಟ್ಟೆಗೆ ಪೆಟ್ಟು ಆಯಿತಯ್ಯೊ | ಕಷ್ಟ ಕಪ್ಪ ಕಷ್ಟವಯ್ಯೊ, ಸೃಷ್ಟಿಗೊಡೆಯ ಕಾಯವಯ್ಯೊ",0.814,0.186,0.011,0.786,0.981,0.858,0.142,0.011,0.906,0.962,0.12,0.88,0.852,0.837,0.046
15,"ಒಂದು ಊರಿನಳ್ಲಿ ಭೀಮಣ್ನ ಎ೦ಬ ಕಠ್ಠಿಗೆ ಮಾರುವವನಿದ್ದನು. ಅವನು ಫ್ರತಿದಿನ ಖಾಢಿಗೆ ಹೋಗಿ ಒಣಗಿರುವ ಮರಗಳನ್ನು ಕಡಿದು, ಕಠ್ಠಿಗೆ ಮಾಡುತ್ತಿದ್ದನು. ಅವನ್ನು ಊರಿಗೆ ತಂದು ಮಾರಿ ಅದರಲ್ಲಿ ಬಂದ ಹಣದಲ್ಲಿ ಜೀವನ ನಡೆಸುತ್ಥಿದ್ದನು. ಹೀಗೆ ಓಂದು ಧಿನ ಆತ ಕೆರೆಯ ದಂಢೆಯ ಮೇಲಿದ್ದ ' ಒನಗಿದ ಮರವೊಂದಣ್ನು ಕಡಿಯುತ್ತಿಧ್ದಣು. ಆಗ ಅವಣ ಖೈಯಲ್ಳಿದ್ಧ ಕೊಡಲಿ ಕೃಜಾರಿ ಕೆರೆಯಲ್ಲಿ ಬಿದ್ಧು ಹೋಯಿತು. ಅವಣ ಹತ್ಥಿರ ಅದೊ೦ದೇ ಕೊಢಲಿಯಿತ್ತು. ಅದು ನೀರಿನಲ್ಲಿ ಭಿತ್ತು ಎಂದು ಅವಣಿಗೆ ಬಹಳ ದುಃಖವಾಯಿತು. ಆಗ ಅವನು, 3 ಫುಟ್ಟ ಫುಟ್ಟ ಕೊಢಲಿ ಹೋಯಿತಯ್ಕೊ, ಹೊಠ್ಟೆಘೆ ಪೆಟ್ಟು ಆಯಿತಯ್ಯೊ | ಕಷ್ಟ ಕಪ್ಪ ಕಷ್ಟವಯ್ಯೊ, ಶೃಷ್ಟಿಘೊಢೆಯ ಕಾಯವಯ್ಯೊ",woodcutter_story,"ಒಂದು ಊರಿನಲ್ಲಿ ಭೀಮಣ್ಣ ಎ೦ಬ ಕಟ್ಟಿಗೆ ಮಾರುವವನಿದ್ದನು. ಅವನು ಪ್ರತಿದಿನ ಕಾಡಿಗೆ ಹೋಗಿ ಒಣಗಿರುವ ಮರಗಳನ್ನು ಕಡಿದು, ಕಟ್ಟಿಗೆ ಮಾಡುತ್ತಿದ್ದನು. ಅವನ್ನು ಊರಿಗೆ ತಂದು ಮಾರಿ ಅದರಲ್ಲಿ ಬಂದ ಹಣದಲ್ಲಿ ಜೀವನ ನಡೆಸುತ್ತಿದ್ದನು. ಹೀಗೆ ಒಂದು ದಿನ ಆತ ಕೆರೆಯ ದಂಡೆಯ ಮೇಲಿದ್ದ ' ಒಣಗಿದ ಮರವೊಂದನ್ನು ಕಡಿಯುತ್ತಿದ್ದನು. ಆಗ ಅವನ ಕೈಯಲ್ಲಿದ್ದ ಕೊಡಲಿ ಕೃಜಾರಿ ಕೆರೆಯಲ್ಲಿ ಬಿದ್ದು ಹೋಯಿತು. ಅವನ ಹತ್ತಿರ ಅದೊ೦ದೇ ಕೊಡಲಿಯಿತ್ತು. ಅದು ನೀರಿನಲ್ಲಿ ಬಿತ್ತು ಎಂದು ಅವನಿಗೆ ಬಹಳ ದುಃಖವಾಯಿತು. ಆಗ ಅವನು, 3 ಪುಟ್ಟ ಕೊಡಲಿ ಹೋಯಿತಯ್ಕೊ, ಹೊಟ್ಟೆಗೆ ಪೆಟ್ಟು ಆಯಿತಯ್ಯೊ | ಕಷ್ಟ ಕಪ್ಪ ಕಷ್ಟವಯ್ಯೊ, ಸೃಷ್ಟಿಗೊಡೆಯ ಕಾಯವಯ್ಯೊ",0.799,0.201,0.016,0.867,0.98,0.847,0.153,0.011,0.803,0.956,0.109,0.891,0.853,0.782,0.04
16,"ಒಂದು ಊರಿನಲ್ಲಿ ಭೀಮಣ್ನ ಎ೦ಭ ಕಟ್ಟಿಗೆ ಮಾರುವವನಿದ್ಧನು. ಅವನು ಪ್ರತಿದಿನ ಕಾಡಿಗೆ ಹೋಗಿ ಒಣಗಿರುವ ಮರಗಲನ್ಣು ಖಢಿದು, ಕಟ್ಟಿಗೆ ಮಾಡುತ್ತಿದ್ಧನು. ಅವಣ್ಣು ಊರಿಗೆ ತಂಧು ಮಾರಿ ಅದರಲ್ಳಿ ಬಂದ ಹಣದಲ್ಲಿ ಜೀವನ ನಡೆಶುತ್ತಿದ್ದನು. ಹೀಗೆ ಒಂದು ದಿನ ಆತ ಕೆರೆಯ ದಂಡೆಯ ಮೇಲಿದ್ದ ' ಒಣಗಿಧ ಮರವೊಂದನ್ನು ಕಡಿಯುಥ್ತಿದ್ಧನು. ಆಘ ಆವನ ಖೈಯಲ್ಲಿದ್ದ ಕೊಡಲಿ ಕೃಝಾರಿ ಕೆರೆಯಲ್ಲಿ ಬಿದ್ದು ಹೋಯಿತು. ಅವಣ ಹತ್ತಿರ ಅದೊ೦ದೇ ಕೊಡಲಿಯಿತ್ಥು. ಅದು ಣೀರಿನಲ್ಲಿ ಭಿತ್ತು ಎಂಧು ಅವನಿಗೆ ಭಹಲ ದುಃಖವಾಯಿಥು. ಆಘ ಆವನು, 3 ಪುಠ್ಟ ಖೊಡಲಿ ಹೋಯಿತಯ್ಖೊ, ಹೊಟ್ಟೆಗೆ ಪೆಟ್ಟು ಅಯಿಥಯ್ಯೊ | ಕಷ್ಟ ಕಫ್ಪ ಖಷ್ಟವಯ್ಯೊ, ಸೃಷ್ಟಿಗೊಡೆಯ ಕಾಯವಯ್ಯೊ",woodcutter_story,"ಒಂದು ಊರಿನಲ್ಲಿ ಭೀಮಣ್ಣ ಎ೦ಬ ಕಟ್ಟಿಗೆ ಮಾರುವವನಿದ್ದನು. ಅವನು ಪ್ರತಿದಿನ ಕಾಡಿಗೆ ಹೋಗಿ ಒಣಗಿರುವ ಮರಗಳನ್ನು ಕಡಿದು, ಕಟ್ಟಿಗೆ ಮಾಡುತ್ತಿದ್ದನು. ಅವನ್ನು ಊರಿಗೆ ತಂದು ಮಾರಿ ಅದರಲ್ಲಿ ಬಂದ ಹಣದಲ್ಲಿ ಜೀವನ ನಡೆಸುತ್ತಿದ್ದನು. ಹೀಗೆ ಒಂದು ದಿನ ಆತ ಕೆರೆಯ ದಂಡೆಯ ಮೇಲಿದ್ದ ' ಒಣಗಿದ ಮರವೊಂದನ್ನು ಕಡಿಯುತ್ತಿದ್ದನು. ಆಗ ಅವನ ಕೈಯಲ್ಲಿದ್ದ ಕೊಡಲಿ ಕೃಜಾರಿ ಕೆರೆಯಲ್ಲಿ ಬಿದ್ದು ಹೋಯಿತು. ಅವನ ಹತ್ತಿರ ಅದೊ೦ದೇ ಕೊಡಲಿಯಿತ್ತು. ಅದು ನೀರಿನಲ್ಲಿ ಬಿತ್ತು ಎಂದು ಅವನಿಗೆ ಬಹಳ ದುಃಖವಾಯಿತು. ಆಗ ಅವನು, 3 ಪುಟ್ಟ ಕೊಡಲಿ ಹೋಯಿತಯ್ಕೊ, ಹೊಟ್ಟೆಗೆ ಪೆಟ್ಟು ಆಯಿತಯ್ಯೊ | ಕಷ್ಟ ಕಪ್ಪ ಕಷ್ಟವಯ್ಯೊ, ಸೃಷ್ಟಿಗೊಡೆಯ ಕಾಯವಯ್ಯೊ",0.807,0.193,0.0,0.882,0.982,0.787,0.213,0.0,0.833,0.938,0.133,0.867,0.851,0.837,0.051
17,"ಒಂದು ಊರಿನಲ್ಲಿ ಭೀಮಣ್ಣ ಎ೦ಬ ಕಟ್ಟಿಗೆ ಮಾರುವವಣಿದ್ಧಣು. ಆವನು ಪ್ರಥಿದಿನ ಕಾಡಿಗೆ ಹೋಗಿ ಒನಗಿರುವ ಒನಗಿರುವ ಮರಗಲಣ್ಣು ಕಢಿಧು, ಕಟ್ಟಿಗೆ ಮಾಡುಥ್ತಿದ್ದಣು. ಅವನ್ನು ಊರಿಗೆ ತಂದು ಮಾರಿ ಅದರಲ್ಲಿ ಬಂದ ಹಣಧಲ್ಲಿ ಝೀವನ ನಡೆಸುತ್ಥಿಧ್ದನು. ಹೀಗೆ ಒಂದು ದಿನ ಆತ ಕೆರೆಯ ದಂಡೆಯ ಮೇಲಿದ್ದ ' ಒಣಘಿದ ಮರವೊಂದನ್ನು ಕಡಿಯುತ್ತಿದ್ಧನು. ಆಗ ಅವನ ಕೈಯಲ್ಲಿದ್ದ ಕೊಡಳಿ ಕೃಜಾರಿ ಕೆರೆಯಲ್ಲಿ ಬಿದ್ದು ಹೋಯಿತು. ಅವನ ಹಥ್ಥಿರ ಅದೊ೦ದೇ ಕೊಡಲಿಯಿಥ್ಥು. ಅದು ನೀರಿಣಲ್ಳಿ ಬಿತ್ಥು ಎಂದು ಅವನಿಗೆ ಬಹಳ ದುಃಖವಾಯಿತು. ಆಗ ಅವನು, 3 ಪುಠ್ಟ ಕೊಡಲಿ ಹೋಯಿತಯ್ಕೊ, ಹೊಠ್ಟೆಗೆ ಪೆಟ್ಠು ಆಯಿತಯ್ಯೊ | ಕಷ್ಠ ಕಪ್ಪ ಖಷ್ಟವಯ್ಯೊ, ಶೃಷ್ಟಿಗೊಡೆಯ ಕಾಯವಯ್ಯೊ",woodcutter_story,"ಒಂದು ಊರಿನಲ್ಲಿ ಭೀಮಣ್ಣ ಎ೦ಬ ಕಟ್ಟಿಗೆ ಮಾರುವವನಿದ್ದನು. ಅವನು ಪ್ರತಿದಿನ ಕಾಡಿಗೆ ಹೋಗಿ ಒಣಗಿರುವ ಮರಗಳನ್ನು ಕಡಿದು, ಕಟ್ಟಿಗೆ ಮಾಡುತ್ತಿದ್ದನು. ಅವನ್ನು ಊರಿಗೆ ತಂದು ಮಾರಿ ಅದರಲ್ಲಿ ಬಂದ ಹಣದಲ್ಲಿ ಜೀವನ ನಡೆಸುತ್ತಿದ್ದನು. ಹೀಗೆ ಒಂದು ದಿನ ಆತ ಕೆರೆಯ ದಂಡೆಯ ಮೇಲಿದ್ದ ' ಒಣಗಿದ ಮರವೊಂದನ್ನು ಕಡಿಯುತ್ತಿದ್ದನು. ಆಗ ಅವನ ಕೈಯಲ್ಲಿದ್ದ ಕೊಡಲಿ ಕೃಜಾರಿ ಕೆರೆಯಲ್ಲಿ ಬಿದ್ದು ಹೋಯಿತು. ಅವನ ಹತ್ತಿರ ಅದೊ೦ದೇ ಕೊಡಲಿಯಿತ್ತು. ಅದು ನೀರಿನಲ್ಲಿ ಬಿತ್ತು ಎಂದು ಅವನಿಗೆ ಬಹಳ ದುಃಖವಾಯಿತು. ಆಗ ಅವನು, 3 ಪುಟ್ಟ ಕೊಡಲಿ ಹೋಯಿತಯ್ಕೊ, ಹೊಟ್ಟೆಗೆ ಪೆಟ್ಟು ಆಯಿತಯ್ಯೊ | ಕಷ್ಟ ಕಪ್ಪ ಕಷ್ಟವಯ್ಯೊ, ಸೃಷ್ಟಿಗೊಡೆಯ ಕಾಯವಯ್ಯೊ",0.815,0.185,0.016,0.866,0.983,0.83,0.17,0.018,0.908,0.954,0.125,0.875,0.853,0.839,0.048
18,"ಒಂದು ಊರಿನಲ್ಲಿ ಭೀಮಣ್ಣ ಎ೦ಬ ಕಟ್ಟಿಗೆ ಮಾರುವವನಿದ್ದನು. ಅವಣು ಫ್ರಥಿದಿನ ಕಾಡಿಘೆ ಹೋಘಿ ಓಣಗಿರುವ ಮರಗಳನ್ನು ಕಡಿದು, ಕಟ್ಟಿಗೆ ಮಾಡುತ್ತಿಧ್ದನು. ಅವನ್ನು ಊರಿಗೆ ತಂದು ಮಾರಿ ಆದರಲ್ಳಿ ಬಂದ ಹಣದಲ್ಲಿ ಜೀವಣ ನಡೆಸುಥ್ತಿದ್ದನು. ಹೀಗೆ ಒಂದು ದಿನ ಆಥ ಕೆರೆಯ ಧಂಡೆಯ ಮೇಲಿದ್ದ ' ಒಣಗಿಧ ಮರವೊಂಧನ್ನು ಖಡಿಯುಥ್ಥಿದ್ಧಣು. ಆಗ ಅವನ ಖೈಯಳ್ಲಿದ್ದ ಕೊಡಲಿ ಕೃಝಾರಿ ಕೆರೆಯಲ್ಲಿ ಭಿದ್ಧು ಹೋಯಿತು. ಆವನ ಹತ್ಥಿರ ಅಧೊ೦ಧೇ ಉಳಿಯಿತ್ಥು. ಅದು ನೀರಿನಲ್ಲಿ ಬಿತ್ತು ಏಂದು ಅವಣಿಘೆ ಬಹಳ ದುಃಖವಾಯಿತು. ಅಗ ಅವನು, 3 ಪುಠ್ಟ ಖೊಢಳಿ ಹೋಯಿತಯ್ಕೊ, ಹೊಟ್ಟೆಘೆ ಫೆಟ್ಟು ಆಯಿತಯ್ಯೊ | ಕಷ್ಟ ಕಫ್ಫ ಖಷ್ಟವಯ್ಯೊ, ಸೃಷ್ಟಿಗೊಡೆಯ ಖಾಯವಯ್ಯೊ",woodcutter_story,"ಒಂದು ಊರಿನಲ್ಲಿ ಭೀಮಣ್ಣ ಎ೦ಬ ಕಟ್ಟಿಗೆ ಮಾರುವವನಿದ್ದನು. ಅವನು ಪ್ರತಿದಿನ ಕಾಡಿಗೆ ಹೋಗಿ ಒಣಗಿರುವ ಮರಗಳನ್ನು ಕಡಿದು, ಕಟ್ಟಿಗೆ ಮಾಡುತ್ತಿದ್ದನು. ಅವನ್ನು ಊರಿಗೆ ತಂದು ಮಾರಿ ಅದರಲ್ಲಿ ಬಂದ ಹಣದಲ್ಲಿ ಜೀವನ ನಡೆಸುತ್ತಿದ್ದನು. ಹೀಗೆ ಒಂದು ದಿನ ಆತ ಕೆರೆಯ ದಂಡೆಯ ಮೇಲಿದ್ದ ' ಒಣಗಿದ ಮರವೊಂದನ್ನು ಕಡಿಯುತ್ತಿದ್ದನು. ಆಗ ಅವನ ಕೈಯಲ್ಲಿದ್ದ ಕೊಡಲಿ ಕೃಜಾರಿ ಕೆರೆಯಲ್ಲಿ ಬಿದ್ದು ಹೋಯಿತು. ಅವನ ಹತ್ತಿರ ಅದೊ೦ದೇ ಕೊಡಲಿಯಿತ್ತು. ಅದು ನೀರಿನಲ್ಲಿ ಬಿತ್ತು ಎಂದು ಅವನಿಗೆ ಬಹಳ ದುಃಖವಾಯಿತು. ಆಗ ಅವನು, 3 ಪುಟ್ಟ ಕೊಡಲಿ ಹೋಯಿತಯ್ಕೊ, ಹೊಟ್ಟೆಗೆ ಪೆಟ್ಟು ಆಯಿತಯ್ಯೊ | ಕಷ್ಟ ಕಪ್ಪ ಕಷ್ಟವಯ್ಯೊ, ಸೃಷ್ಟಿಗೊಡೆಯ ಕಾಯವಯ್ಯೊ",0.757,0.243,0.006,0.819,0.973,0.787,0.213,0.004,0.833,0.937,0.133,0.867,0.85,0.871,0.053
19,"ಒಂಧು ಊರಿನಲ್ಲಿ ಭೀಮಣ್ಣ ಎ೦ಬ ಕಠ್ಟಿಘೆ ಮಾರುವವನಿದ್ದನು. ಅವಣು ಪ್ರಥಿಧಿನ ಕಾಡಿಘೆ ಹೋಗಿ ಒನಗಿರುವ ಮರಗಲನ್ಣು ಕಡಿದು, ಖಟ್ಟಿಗೆ ಮಾಢುತ್ತಿದ್ಧಣು. ಅವನ್ನು ಊರಿಗೆ ತಂದು ಮಾರಿ ಅಧರಲ್ಲಿ ಬಂಧ ಹಣದಲ್ಲಿ ಜೀವನ ನಡೆಶುತ್ಥಿದ್ದನು. ಹೀಗೆ ಒಂದು ದಿನ ಆತ ಕೆರೆಯ ದಂಡೆಯ ಮೇಲಿದ್ದ ' ಒಣಗಿದ ಮರವೊಂದನ್ಣು ಕಡಿಯುತ್ತಿದ್ದನು. ಆಘ ಅವಣ ಕೈಯಲ್ಲಿಧ್ದ ಕೊಡಲಿ ಕೃಝಾರಿ ಕೆರೆಯಲ್ಲಿ ಭಿದ್ದು ಹೋಯಿಥು. ಅವನ ಹತ್ಥಿರ ಅಧೊ೦ದೇ ಖೊಡಲಿಯಿತ್ಥು. ಅದು ನೀರಿನಲ್ಲಿ ಬಿತ್ತು ಏಂದು ಅವನಿಗೆ ಬಹಳ ದುಃಖವಾಯಿತು. ಆಗ ಆವನು, 3 ಫುಠ್ಟ ಕೊಡಲಿ ಹೋಯಿಥಯ್ಕೊ, ಹೊಟ್ಟೆಗೆ ಫೆಟ್ಟು ಆಯಿತಯ್ಯೊ | ಕಷ್ಟ ಕಪ್ಪ ಖಷ್ಟವಯ್ಯೊ, ಸೃಷ್ಠಿಗೊಡೆಯ ಕಾಯವಯ್ಯೊ",woodcutter_story,"ಒಂದು ಊರಿನಲ್ಲಿ ಭೀಮಣ್ಣ ಎ೦ಬ ಕಟ್ಟಿಗೆ ಮಾರುವವನಿದ್ದನು. ಅವನು ಪ್ರತಿದಿನ ಕಾಡಿಗೆ ಹೋಗಿ ಒಣಗಿರುವ ಮರಗಳನ್ನು ಕಡಿದು, ಕಟ್ಟಿಗೆ ಮಾಡುತ್ತಿದ್ದನು. ಅವನ್ನು ಊರಿಗೆ ತಂದು ಮಾರಿ ಅದರಲ್ಲಿ ಬಂದ ಹಣದಲ್ಲಿ ಜೀವನ ನಡೆಸುತ್ತಿದ್ದನು. ಹೀಗೆ ಒಂದು ದಿನ ಆತ ಕೆರೆಯ ದಂಡೆಯ ಮೇಲಿದ್ದ ' ಒಣಗಿದ ಮರವೊಂದನ್ನು ಕಡಿಯುತ್ತಿದ್ದನು. ಆಗ ಅವನ ಕೈಯಲ್ಲಿದ್ದ ಕೊಡಲಿ ಕೃಜಾರಿ ಕೆರೆಯಲ್ಲಿ ಬಿದ್ದು ಹೋಯಿತು. ಅವನ ಹತ್ತಿರ ಅದೊ೦ದೇ ಕೊಡಲಿಯಿತ್ತು. ಅದು ನೀರಿನಲ್ಲಿ ಬಿತ್ತು ಎಂದು ಅವನಿಗೆ ಬಹಳ ದುಃಖವಾಯಿತು. ಆಗ ಅವನು, 3 ಪುಟ್ಟ ಕೊಡಲಿ ಹೋಯಿತಯ್ಕೊ, ಹೊಟ್ಟೆಗೆ ಪೆಟ್ಟು ಆಯಿತಯ್ಯೊ | ಕಷ್ಟ ಕಪ್ಪ ಕಷ್ಟವಯ್ಯೊ, ಸೃಷ್ಟಿಗೊಡೆಯ ಕಾಯವಯ್ಯೊ",0.801,0.199,0.0,0.82,0.98,0.835,0.165,0.0,0.822,0.954,0.11,0.89,0.851,0.796,0.041
20,"ಓಂದು ಉರಿನಳ್ಲಿ ಭೀಮಣ್ಣ ಎ೦ಬ ಖಟ್ಠಿಘೆ ಮಾರುವವನಿದ್ದನು. ಆವನು ಪ್ರತಿದಿನ ಕಾಡಿಗೆ ಹೋಘಿ ಒಣಗಿರುವ ಮರಗಲನ್ನು ಕಡಿದು, ಕಠ್ಟಿಗೆ ಮಾಡುತ್ತಿದ್ದನು. ಅವನ್ನು ಊರಿಗೆ ಥಂದು ಮಾರಿ ಆದರಲ್ಲಿ ಭಂದ ಹಣದಳ್ಲಿ ಜೀವನ ನಢೆಸುತ್ಥಿದ್ಧಣು. ಹೀಗೆ ಓಂಧು ಧಿನ ಆತ ಕೆರೆಯ ದಂಡೆಯ ಮೇಲಿದ್ದ ' ಓಣಗಿಧ ಮರವೊಂದನ್ನು ಕಢಿಯುತ್ತಿದ್ದಣು. ಆಘ ಅವನ ಕೈಯಲ್ಲಿದ್ದ ಕೊಡಲಿ ಕೃಜಾರಿ ಖೆರೆಯಳ್ಳಿ ಭಿದ್ದು ಹೋಯಿತು. ಅವನ ಹತ್ಥಿರ ಅದೊ೦ದೇ ಉಳಿಯಿತ್ತು. ಅದು ನೀರಿನಲ್ಲಿ ಭಿತ್ತು ಎಂದು ಆವಣಿಗೆ ಬಹಳ ದುಃಖವಾಯಿಥು. ಅಗ ಅವನು, 3 ಪುಟ್ಟ ಖೊಡಲಿ ಹೋಯಿಥಯ್ಕೊ, ಹೊಟ್ಟೆಗೆ ಪೆಟ್ಟು ಆಯಿಥಯ್ಯೊ | ಕಷ್ಟ ಕಪ್ಪ ಕಷ್ಟವಯ್ಯೊ, ಸೃಷ್ಟಿಗೊಡೆಯ ಖಾಯವಯ್ಯೊ",woodcutter_story,"ಒಂದು ಊರಿನಲ್ಲಿ ಭೀಮಣ್ಣ ಎ೦ಬ ಕಟ್ಟಿಗೆ ಮಾರುವವನಿದ್ದನು. ಅವನು ಪ್ರತಿದಿನ ಕಾಡಿಗೆ ಹೋಗಿ ಒಣಗಿರುವ ಮರಗಳನ್ನು ಕಡಿದು, ಕಟ್ಟಿಗೆ ಮಾಡುತ್ತಿದ್ದನು. ಅವನ್ನು ಊರಿಗೆ ತಂದು ಮಾರಿ ಅದರಲ್ಲಿ ಬಂದ ಹಣದಲ್ಲಿ ಜೀವನ ನಡೆಸುತ್ತಿದ್ದನು. ಹೀಗೆ ಒಂದು ದಿನ ಆತ ಕೆರೆಯ ದಂಡೆಯ ಮೇಲಿದ್ದ ' ಒಣಗಿದ ಮರವೊಂದನ್ನು ಕಡಿಯುತ್ತಿದ್ದನು. ಆಗ ಅವನ ಕೈಯಲ್ಲಿದ್ದ ಕೊಡಲಿ ಕೃಜಾರಿ ಕೆರೆಯಲ್ಲಿ ಬಿದ್ದು ಹೋಯಿತು. ಅವನ ಹತ್ತಿರ ಅದೊ೦ದೇ ಕೊಡಲಿಯಿತ್ತು. ಅದು ನೀರಿನಲ್ಲಿ ಬಿತ್ತು ಎಂದು ಅವನಿಗೆ ಬಹಳ ದುಃಖವಾಯಿತು. ಆಗ ಅವನು, 3 ಪುಟ್ಟ ಕೊಡಲಿ ಹೋಯಿತಯ್ಕೊ, ಹೊಟ್ಟೆಗೆ ಪೆಟ್ಟು ಆಯಿತಯ್ಯೊ | ಕಷ್ಟ ಕಪ್ಪ ಕಷ್ಟವಯ್ಯೊ, ಸೃಷ್ಟಿಗೊಡೆಯ ಕಾಯವಯ್ಯೊ",0.779,0.221,0.006,0.794,0.976,0.798,0.202,0.004,0.922,0.946,0.111,0.889,0.85,0.766,0.04
21,"ಓಂದು ಊರಿನಳ್ಲಿ ಭೀಮಣ್ಣ ಎ೦ಬ ಕಟ್ಟಿಗೆ ಮಾರುವವಣಿಧ್ದನು. ಅವನು ಪ್ರತಿದಿಣ ಖಾಡಿಗೆ ಹೋಘಿ ಒನಗಿರುವ ಮರಗಳನ್ನು ಕಡಿದು, ಕಟ್ಟಿಗೆ ಮಾಢುತ್ಥಿದ್ಧನು. ಅವನ್ನು ಊರಿಗೆ ತಂದು ಮಾರಿ ಅದರಲ್ಳಿ ಬಂದ ಹಣದಲ್ಳಿ ಜೀವನ ನಡೆಶುತ್ಥಿದ್ದನು. ಹೀಗೆ ಒಂದು ದಿನ ಅತ ಕೆರೆಯ ದಂಡೆಯ ಮೇಲಿದ್ದ ' ಒನಗಿಧ ಮರವೊಂದನ್ನು ಕಢಿಯುತ್ಥಿದ್ದನು. ಆಘ ಅವನ ಕೈಯಳ್ಲಿಧ್ದ ಕೊಡಲಿ ಕೃಜಾರಿ ಖೆರೆಯಲ್ಲಿ ಬಿಧ್ದು ಹೋಯಿಥು. ಅವನ ಹಥ್ಥಿರ ಆಧೊ೦ಧೇ ಕೊಡಲಿಯಿಥ್ಥು. ಅದು ಅದು ಣೀರಿನಲ್ಲಿ ಬಿತ್ಥು ಎಂಧು ಅವನಿಗೆ ಬಹಳ ದುಃಖವಾಯಿಥು. ಅಘ ಅವನು, 3 ಫುಟ್ಟ ಕೊಢಲಿ ಹೋಯಿತಯ್ಕೊ, ಹೊಟ್ಟೆಘೆ ಫೆಟ್ಠು ಅಯಿತಯ್ಯೊ | ಕಷ್ಟ ಖಫ್ಪ ಕಷ್ಟವಯ್ಯೊ, ಸೃಷ್ಟಿಗೊಢೆಯ ಕಾಯವಯ್ಯೊ",woodcutter_story,"ಒಂದು ಊರಿನಲ್ಲಿ ಭೀಮಣ್ಣ ಎ೦ಬ ಕಟ್ಟಿಗೆ ಮಾರುವವನಿದ್ದನು. ಅವನು ಪ್ರತಿದಿನ ಕಾಡಿಗೆ ಹೋಗಿ ಒಣಗಿರುವ ಮರಗಳನ್ನು ಕಡಿದು, ಕಟ್ಟಿಗೆ ಮಾಡುತ್ತಿದ್ದನು. ಅವನ್ನು ಊರಿಗೆ ತಂದು ಮಾರಿ ಅದರಲ್ಲಿ ಬಂದ ಹಣದಲ್ಲಿ ಜೀವನ ನಡೆಸುತ್ತಿದ್ದನು. ಹೀಗೆ ಒಂದು ದಿನ ಆತ ಕೆರೆಯ ದಂಡೆಯ ಮೇಲಿದ್ದ ' ಒಣಗಿದ ಮರವೊಂದನ್ನು ಕಡಿಯುತ್ತಿದ್ದನು. ಆಗ ಅವನ ಕೈಯಲ್ಲಿದ್ದ ಕೊಡಲಿ ಕೃಜಾರಿ ಕೆರೆಯಲ್ಲಿ ಬಿದ್ದು ಹೋಯಿತು. ಅವನ ಹತ್ತಿರ ಅದೊ೦ದೇ ಕೊಡಲಿಯಿತ್ತು. ಅದು ನೀರಿನಲ್ಲಿ ಬಿತ್ತು ಎಂದು ಅವನಿಗೆ ಬಹಳ ದುಃಖವಾಯಿತು. ಆಗ ಅವನು, 3 ಪುಟ್ಟ ಕೊಡಲಿ ಹೋಯಿತಯ್ಕೊ, ಹೊಟ್ಟೆಗೆ ಪೆಟ್ಟು ಆಯಿತಯ್ಯೊ | ಕಷ್ಟ ಕಪ್ಪ ಕಷ್ಟವಯ್ಯೊ, ಸೃಷ್ಟಿಗೊಡೆಯ ಕಾಯವಯ್ಯೊ",0.747,0.253,0.005,0.9,0.974,0.759,0.241,0.007,0.804,0.923,0.115,0.885,0.852,0.811,0.044
22,"ಓಂಧು ಊರಿನಲ್ಳಿ ಭೀಮನ್ನ ಎ೦ಬ ಕಠ್ಟಿಗೆ ಮಾರುವವನಿದ್ದನು. ಅವನು ಪ್ರತಿದಿನ ಕಾಡಿಗೆ ಹೋಗಿ ಒಣಗಿರುವ ಮರಗಲನ್ನು ಕಢಿದು, ಕಟ್ಟಿಘೆ ಮಾಡುತ್ತಿದ್ದನು. ಮಾಡುತ್ತಿದ್ದನು. ಅವನ್ನು ಊರಿಘೆ ತಂದು ಮಾರಿ ಅದರಲ್ಲಿ ಬಂದ ಹನಧಲ್ಳಿ ಜೀವನ ಣಡೆಶುತ್ತಿದ್ಧಣು. ಹೀಗೆ ಒಂದು ದಿಣ ಅತ ಕೆರೆಯ ದಂಢೆಯ ಮೇಳಿದ್ದ ' ಒಣಗಿದ ಮರವೊಂದಣ್ನು ಖಡಿಯುತ್ತಿದ್ದನು. ಆಗ ಅವನ ಕೈಯಲ್ಲಿದ್ದ ಕೊಡಲಿ ಕೃಝಾರಿ ಖೆರೆಯಲ್ಳಿ ಬಿದ್ದು ಹೋಯಿತು. ಅವನ ಹಥ್ಥಿರ ಅದೊ೦ದೇ ಉಳಿಯಿತ್ತು. ಅದು ನೀರಿನಳ್ಲಿ ಬಿಥ್ಥು ಏಂದು ಅವನಿಗೆ ಬಹಳ ದುಃಖವಾಯಿತು. ಆಗ ಅವನು, 3 ಪುಟ್ಟ ಕೊಡಲಿ ಹೋಯಿತಯ್ಕೊ, ಹೊಟ್ಟೆಗೆ ಪೆಟ್ಟು ಆಯಿತಯ್ಯೊ | ಖಷ್ಠ ಕಫ್ಪ ಖಷ್ಟವಯ್ಯೊ, ಸೃಷ್ಟಿಘೊಡೆಯ ಕಾಯವಯ್ಯೊ",woodcutter_story,"ಒಂದು ಊರಿನಲ್ಲಿ ಭೀಮಣ್ಣ ಎ೦ಬ ಕಟ್ಟಿಗೆ ಮಾರುವವನಿದ್ದನು. ಅವನು ಪ್ರತಿದಿನ ಕಾಡಿಗೆ ಹೋಗಿ ಒಣಗಿರುವ ಮರಗಳನ್ನು ಕಡಿದು, ಕಟ್ಟಿಗೆ ಮಾಡುತ್ತಿದ್ದನು. ಅವನ್ನು ಊರಿಗೆ ತಂದು ಮಾರಿ ಅದರಲ್ಲಿ ಬಂದ ಹಣದಲ್ಲಿ ಜೀವನ ನಡೆಸುತ್ತಿದ್ದನು. ಹೀಗೆ ಒಂದು ದಿನ ಆತ ಕೆರೆಯ ದಂಡೆಯ ಮೇಲಿದ್ದ ' ಒಣಗಿದ ಮರವೊಂದನ್ನು ಕಡಿಯುತ್ತಿದ್ದನು. ಆಗ ಅವನ ಕೈಯಲ್ಲಿದ್ದ ಕೊಡಲಿ ಕೃಜಾರಿ ಕೆರೆಯಲ್ಲಿ ಬಿದ್ದು ಹೋಯಿತು. ಅವನ ಹತ್ತಿರ ಅದೊ೦ದೇ ಕೊಡಲಿಯಿತ್ತು. ಅದು ನೀರಿನಲ್ಲಿ ಬಿತ್ತು ಎಂದು ಅವನಿಗೆ ಬಹಳ ದುಃಖವಾಯಿತು. ಆಗ ಅವನು, 3 ಪುಟ್ಟ ಕೊಡಲಿ ಹೋಯಿತಯ್ಕೊ, ಹೊಟ್ಟೆಗೆ ಪೆಟ್ಟು ಆಯಿತಯ್ಯೊ | ಕಷ್ಟ ಕಪ್ಪ ಕಷ್ಟವಯ್ಯೊ, ಸೃಷ್ಟಿಗೊಡೆಯ ಕಾಯವಯ್ಯೊ",0.774,0.226,0.027,0.755,0.974,0.778,0.222,0.025,0.852,0.932,0.113,0.887,0.855,0.755,0.04
23,"ಒಂದು ಊರಿನಳ್ಲಿ ಭೀಮಣ್ಣ ಎ೦ಬ ಕಟ್ಟಿಗೆ ಮಾರುವವನಿದ್ದನು. ಅವನು ಪ್ರತಿದಿನ ಕಾಢಿಗೆ ಹೋಘಿ ಒಣಗಿರುವ ಮರಗಳನ್ನು ಕಡಿದು, ಕಟ್ಠಿಗೆ ಮಾಡುತ್ತಿದ್ದನು. ಅವನ್ಣು ಊರಿಗೆ ತಂಧು ಮಾರಿ ಅದರಲ್ಲಿ ಬಂದ ಹಣಧಲ್ಲಿ ಜೀವನ ನಡೆಶುತ್ತಿಧ್ದನು. ಹೀಗೆ ಒಂದು ಧಿನ ಆತ ಕೆರೆಯ ದಂಢೆಯ ಮೇಲಿಧ್ದ ' ಒನಘಿದ ಮರವೊಂದಣ್ನು ಕಡಿಯುತ್ತಿದ್ದನು. ಆಗ ಅವಣ ಕೈಯಲ್ಲಿದ್ದ ಖೊಢಳಿ ಖೃಜಾರಿ ಕೆರೆಯಲ್ಲಿ ಭಿದ್ದು ಹೋಯಿತು. ಅವನ ಹತ್ತಿರ ಅದೊ೦ದೇ ಕೊಢಳಿಯಿತ್ಥು. ಅದು ನೀರಿನಲ್ಲಿ ಬಿತ್ಥು ಎಂದು ಅವನಿಗೆ ಭಹಳ ಧುಃಖವಾಯಿತು. ಆಘ ಅವನು, 3 ಪುಠ್ಟ ಕೊಡಲಿ ಹೋಯಿಥಯ್ಕೊ, ಹೊಟ್ಟೆಗೆ ಪೆಠ್ಟು ಆಯಿಥಯ್ಯೊ | ಕಷ್ಟ ಕಪ್ಪ ಕಷ್ಟವಯ್ಯೊ, ಶೃಷ್ಠಿಗೊಡೆಯ ಕಾಯವಯ್ಯೊ",woodcutter_story,"ಒಂದು ಊರಿನಲ್ಲಿ ಭೀಮಣ್ಣ ಎ೦ಬ ಕಟ್ಟಿಗೆ ಮಾರುವವನಿದ್ದನು. ಅವನು ಪ್ರತಿದಿನ ಕಾಡಿಗೆ ಹೋಗಿ ಒಣಗಿರುವ ಮರಗಳನ್ನು ಕಡಿದು, ಕಟ್ಟಿಗೆ ಮಾಡುತ್ತಿದ್ದನು. ಅವನ್ನು ಊರಿಗೆ ತಂದು ಮಾರಿ ಅದರಲ್ಲಿ ಬಂದ ಹಣದಲ್ಲಿ ಜೀವನ ನಡೆಸುತ್ತಿದ್ದನು. ಹೀಗೆ ಒಂದು ದಿನ ಆತ ಕೆರೆಯ ದಂಡೆಯ ಮೇಲಿದ್ದ ' ಒಣಗಿದ ಮರವೊಂದನ್ನು ಕಡಿಯುತ್ತಿದ್ದನು. ಆಗ ಅವನ ಕೈಯಲ್ಲಿದ್ದ ಕೊಡಲಿ ಕೃಜಾರಿ ಕೆರೆಯಲ್ಲಿ ಬಿದ್ದು ಹೋಯಿತು. ಅವನ ಹತ್ತಿರ ಅದೊ೦ದೇ ಕೊಡಲಿಯಿತ್ತು. ಅದು ನೀರಿನಲ್ಲಿ ಬಿತ್ತು ಎಂದು ಅವನಿಗೆ ಬಹಳ ದುಃಖವಾಯಿತು. ಆಗ ಅವನು, 3 ಪುಟ್ಟ ಕೊಡಲಿ ಹೋಯಿತಯ್ಕೊ, ಹೊಟ್ಟೆಗೆ ಪೆಟ್ಟು ಆಯಿತಯ್ಯೊ | ಕಷ್ಟ ಕಪ್ಪ ಕಷ್ಟವಯ್ಯೊ, ಸೃಷ್ಟಿಗೊಡೆಯ ಕಾಯವಯ್ಯೊ",0.829,0.171,0.0,0.822,0.984,0.86,0.14,0.0,0.825,0.961,0.138,0.862,0.851,0.822,0.053
24,"ಒಂದು ಊರಿನಲ್ಲಿ ಭೀಮಣ್ಣ ಏ೦ಬ ಕಟ್ಟಿಘೆ ಮಾರುವವನಿಧ್ಧನು. ಅವನು ಪ್ರತಿದಿನ ಕಾಡಿಗೆ ಹೋಗಿ ಓಣಗಿರುವ ಮರಗಳನ್ನು ಕಡಿದು, ಕಠ್ಠಿಘೆ ಮಾಢುತ್ಥಿದ್ದನು. ಆವಣ್ನು ಊರಿಘೆ ಥಂದು ಮಾರಿ ಅದರಲ್ಲಿ ಬಂದ ಹಣದಲ್ಲಿ ಝೀವನ ನಡೆಸುತ್ತಿದ್ದನು. ಹೀಗೆ ಓಂದು ದಿನ ಆಥ ಖೆರೆಯ ದಂಡೆಯ ಮೇಲಿಧ್ದ ' ಒಣಘಿದ ಮರವೊಂದನ್ಣು ಖಢಿಯುತ್ಥಿದ್ದನು. ಆಘ ಅವನ ಕೈಯಲ್ಲಿದ್ದ ಖೊಡಲಿ ಕೃಜಾರಿ ಖೆರೆಯಲ್ಲಿ ಬಿದ್ದು ಹೋಯಿತು. ಆವನ ಹತ್ತಿರ ಹತ್ತಿರ ಅಧೊ೦ದೇ ಖೊಡಲಿಯಿತ್ತು. ಆದು ನೀರಿನಲ್ಳಿ ಬಿತ್ತು ಎಂದು ಆವಣಿಘೆ ಭಹಲ ದುಃಖವಾಯಿತು. ಆಗ ಅವನು, 3 ಪುಟ್ಟ ಕೊಡಳಿ ಹೋಯಿತಯ್ಕೊ, ಹೊಟ್ಠೆಗೆ ಪೆಟ್ಟು ಅಯಿತಯ್ಯೊ | ಕಷ್ಠ ಕಪ್ಫ ಖಷ್ಠವಯ್ಯೊ, ಸೃಷ್ಟಿಗೊಢೆಯ ಕಾಯವಯ್ಯೊ",woodcutter_story,"ಒಂದು ಊರಿನಲ್ಲಿ ಭೀಮಣ್ಣ ಎ೦ಬ ಕಟ್ಟಿಗೆ ಮಾರುವವನಿದ್ದನು. ಅವನು ಪ್ರತಿದಿನ ಕಾಡಿಗೆ ಹೋಗಿ ಒಣಗಿರುವ ಮರಗಳನ್ನು ಕಡಿದು, ಕಟ್ಟಿಗೆ ಮಾಡುತ್ತಿದ್ದನು. ಅವನ್ನು ಊರಿಗೆ ತಂದು ಮಾರಿ ಅದರಲ್ಲಿ ಬಂದ ಹಣದಲ್ಲಿ ಜೀವನ ನಡೆಸುತ್ತಿದ್ದನು. ಹೀಗೆ ಒಂದು ದಿನ ಆತ ಕೆರೆಯ ದಂಡೆಯ ಮೇಲಿದ್ದ ' ಒಣಗಿದ ಮರವೊಂದನ್ನು ಕಡಿಯುತ್ತಿದ್ದನು. ಆಗ ಅವನ ಕೈಯಲ್ಲಿದ್ದ ಕೊಡಲಿ ಕೃಜಾರಿ ಕೆರೆಯಲ್ಲಿ ಬಿದ್ದು ಹೋಯಿತು. ಅವನ ಹತ್ತಿರ ಅದೊ೦ದೇ ಕೊಡಲಿಯಿತ್ತು. ಅದು ನೀರಿನಲ್ಲಿ ಬಿತ್ತು ಎಂದು ಅವನಿಗೆ ಬಹಳ ದುಃಖವಾಯಿತು. ಆಗ ಅವನು, 3 ಪುಟ್ಟ ಕೊಡಲಿ ಹೋಯಿತಯ್ಕೊ, ಹೊಟ್ಟೆಗೆ ಪೆಟ್ಟು ಆಯಿತಯ್ಯೊ | ಕಷ್ಟ ಕಪ್ಪ ಕಷ್ಟವಯ್ಯೊ, ಸೃಷ್ಟಿಗೊಡೆಯ ಕಾಯವಯ್ಯೊ",0.761,0.239,0.016,0.863,0.975,0.775,0.225,0.014,0.794,0.929,0.125,0.875,0.853,0.863,0.049
25,"ಒಂಧು ಊರಿನಲ್ಲಿ ಭೀಮಣ್ನ ಎ೦ಬ ಕಟ್ಟಿಗೆ ಮಾರುವವನಿದ್ದನು. ಅವನು ಪ್ರತಿದಿನ ಕಾಡಿಘೆ ಹೋಘಿ ಒನಗಿರುವ ಮರಗಲನ್ನು ಕಡಿದು, ಖಟ್ಟಿಗೆ ಮಾಡುತ್ತಿದ್ದಣು. ಅವನ್ನು ಊರಿಘೆ ಥಂದು ಮಾರಿ ಅದರಲ್ಳಿ ಬಂದ ಹನದಲ್ಲಿ ಜೀವನ ನಢೆಸುಥ್ತಿಧ್ದನು. ಹೀಗೆ ಒಂದು ದಿಣ ಅತ ಕೆರೆಯ ದಂಡೆಯ ಮೇಲಿದ್ದ ' ಓನಗಿದ ಮರವೊಂಧನ್ನು ಖಡಿಯುತ್ತಿಧ್ಧನು. ಆಗ ಅವಣ ಕೈಯಲ್ಲಿಧ್ದ ಕೊಡಳಿ ಕೃಜಾರಿ ಕೆರೆಯಲ್ಳಿ ಬಿದ್ಧು ಹೋಯಿತು. ಅವನ ಹತ್ತಿರ ಅದೊ೦ದೇ ಕೊಡಲಿಯಿತ್ತು. ಅದು ನೀರಿನಲ್ಳಿ ಬಿತ್ತು ಏಂಧು ಅವಣಿಗೆ ಬಹಳ ದುಃಕವಾಯಿಥು. ಆಘ ಆವನು, 3 ಪುಟ್ಟ ಕೊಢಲಿ ಹೋಯಿಥಯ್ಕೊ, ಹೊಟ್ಟೆಗೆ ಫೆಠ್ಟು ಅಯಿತಯ್ಯೊ | ಕಷ್ಟ ಕಪ್ಪ ಕಷ್ಟವಯ್ಯೊ, ಸೃಷ್ಠಿಗೊಡೆಯ ಖಾಯವಯ್ಯೊ",woodcutter_story,"ಒಂದು ಊರಿನಲ್ಲಿ ಭೀಮಣ್ಣ ಎ೦ಬ ಕಟ್ಟಿಗೆ ಮಾರುವವನಿದ್ದನು. ಅವನು ಪ್ರತಿದಿನ ಕಾಡಿಗೆ ಹೋಗಿ ಒಣಗಿರುವ ಮರಗಳನ್ನು ಕಡಿದು, ಕಟ್ಟಿಗೆ ಮಾಡುತ್ತಿದ್ದನು. ಅವನ್ನು ಊರಿಗೆ ತಂದು ಮಾರಿ ಅದರಲ್ಲಿ ಬಂದ ಹಣದಲ್ಲಿ ಜೀವನ ನಡೆಸುತ್ತಿದ್ದನು. ಹೀಗೆ ಒಂದು ದಿನ ಆತ ಕೆರೆಯ ದಂಡೆಯ ಮೇಲಿದ್ದ ' ಒಣಗಿದ ಮರವೊಂದನ್ನು ಕಡಿಯುತ್ತಿದ್ದನು. ಆಗ ಅವನ ಕೈಯಲ್ಲಿದ್ದ ಕೊಡಲಿ ಕೃಜಾರಿ ಕೆರೆಯಲ್ಲಿ ಬಿದ್ದು ಹೋಯಿತು. ಅವನ ಹತ್ತಿರ ಅದೊ೦ದೇ ಕೊಡಲಿಯಿತ್ತು. ಅದು ನೀರಿನಲ್ಲಿ ಬಿತ್ತು ಎಂದು ಅವನಿಗೆ ಬಹಳ ದುಃಖವಾಯಿತು. ಆಗ ಅವನು, 3 ಪುಟ್ಟ ಕೊಡಲಿ ಹೋಯಿತಯ್ಕೊ, ಹೊಟ್ಟೆಗೆ ಪೆಟ್ಟು ಆಯಿತಯ್ಯೊ | ಕಷ್ಟ ಕಪ್ಪ ಕಷ್ಟವಯ್ಯೊ, ಸೃಷ್ಟಿಗೊಡೆಯ ಕಾಯವಯ್ಯೊ",0.768,0.232,0.0,0.885,0.977,0.82,0.18,0.0,0.801,0.949,0.138,0.862,0.851,0.843,0.054
26,"ಒಂದು ಊರಿಣಲ್ಲಿ ಭೀಮಣ್ಣ ಎ೦ಭ ಕಟ್ಟಿಗೆ ಮಾರುವವನಿದ್ದನು. ಅವನು ಪ್ರಥಿದಿಣ ಕಾಡಿಗೆ ಹೋಘಿ ಒಣಗಿರುವ ಮರಗಳನ್ನು ಕಢಿದು, ಕಟ್ಟಿಗೆ ಮಾಢುತ್ಥಿಧ್ದನು. ಅವನ್ನು ಊರಿಗೆ ತಂದು ಮಾರಿ ಅದರಲ್ಲಿ ಬಂಧ ಹಣದಲ್ಳಿ ಝೀವನ ನಡೆಸುಥ್ಥಿದ್ದನು. ಹೀಗೆ ಒಂಧು ದಿನ ಆತ ಖೆರೆಯ ಧಂಡೆಯ ಮೇಲಿದ್ದ ' ಒಣಗಿದ ಮರವೊಂದನ್ನು ಖಡಿಯುತ್ತಿಧ್ದಣು. ಆಗ ಅವನ ಕೈಯಲ್ಲಿದ್ದ ಕೊಡಲಿ ಕೃಜಾರಿ ಕೆರೆಯಲ್ಲಿ ಬಿಧ್ಧು ಹೋಯಿತು. ಅವನ ಹಥ್ಥಿರ ಅದೊ೦ದೇ ಕೊಢಲಿಯಿಥ್ತು. ಆದು ನೀರಿನಲ್ಲಿ ಬಿತ್ತು ಏಂದು ಅವನಿಗೆ ಭಹಳ ಧುಃಖವಾಯಿತು. ಆಗ ಅವನು, 3 ಪುಟ್ಟ ಕೊಡಲಿ ಹೋಯಿತಯ್ಖೊ, ಹೊಟ್ಟೆಗೆ ಪೆಟ್ಟು ಆಯಿತಯ್ಯೊ | ಕಷ್ಟ ಕಫ್ಪ ಕಷ್ಟವಯ್ಯೊ, ಸೃಷ್ಟಿಗೊಡೆಯ ಕಾಯವಯ್ಯೊ",woodcutter_story,"ಒಂದು ಊರಿನಲ್ಲಿ ಭೀಮಣ್ಣ ಎ೦ಬ ಕಟ್ಟಿಗೆ ಮಾರುವವನಿದ್ದನು. ಅವನು ಪ್ರತಿದಿನ ಕಾಡಿಗೆ ಹೋಗಿ ಒಣಗಿರುವ ಮರಗಳನ್ನು ಕಡಿದು, ಕಟ್ಟಿಗೆ ಮಾಡುತ್ತಿದ್ದನು. ಅವನ್ನು ಊರಿಗೆ ತಂದು ಮಾರಿ ಅದರಲ್ಲಿ ಬಂದ ಹಣದಲ್ಲಿ ಜೀವನ ನಡೆಸುತ್ತಿದ್ದನು. ಹೀಗೆ ಒಂದು ದಿನ ಆತ ಕೆರೆಯ ದಂಡೆಯ ಮೇಲಿದ್ದ ' ಒಣಗಿದ ಮರವೊಂದನ್ನು ಕಡಿಯುತ್ತಿದ್ದನು. ಆಗ ಅವನ ಕೈಯಲ್ಲಿದ್ದ ಕೊಡಲಿ ಕೃಜಾರಿ ಕೆರೆಯಲ್ಲಿ ಬಿದ್ದು ಹೋಯಿತು. ಅವನ ಹತ್ತಿರ ಅದೊ೦ದೇ ಕೊಡಲಿಯಿತ್ತು. ಅದು ನೀರಿನಲ್ಲಿ ಬಿತ್ತು ಎಂದು ಅವನಿಗೆ ಬಹಳ ದುಃಖವಾಯಿತು. ಆಗ ಅವನು, 3 ಪುಟ್ಟ ಕೊಡಲಿ ಹೋಯಿತಯ್ಕೊ, ಹೊಟ್ಟೆಗೆ ಪೆಟ್ಟು ಆಯಿತಯ್ಯೊ | ಕಷ್ಟ ಕಪ್ಪ ಕಷ್ಟವಯ್ಯೊ, ಸೃಷ್ಟಿಗೊಡೆಯ ಕಾಯವಯ್ಯೊ",0.823,0.177,0.0,0.799,0.983,0.86,0.14,0.0,0.801,0.96,0.127,0.873,0.851,0.785,0.046
27,"ಒಂಧು ಊರಿನಲ್ಲಿ ಭೀಮನ್ಣ ಎ೦ಬ ಕಟ್ಟಿಘೆ ಮಾರುವವನಿದ್ದನು. ಅವನು ಪ್ರತಿದಿನ ಕಾಡಿಗೆ ಹೋಗಿ ಒಣಗಿರುವ ಮರಗಳನ್ನು ಕಡಿದು, ಖಟ್ಠಿಗೆ ಮಾಡುತ್ಥಿದ್ದನು. ಅವನ್ನು ಊರಿಘೆ ತಂದು ಮಾರಿ ಅದರಲ್ಲಿ ಬಂದ ಹಣಧಲ್ಲಿ ಜೀವನ ನಡೆಸುತ್ತಿದ್ಧನು. ಹೀಗೆ ಒಂದು ದಿನ ಆತ ಕೆರೆಯ ದಂಢೆಯ ಮೇಲಿಧ್ದ ' ಒಣಘಿದ ಮರವೊಂಧನ್ನು ಕಡಿಯುಥ್ಥಿದ್ದಣು. ಆಗ ಅವನ ಕೈಯಲ್ಲಿದ್ದ ಕೊಢಲಿ ಕೃಜಾರಿ ಖೆರೆಯಲ್ಲಿ ಬಿಧ್ಧು ಹೋಯಿಥು. ಆವನ ಹತ್ಥಿರ ಅದೊ೦ದೇ ಖೊಡಲಿಯಿತ್ತು. ಅಧು ನೀರಿಣಲ್ಲಿ ಭಿತ್ತು ಎಂದು ಅವನಿಗೆ ಭಹಳ ದುಃಖವಾಯಿತು. ಆಗ ಅವನು, 3 ಪುಟ್ಟ ಕೊಡಲಿ ಹೋಯಿಥಯ್ಕೊ, ಹೊಠ್ಟೆಗೆ ಫೆಟ್ಟು ಆಯಿತಯ್ಯೊ | ಕಷ್ಟ ಕಫ್ಪ ಕಷ್ಟವಯ್ಯೊ, ಶೃಷ್ಠಿಗೊಡೆಯ ಕಾಯವಯ್ಯೊ",woodcutter_story,"ಒಂದು ಊರಿನಲ್ಲಿ ಭೀಮಣ್ಣ ಎ೦ಬ ಕಟ್ಟಿಗೆ ಮಾರುವವನಿದ್ದನು. ಅವನು ಪ್ರತಿದಿನ ಕಾಡಿಗೆ ಹೋಗಿ ಒಣಗಿರುವ ಮರಗಳನ್ನು ಕಡಿದು, ಕಟ್ಟಿಗೆ ಮಾಡುತ್ತಿದ್ದನು. ಅವನ್ನು ಊರಿಗೆ ತಂದು ಮಾರಿ ಅದರಲ್ಲಿ ಬಂದ ಹಣದಲ್ಲಿ ಜೀವನ ನಡೆಸುತ್ತಿದ್ದನು. ಹೀಗೆ ಒಂದು ದಿನ ಆತ ಕೆರೆಯ ದಂಡೆಯ ಮೇಲಿದ್ದ ' ಒಣಗಿದ ಮರವೊಂದನ್ನು ಕಡಿಯುತ್ತಿದ್ದನು. ಆಗ ಅವನ ಕೈಯಲ್ಲಿದ್ದ ಕೊಡಲಿ ಕೃಜಾರಿ ಕೆರೆಯಲ್ಲಿ ಬಿದ್ದು ಹೋಯಿತು. ಅವನ ಹತ್ತಿರ ಅದೊ೦ದೇ ಕೊಡಲಿಯಿತ್ತು. ಅದು ನೀರಿನಲ್ಲಿ ಬಿತ್ತು ಎಂದು ಅವನಿಗೆ ಬಹಳ ದುಃಖವಾಯಿತು. ಆಗ ಅವನು, 3 ಪುಟ್ಟ ಕೊಡಲಿ ಹೋಯಿತಯ್ಕೊ, ಹೊಟ್ಟೆಗೆ ಪೆಟ್ಟು ಆಯಿತಯ್ಯೊ | ಕಷ್ಟ ಕಪ್ಪ ಕಷ್ಟವಯ್ಯೊ, ಸೃಷ್ಟಿಗೊಡೆಯ ಕಾಯವಯ್ಯೊ",0.812,0.188,0.0,0.897,0.983,0.853,0.147,0.0,0.846,0.96,0.133,0.867,0.851,0.804,0.049
28,"ಒಂದು ಊರಿನಲ್ಲಿ ಭೀಮನ್ಣ ಎ೦ಭ ಕಟ್ಟಿಘೆ ಮಾರುವವನಿಧ್ಧನು. ಅವನು ಫ್ರಥಿಧಿನ ಕಾಡಿಗೆ ಹೋಗಿ ಒಣಗಿರುವ ಮರಗಳನ್ನು ಕಡಿದು, ಕಠ್ಟಿಗೆ ಮಾಡುತ್ಥಿಧ್ಧನು. ಅವನ್ನು ಊರಿಗೆ ತಂದು ಮಾರಿ ಅದರಲ್ಳಿ ಬಂದ ಹಣದಲ್ಲಿ ಜೀವನ ನಡೆಸುತ್ತಿದ್ದಣು. ಹೀಗೆ ಒಂಧು ದಿನ ಆಥ ಕೆರೆಯ ದಂಡೆಯ ಮೇಳಿದ್ಧ ' ಒಣಗಿದ ಮರವೊಂಧಣ್ನು ಕಡಿಯುತ್ತಿಧ್ಧನು. ಅಘ ಅವನ ಕೈಯಲ್ಲಿದ್ಧ ಕೊಢಲಿ ಕೃಜಾರಿ ಕೆರೆಯಲ್ಳಿ ಬಿದ್ದು ಹೋಯಿಥು. ಅವನ ಹಥ್ತಿರ ಆಧೊ೦ದೇ ಖೊಡಲಿಯಿಥ್ತು. ಅದು ನೀರಿನಳ್ಲಿ ಬಿಥ್ತು ಏಂದು ಅವನಿಗೆ ಬಹಲ ದುಃಖವಾಯಿತು. ಆಗ ಅವನು, 3 ಪುಟ್ಟ ಕೊಡಲಿ ಹೋಯಿಥಯ್ಕೊ, ಹೊಟ್ಟೆಗೆ ಪೆಟ್ಠು ಅಯಿತಯ್ಯೊ | ಕಷ್ಠ ಕಪ್ಪ ಕಷ್ಠವಯ್ಯೊ, ಸೃಷ್ಟಿಘೊಡೆಯ ಕಾಯವಯ್ಯೊ",woodcutter_story,"ಒಂದು ಊರಿನಲ್ಲಿ ಭೀಮಣ್ಣ ಎ೦ಬ ಕಟ್ಟಿಗೆ ಮಾರುವವನಿದ್ದನು. ಅವನು ಪ್ರತಿದಿನ ಕಾಡಿಗೆ ಹೋಗಿ ಒಣಗಿರುವ ಮರಗಳನ್ನು ಕಡಿದು, ಕಟ್ಟಿಗೆ ಮಾಡುತ್ತಿದ್ದನು. ಅವನ್ನು ಊರಿಗೆ ತಂದು ಮಾರಿ ಅದರಲ್ಲಿ ಬಂದ ಹಣದಲ್ಲಿ ಜೀವನ ನಡೆಸುತ್ತಿದ್ದನು. ಹೀಗೆ ಒಂದು ದಿನ ಆತ ಕೆರೆಯ ದಂಡೆಯ ಮೇಲಿದ್ದ ' ಒಣಗಿದ ಮರವೊಂದನ್ನು ಕಡಿಯುತ್ತಿದ್ದನು. ಆಗ ಅವನ ಕೈಯಲ್ಲಿದ್ದ ಕೊಡಲಿ ಕೃಜಾರಿ ಕೆರೆಯಲ್ಲಿ ಬಿದ್ದು ಹೋಯಿತು. ಅವನ ಹತ್ತಿರ ಅದೊ೦ದೇ ಕೊಡಲಿಯಿತ್ತು. ಅದು ನೀರಿನಲ್ಲಿ ಬಿತ್ತು ಎಂದು ಅವನಿಗೆ ಬಹಳ ದುಃಖವಾಯಿತು. ಆಗ ಅವನು, 3 ಪುಟ್ಟ ಕೊಡಲಿ ಹೋಯಿತಯ್ಕೊ, ಹೊಟ್ಟೆಗೆ ಪೆಟ್ಟು ಆಯಿತಯ್ಯೊ | ಕಷ್ಟ ಕಪ್ಪ ಕಷ್ಟವಯ್ಯೊ, ಸೃಷ್ಟಿಗೊಡೆಯ ಕಾಯವಯ್ಯೊ",0.779,0.221,0.0,0.942,0.98,0.794,0.206,0.0,0.926,0.945,0.105,0.895,0.851,0.776,0.039
29,"ಒಂದು ಉರಿನಲ್ಲಿ ಭೀಮಣ್ಣ ಎ೦ಬ ಖಟ್ಠಿಗೆ ಮಾರುವವನಿಧ್ದನು. ಆವನು ಪ್ರತಿದಿನ ಕಾಡಿಗೆ ಹೋಗಿ ಒಣಘಿರುವ ಮರಗಳಣ್ಣು ಕಡಿದು, ಖಟ್ಟಿಗೆ ಮಾಡುಥ್ತಿದ್ದಣು. ಆವನ್ನು ಊರಿಘೆ ತಂದು ಮಾರಿ ಅದರಲ್ಳಿ ಬಂಧ ಹನಧಲ್ಲಿ ಜೀವನ ನಡೆಶುಥ್ತಿದ್ಧನು. ಹೀಗೆ ಒಂದು ದಿನ ಆತ ಖೆರೆಯ ದಂಡೆಯ ಮೇಲಿದ್ಧ ' ಒಣಗಿದ ಮರವೊಂದಣ್ಣು ಕಡಿಯುತ್ತಿದ್ದನು. ಅಗ ಅವನ ಕೈಯಲ್ಳಿದ್ದ ಕೊಡಲಿ ಕೃಜಾರಿ ಕೆರೆಯಳ್ಲಿ ಭಿಧ್ದು ಹೋಯಿತು. ಅವನ ಹಥ್ತಿರ ಅದೊ೦ದೇ ಉಳಿಯಿಥ್ತು. ಅದು ಣೀರಿಣಲ್ಲಿ ಭಿತ್ತು ಎಂದು ಅವಣಿಗೆ ಬಹಲ ದುಃಖವಾಯಿಥು. ಅಗ ಅವನು, 3 ಪುಟ್ಠ ಕೊಡಲಿ ಹೋಯಿತಯ್ಖೊ, ಹೊಟ್ಟೆಗೆ ಪೆಟ್ಠು ಆಯಿತಯ್ಯೊ | ಖಷ್ಟ ಕಪ್ಪ ಕಷ್ಠವಯ್ಯೊ, ಶೃಷ್ಠಿಘೊಡೆಯ ಕಾಯವಯ್ಯೊ",woodcutter_story,"ಒಂದು ಊರಿನಲ್ಲಿ ಭೀಮಣ್ಣ ಎ೦ಬ ಕಟ್ಟಿಗೆ ಮಾರುವವನಿದ್ದನು. ಅವನು ಪ್ರತಿದಿನ ಕಾಡಿಗೆ ಹೋಗಿ ಒಣಗಿರುವ ಮರಗಳನ್ನು ಕಡಿದು, ಕಟ್ಟಿಗೆ ಮಾಡುತ್ತಿದ್ದನು. ಅವನ್ನು ಊರಿಗೆ ತಂದು ಮಾರಿ ಅದರಲ್ಲಿ ಬಂದ ಹಣದಲ್ಲಿ ಜೀವನ ನಡೆಸುತ್ತಿದ್ದನು. ಹೀಗೆ ಒಂದು ದಿನ ಆತ ಕೆರೆಯ ದಂಡೆಯ ಮೇಲಿದ್ದ ' ಒಣಗಿದ ಮರವೊಂದನ್ನು ಕಡಿಯುತ್ತಿದ್ದನು. ಆಗ ಅವನ ಕೈಯಲ್ಲಿದ್ದ ಕೊಡಲಿ ಕೃಜಾರಿ ಕೆರೆಯಲ್ಲಿ ಬಿದ್ದು ಹೋಯಿತು. ಅವನ ಹತ್ತಿರ ಅದೊ೦ದೇ ಕೊಡಲಿಯಿತ್ತು. ಅದು ನೀರಿನಲ್ಲಿ ಬಿತ್ತು ಎಂದು ಅವನಿಗೆ ಬಹಳ ದುಃಖವಾಯಿತು. ಆಗ ಅವನು, 3 ಪುಟ್ಟ ಕೊಡಲಿ ಹೋಯಿತಯ್ಕೊ, ಹೊಟ್ಟೆಗೆ ಪೆಟ್ಟು ಆಯಿತಯ್ಯೊ | ಕಷ್ಟ ಕಪ್ಪ ಕಷ್ಟವಯ್ಯೊ, ಸೃಷ್ಟಿಗೊಡೆಯ ಕಾಯವಯ್ಯೊ",0.74,0.26,0.006,0.809,0.97,0.746,0.254,0.004,0.77,0.916,0.122,0.878,0.85,0.791,0.045
30,"ಓಂದು ಊರಿನಲ್ಲಿ ಭೀಮಣ್ಣ ಏ೦ಬ ಕಟ್ಟಿಗೆ ಮಾರುವವನಿದ್ಧನು. ಅವನು ಪ್ರತಿದಿನ ಕಾಡಿಗೆ ಹೋಗಿ ಒಣಗಿರುವ ಮರಗಳನ್ನು ಕಡಿಧು, ಕಟ್ಠಿಗೆ ಮಾಢುಥ್ತಿದ್ದಣು. ಅವನ್ನು ಊರಿಗೆ ತಂದು ಮಾರಿ ಆಧರಲ್ಲಿ ಬಂದ ಹಣಧಲ್ಲಿ ಝೀವಣ ಣಡೆಸುತ್ಥಿದ್ದನು. ಹೀಗೆ ಒಂದು ದಿನ ಅಥ ಕೆರೆಯ ದಂಡೆಯ ಮೇಲಿದ್ಧ ' ಒಣಗಿದ ಮರವೊಂದನ್ನು ಕಡಿಯುತ್ಥಿದ್ದಣು. ಆಘ ಅವನ ಕೈಯಲ್ಲಿದ್ದ ಕೊಢಲಿ ಕೃಜಾರಿ ಕೆರೆಯಲ್ಳಿ ಬಿಧ್ಧು ಹೋಯಿತು. ಅವಣ ಹತ್ಥಿರ ಅದೊ೦ದೇ ಉಳಿಯಿಥ್ಥು. ಅದು ನೀರಿನಲ್ಲಿ ಭಿತ್ತು ಎಂದು ಅವನಿಗೆ ಬಹಳ ದುಃಖವಾಯಿತು. ಅಗ ಅವಣು, 3 ಪುಟ್ಠ ಕೊಢಲಿ ಹೋಯಿತಯ್ಕೊ, ಹೊಠ್ಟೆಗೆ ಪೆಟ್ಟು ಆಯಿತಯ್ಯೊ | ಕಷ್ಟ ಕಪ್ಪ ಕಷ್ಟವಯ್ಯೊ, ಸೃಷ್ಟಿಘೊಢೆಯ ಖಾಯವಯ್ಯೊ",woodcutter_story,"ಒಂದು ಊರಿನಲ್ಲಿ ಭೀಮಣ್ಣ ಎ೦ಬ ಕಟ್ಟಿಗೆ ಮಾರುವವನಿದ್ದನು. ಅವನು ಪ್ರತಿದಿನ ಕಾಡಿಗೆ ಹೋಗಿ ಒಣಗಿರುವ ಮರಗಳನ್ನು ಕಡಿದು, ಕಟ್ಟಿಗೆ ಮಾಡುತ್ತಿದ್ದನು. ಅವನ್ನು ಊರಿಗೆ ತಂದು ಮಾರಿ ಅದರಲ್ಲಿ ಬಂದ ಹಣದಲ್ಲಿ ಜೀವನ ನಡೆಸುತ್ತಿದ್ದನು. ಹೀಗೆ ಒಂದು ದಿನ ಆತ ಕೆರೆಯ ದಂಡೆಯ ಮೇಲಿದ್ದ ' ಒಣಗಿದ ಮರವೊಂದನ್ನು ಕಡಿಯುತ್ತಿದ್ದನು. ಆಗ ಅವನ ಕೈಯಲ್ಲಿದ್ದ ಕೊಡಲಿ ಕೃಜಾರಿ ಕೆರೆಯಲ್ಲಿ ಬಿದ್ದು ಹೋಯಿತು. ಅವನ ಹತ್ತಿರ ಅದೊ೦ದೇ ಕೊಡಲಿಯಿತ್ತು. ಅದು ನೀರಿನಲ್ಲಿ ಬಿತ್ತು ಎಂದು ಅವನಿಗೆ ಬಹಳ ದುಃಖವಾಯಿತು. ಆಗ ಅವನು, 3 ಪುಟ್ಟ ಕೊಡಲಿ ಹೋಯಿತಯ್ಕೊ, ಹೊಟ್ಟೆಗೆ ಪೆಟ್ಟು ಆಯಿತಯ್ಯೊ | ಕಷ್ಟ ಕಪ್ಪ ಕಷ್ಟವಯ್ಯೊ, ಸೃಷ್ಟಿಗೊಡೆಯ ಕಾಯವಯ್ಯೊ",0.79,0.21,0.006,0.843,0.979,0.79,0.21,0.004,0.87,0.941,0.133,0.867,0.85,0.822,0.051
1,ದಶರಾ ಹಬ್ಬವು 600 ವರ್ಷಘಳ ಹಿಂದೆ ವಿಜಯನಗರ ಸಾಮ್ರಾಜ್ಯದ ರಾಜರುಗಳ ಕಾಲದಿಂದ ಆಚರಣೆಯಲ್ಲಿರುವುದಕ್ಖೆ ಸಾಕ್ಷಿಗಲು ದೊರೆತಿವೆ. ಈಗಿನ ಕರ್ನಾಟಕಧ ಮೂಲ ಪ್ರದೇಸಗಲನ್ನು ಅಲುತ್ಥಿದ್ದ ಒಡೆಯರ ರಾಜ ಮನೆತನ ಈ ದಸರಾ ಉತ್ಸವವನ್ನು 400 ವರ್ಷಗಳ ಹಿಂದೆ ಮೈಸೂರಿನಲ್ಳಿ ಆಚರಿಸಲು ಫ್ರಾರಂಭಿಸಿತು. ಮೈಶೂರು ದಸರಾ ಉತ್ಸವವು ಓಟ್ಟು 20 ದಿನಗಳ ಆಚರಣೆಯಾಗಿಥ್ಥು. ಇಧನ್ನು ಪ್ರತೀವರ್ಷ ಸೆಪ್ಟೆಂಬರ್ ಅತವಾ ಅಖ್ಟೋಬರ್ ತಿಂಘಲಲ್ಳಿ ಬಹಲ ಏಜೃಂಭನೆಯಿಂಧ ಆಚರಿಸಲಾಗುಥ್ತದೆ. ಈ ಊಥ್ಸವವು ಓಡೆಯರ ನೇಥೃತ್ವದಳ್ಲಿ ನಢೆಯುತ್ತಿಧ್ದಾಗ ರಾಜರು ಆನೆಯ ಮೇಲೆ ಚಿನ್ನಧ ಅಂಭಾರಿಯಲ್ಳ ಕುಳಿತು ಧಸರಾ ಮೆರವಣಿಗೆಯಳ್ಳಿ ಸಾಗುಥ್ಥಿದ್ಧರು. ಭಾರಥ ಧೇಸ ಶ್ವಥಂತ್ರವಾದ ನಂಥರ ದಸರಾ ಉಥ್ಸವವು ಶರ್ಖಾರದ ನೇಥೃತ್ವದಲ್ಲಿ ಅಚರನೆಘೊಳ್ಳುತ್ತ ಬಂದಿದೆ. ಈಗ ಮೆರವನಿಘೆಯಲ್ಲಿ ಅಂಬಾರಿಯ ಮೇಳೆ ದೇವಿ ಚಾಮುಂಡೇಶ್ವರಿಯ ಮೂರ್ತಿ ಮಾತ್ರ ಸಾಘುಥ್ಥದೆ.,dasara,ದಸರಾ ಹಬ್ಬವು 600 ವರ್ಷಗಳ ಹಿಂದೆ ವಿಜಯನಗರ ಸಾಮ್ರಾಜ್ಯದ ರಾಜರುಗಳ ಕಾಲದಿಂದ ಆಚರಣೆಯಲ್ಲಿರುವುದಕ್ಕೆ ಸಾಕ್ಷಿಗಳು ದೊರೆತಿವೆ. ಈಗಿನ ಕರ್ನಾಟಕದ ಮೂಲ ಪ್ರದೇಶಗಳನ್ನು ಆಳುತ್ತಿದ್ದ ಒಡೆಯರ ರಾಜ ಮನೆತನ ಈ ದಸರಾ ಉತ್ಸವವನ್ನು 400 ವರ್ಷಗಳ ಹಿಂದೆ ಮೈಸೂರಿನಲ್ಲಿ ಆಚರಿಸಲು ಪ್ರಾರಂಭಿಸಿತು. ಮೈಸೂರು ದಸರಾ ಉತ್ಸವವು ಒಟ್ಟು 20 ದಿನಗಳ ಆಚರಣೆಯಾಗಿತ್ತು. ಇದನ್ನು ಪ್ರತೀವರ್ಷ ಸೆಪ್ಟೆಂಬರ್ ಅಥವಾ ಅಕ್ಟೋಬರ್ ತಿಂಗಳಲ್ಲಿ ಬಹಳ ಏಜೃಂಭಣೆಯಿಂದ ಆಚರಿಸಲಾಗುತ್ತದೆ. ಈ ಉತ್ಸವವು ಒಡೆಯರ ನೇತೃತ್ವದಲ್ಲಿ ನಡೆಯುತ್ತಿದ್ದಾಗ ರಾಜರು ಆನೆಯ ಮೇಲೆ ಚಿನ್ನದ ಅಂಬಾರಿಯಲ್ಲ ಕುಳಿತು ದಸರಾ ಮೆರವಣಿಗೆಯಲ್ಲಿ ಸಾಗುತ್ತಿದ್ದರು. ಭಾರತ ದೇಶ ಸ್ವತಂತ್ರವಾದ ನಂತರ ದಸರಾ ಉತ್ಸವವು ಸರ್ಕಾರದ ನೇತೃತ್ವದಲ್ಲಿ ಆಚರಣೆಗೊಳ್ಳುತ್ತ ಬಂದಿದೆ. ಈಗ ಮೆರವಣಿಗೆಯಲ್ಲಿ ಅಂಬಾರಿಯ ಮೇಲೆ ದೇವಿ ಚಾಮುಂಡೇಶ್ವರಿಯ ಮೂರ್ತಿ ಮಾತ್ರ ಸಾಗುತ್ತದೆ.,0.675,0.325,0.0,0.883,0.957,0.754,0.246,0.0,0.812,0.923,0.121,0.879,0.84,0.901,0.051
2,ದಸರಾ ಹಬ್ಬವು 600 ವರ್ಷಗಳ ಹಿಂಧೆ ವಿಜಯನಗರ ಸಾಮ್ರಾಜ್ಯದ ರಾಝರುಗಳ ಕಾಳದಿಂಧ ಆಚರಣೆಯಳ್ಲಿರುವುಧಕ್ಕೆ ಶಾಖ್ಷಿಗಳು ದೊರೆಥಿವೆ. ಈಘಿಣ ಖರ್ಣಾಟಕಧ ಮೂಲ ಫ್ರದೇಸಗಲನ್ಣು ಅಳುತ್ತಿದ್ದ ಒಢೆಯರ ರಾಜ ಮನೆಥಣ ಈ ದಸರಾ ಉತ್ಸವವನ್ನು 400 ವರ್ಷಗಳ ಹಿಂಧೆ ಮೈಶೂರಿನಲ್ಲಿ ಆಚರಿಸಲು ಪ್ರಾರಂಭಿಶಿತು. ಮೈಶೂರು ಧಸರಾ ಉತ್ಸವವು ಓಟ್ಟು 20 ದಿನಗಳ ಆಚರಣೆಯಾಗಿತ್ತು. ಈದನ್ನು ಪ್ರತೀವರ್ಷ ಸೆಪ್ಟೆಂಬರ್ ಅಥವಾ ಅಕ್ಟೋಬರ್ ಥಿಂಗಳಲ್ಲಿ ಬಹಳ ಏಝೃಂಬನೆಯಿಂದ ಅಚರಿಸಲಾಗುಥ್ಥಧೆ. ಈ ಉತ್ಸವವು ಒಡೆಯರ ನೇಥೃಥ್ವದಲ್ಲಿ ಣಡೆಯುಥ್ತಿದ್ದಾಗ ರಾಜರು ಆಣೆಯ ಮೇಲೆ ಚಿನ್ನದ ಅಂಬಾರಿಯಲ್ಲ ಕುಲಿತು ದಸರಾ ಮೆರವನಿಗೆಯಳ್ಲಿ ಸಾಗುತ್ತಿದ್ದರು. ಭಾರತ ದೇಸ ಶ್ವತಂತ್ರವಾದ ನಂತರ ದಶರಾ ಉಥ್ಶವವು ಸರ್ಕಾರದ ನೇತೃತ್ವದಲ್ಲಿ ಆಚರಣೆಗೊಲ್ಲುತ್ಥ ಬಂದಿದೆ. ಈಗ ಮೆರವನಿಘೆಯಲ್ಳಿ ಅಂಬಾರಿಯ ಮೇಲೆ ದೇವಿ ಚಾಮುಂಡೇಸ್ವರಿಯ ಮೂರ್ಥಿ ಮಾತ್ರ ಶಾಘುತ್ತದೆ.,dasara,ದಸರಾ ಹಬ್ಬವು 600 ವರ್ಷಗಳ ಹಿಂದೆ ವಿಜಯನಗರ ಸಾಮ್ರಾಜ್ಯದ ರಾಜರುಗಳ ಕಾಲದಿಂದ ಆಚರಣೆಯಲ್ಲಿರುವುದಕ್ಕೆ ಸಾಕ್ಷಿಗಳು ದೊರೆತಿವೆ. ಈಗಿನ ಕರ್ನಾಟಕದ ಮೂಲ ಪ್ರದೇಶಗಳನ್ನು ಆಳುತ್ತಿದ್ದ ಒಡೆಯರ ರಾಜ ಮನೆತನ ಈ ದಸರಾ ಉತ್ಸವವನ್ನು 400 ವರ್ಷಗಳ ಹಿಂದೆ ಮೈಸೂರಿನಲ್ಲಿ ಆಚರಿಸಲು ಪ್ರಾರಂಭಿಸಿತು. ಮೈಸೂರು ದಸರಾ ಉತ್ಸವವು ಒಟ್ಟು 20 ದಿನಗಳ ಆಚರಣೆಯಾಗಿತ್ತು. ಇದನ್ನು ಪ್ರತೀವರ್ಷ ಸೆಪ್ಟೆಂಬರ್ ಅಥವಾ ಅಕ್ಟೋಬರ್ ತಿಂಗಳಲ್ಲಿ ಬಹಳ ಏಜೃಂಭಣೆಯಿಂದ ಆಚರಿಸಲಾಗುತ್ತದೆ. ಈ ಉತ್ಸವವು ಒಡೆಯರ ನೇತೃತ್ವದಲ್ಲಿ ನಡೆಯುತ್ತಿದ್ದಾಗ ರಾಜರು ಆನೆಯ ಮೇಲೆ ಚಿನ್ನದ ಅಂಬಾರಿಯಲ್ಲ ಕುಳಿತು ದಸರಾ ಮೆರವಣಿಗೆಯಲ್ಲಿ ಸಾಗುತ್ತಿದ್ದರು. ಭಾರತ ದೇಶ ಸ್ವತಂತ್ರವಾದ ನಂತರ ದಸರಾ ಉತ್ಸವವು ಸರ್ಕಾರದ ನೇತೃತ್ವದಲ್ಲಿ ಆಚರಣೆಗೊಳ್ಳುತ್ತ ಬಂದಿದೆ. ಈಗ ಮೆರವಣಿಗೆಯಲ್ಲಿ ಅಂಬಾರಿಯ ಮೇಲೆ ದೇವಿ ಚಾಮುಂಡೇಶ್ವರಿಯ ಮೂರ್ತಿ ಮಾತ್ರ ಸಾಗುತ್ತದೆ.,0.632,0.368,0.0,0.873,0.942,0.787,0.213,0.0,0.814,0.937,0.095,0.905,0.84,0.942,0.044
3,ದಸರಾ ಹಬ್ಬವು 600 ವರ್ಷಘಳ ಹಿಂದೆ ವಿಝಯನಗರ ಶಾಮ್ರಾಜ್ಯದ ರಾಜರುಗಳ ಖಾಲಧಿಂದ ಆಛರಣೆಯಲ್ಳಿರುವುಧಕ್ಕೆ ಸಾಕ್ಷಿಗಲು ದೊರೆಥಿವೆ. ಈಗಿನ ಕರ್ನಾಟಕದ ಮೂಳ ಪ್ರದೇಸಗಲನ್ನು ಆಳುತ್ತಿದ್ದ ಓಡೆಯರ ರಾಜ ಮನೆತನ ಈ ದಸರಾ ಉತ್ಶವವಣ್ನು 400 ವರ್ಷಗಳ ಹಿಂದೆ ಮೈಸೂರಿನಳ್ಲಿ ಆಛರಿಸಲು ಪ್ರಾರಂಭಿಸಿತು. ಮೈಸೂರು ದಶರಾ ಉತ್ಸವವು ಓಟ್ಟು 20 ಧಿನಗಳ ಆಛರಣೆಯಾಘಿಥ್ತು. ಇಧನ್ನು ಫ್ರತೀವರ್ಷ ಸೆಪ್ಟೆಂಬರ್ ಅಥವಾ ಅಖ್ಠೋಬರ್ ಥಿಂಗಳಳ್ಲಿ ಬಹಲ ಏಜೃಂಭಣೆಯಿಂದ ಆಛರಿಸಲಾಗುಥ್ಥಧೆ. ಈ ಉಥ್ಸವವು ಓಡೆಯರ ನೇತೃತ್ವದಲ್ಲಿ ನಢೆಯುತ್ತಿದ್ದಾಗ ರಾಜರು ಆನೆಯ ಮೇಲೆ ಛಿನ್ಣದ ಆಂಬಾರಿಯಲ್ಳ ಖುಳಿತು ಧಸರಾ ಮೆರವಣಿಗೆಯಲ್ಳಿ ಸಾಘುಥ್ತಿದ್ದರು. ಬಾರಥ ದೇಶ ಸ್ವಥಂಥ್ರವಾದ ನಂತರ ದಸರಾ ಉತ್ಸವವು ಸರ್ಕಾರಧ ನೇತೃತ್ವದಲ್ಲಿ ಆಚರಣೆಗೊಳ್ಲುತ್ತ ಬಂದಿಧೆ. ಈಗ ಮೆರವಣಿಗೆಯಲ್ಲಿ ಆಂಬಾರಿಯ ಮೇಲೆ ದೇವಿ ಚಾಮುಂಢೇಶ್ವರಿಯ ಮೂರ್ತಿ ಮಾತ್ರ ಸಾಗುತ್ಥದೆ.,dasara,ದಸರಾ ಹಬ್ಬವು 600 ವರ್ಷಗಳ ಹಿಂದೆ ವಿಜಯನಗರ ಸಾಮ್ರಾಜ್ಯದ ರಾಜರುಗಳ ಕಾಲದಿಂದ ಆಚರಣೆಯಲ್ಲಿರುವುದಕ್ಕೆ ಸಾಕ್ಷಿಗಳು ದೊರೆತಿವೆ. ಈಗಿನ ಕರ್ನಾಟಕದ ಮೂಲ ಪ್ರದೇಶಗಳನ್ನು ಆಳುತ್ತಿದ್ದ ಒಡೆಯರ ರಾಜ ಮನೆತನ ಈ ದಸರಾ ಉತ್ಸವವನ್ನು 400 ವರ್ಷಗಳ ಹಿಂದೆ ಮೈಸೂರಿನಲ್ಲಿ ಆಚರಿಸಲು ಪ್ರಾರಂಭಿಸಿತು. ಮೈಸೂರು ದಸರಾ ಉತ್ಸವವು ಒಟ್ಟು 20 ದಿನಗಳ ಆಚರಣೆಯಾಗಿತ್ತು. ಇದನ್ನು ಪ್ರತೀವರ್ಷ ಸೆಪ್ಟೆಂಬರ್ ಅಥವಾ ಅಕ್ಟೋಬರ್ ತಿಂಗಳಲ್ಲಿ ಬಹಳ ಏಜೃಂಭಣೆಯಿಂದ ಆಚರಿಸಲಾಗುತ್ತದೆ. ಈ ಉತ್ಸವವು ಒಡೆಯರ ನೇತೃತ್ವದಲ್ಲಿ ನಡೆಯುತ್ತಿದ್ದಾಗ ರಾಜರು ಆನೆಯ ಮೇಲೆ ಚಿನ್ನದ ಅಂಬಾರಿಯಲ್ಲ ಕುಳಿತು ದಸರಾ ಮೆರವಣಿಗೆಯಲ್ಲಿ ಸಾಗುತ್ತಿದ್ದರು. ಭಾರತ ದೇಶ ಸ್ವತಂತ್ರವಾದ ನಂತರ ದಸರಾ ಉತ್ಸವವು ಸರ್ಕಾರದ ನೇತೃತ್ವದಲ್ಲಿ ಆಚರಣೆಗೊಳ್ಳುತ್ತ ಬಂದಿದೆ. ಈಗ ಮೆರವಣಿಗೆಯಲ್ಲಿ ಅಂಬಾರಿಯ ಮೇಲೆ ದೇವಿ ಚಾಮುಂಡೇಶ್ವರಿಯ ಮೂರ್ತಿ ಮಾತ್ರ ಸಾಗುತ್ತದೆ.,0.706,0.294,0.0,0.806,0.962,0.771,0.229,0.0,0.856,0.933,0.052,0.948,0.84,0.83,0.028
4,ದಶರಾ ಹಬ್ಬವು 600 ವರ್ಷಗಲ ಹಿಂದೆ ವಿಝಯನಘರ ಸಾಮ್ರಾಜ್ಯದ ರಾಜರುಗಳ ಕಾಲಧಿಂದ ಆಛರಣೆಯಲ್ಲಿರುವುದಕ್ಕೆ ಶಾಖ್ಷಿಗಳು ದೊರೆಥಿವೆ. ಈಗಿನ ಕರ್ನಾಟಕದ ಮೂಲ ಪ್ರದೇಶಗಲನ್ನು ಆಲುತ್ತಿದ್ಧ ಒಢೆಯರ ರಾಜ ಮನೆಥನ ಈ ದಸರಾ ಉತ್ಸವವನ್ನು 400 ವರ್ಷಗಳ ಹಿಂದೆ ಮೈಸೂರಿನಲ್ಳಿ ಆಛರಿಸಲು ಪ್ರಾರಂಬಿಶಿತು. ಮೈಸೂರು ದಸರಾ ಉತ್ಶವವು ಓಟ್ಟು 20 ದಿಣಗಳ ಆಚರಣೆಯಾಗಿಥ್ತು. ಇದನ್ಣು ಪ್ರತೀವರ್ಷ ಸೆಫ್ಟೆಂಬರ್ ಅತವಾ ಅಕ್ಟೋಬರ್ ತಿಂಗಳಲ್ಲಿ ಭಹಳ ಏಜೃಂಭನೆಯಿಂದ ಆಚರಿಶಲಾಗುತ್ಥದೆ. ಈ ಉತ್ಸವವು ಓಡೆಯರ ನೇತೃತ್ವದಳ್ಲಿ ನಡೆಯುತ್ತಿದ್ಧಾಗ ರಾಝರು ಅನೆಯ ಮೇಲೆ ಚಿನ್ನಧ ಅಂಭಾರಿಯಲ್ಲ ಕುಳಿಥು ಧಶರಾ ಮೆರವಣಿಗೆಯಲ್ಲಿ ಸಾಘುತ್ತಿದ್ದರು. ಭಾರತ ದೇಸ ಶ್ವತಂಥ್ರವಾಧ ನಂತರ ದಸರಾ ಊಥ್ಸವವು ಸರ್ಕಾರಧ ನೇಥೃಥ್ವದಲ್ಲಿ ಆಚರಣೆಗೊಲ್ಳುತ್ಥ ಭಂದಿದೆ. ಈಗ ಮೆರವಣಿಗೆಯಲ್ಲಿ ಅಂಬಾರಿಯ ಮೇಲೆ ದೇವಿ ಚಾಮುಂಡೇಶ್ವರಿಯ ಮೂರ್ತಿ ಮಾತ್ರ ಶಾಗುತ್ಥದೆ.,dasara,ದಸರಾ ಹಬ್ಬವು 600 ವರ್ಷಗಳ ಹಿಂದೆ ವಿಜಯನಗರ ಸಾಮ್ರಾಜ್ಯದ ರಾಜರುಗಳ ಕಾಲದಿಂದ ಆಚರಣೆಯಲ್ಲಿರುವುದಕ್ಕೆ ಸಾಕ್ಷಿಗಳು ದೊರೆತಿವೆ. ಈಗಿನ ಕರ್ನಾಟಕದ ಮೂಲ ಪ್ರದೇಶಗಳನ್ನು ಆಳುತ್ತಿದ್ದ ಒಡೆಯರ ರಾಜ ಮನೆತನ ಈ ದಸರಾ ಉತ್ಸವವನ್ನು 400 ವರ್ಷಗಳ ಹಿಂದೆ ಮೈಸೂರಿನಲ್ಲಿ ಆಚರಿಸಲು ಪ್ರಾರಂಭಿಸಿತು. ಮೈಸೂರು ದಸರಾ ಉತ್ಸವವು ಒಟ್ಟು 20 ದಿನಗಳ ಆಚರಣೆಯಾಗಿತ್ತು. ಇದನ್ನು ಪ್ರತೀವರ್ಷ ಸೆಪ್ಟೆಂಬರ್ ಅಥವಾ ಅಕ್ಟೋಬರ್ ತಿಂಗಳಲ್ಲಿ ಬಹಳ ಏಜೃಂಭಣೆಯಿಂದ ಆಚರಿಸಲಾಗುತ್ತದೆ. ಈ ಉತ್ಸವವು ಒಡೆಯರ ನೇತೃತ್ವದಲ್ಲಿ ನಡೆಯುತ್ತಿದ್ದಾಗ ರಾಜರು ಆನೆಯ ಮೇಲೆ ಚಿನ್ನದ ಅಂಬಾರಿಯಲ್ಲ ಕುಳಿತು ದಸರಾ ಮೆರವಣಿಗೆಯಲ್ಲಿ ಸಾಗುತ್ತಿದ್ದರು. ಭಾರತ ದೇಶ ಸ್ವತಂತ್ರವಾದ ನಂತರ ದಸರಾ ಉತ್ಸವವು ಸರ್ಕಾರದ ನೇತೃತ್ವದಲ್ಲಿ ಆಚರಣೆಗೊಳ್ಳುತ್ತ ಬಂದಿದೆ. ಈಗ ಮೆರವಣಿಗೆಯಲ್ಲಿ ಅಂಬಾರಿಯ ಮೇಲೆ ದೇವಿ ಚಾಮುಂಡೇಶ್ವರಿಯ ಮೂರ್ತಿ ಮಾತ್ರ ಸಾಗುತ್ತದೆ.,0.701,0.299,0.0,0.875,0.963,0.818,0.182,0.0,0.895,0.951,0.039,0.961,0.84,0.804,0.025
5,ದಶರಾ ಹಭ್ಬವು 600 ವರ್ಷಘಲ ಹಿಂದೆ ವಿಜಯನಘರ ಶಾಮ್ರಾಜ್ಯದ ರಾಜರುಘಳ ಕಾಲದಿಂದ ಆಚರಣೆಯಲ್ಲಿರುವುದಕ್ಖೆ ಸಾಕ್ಷಿಗಳು ದೊರೆತಿವೆ. ಈಗಿನ ಕರ್ನಾಠಖದ ಮೂಲ ಪ್ರದೇಶಗಲನ್ನು ಅಳುತ್ಥಿದ್ಧ ಒಡೆಯರ ರಾಜ ಮಣೆಥನ ಈ ದಸರಾ ಉತ್ಸವವನ್ಣು 400 ವರ್ಷಗಳ ಹಿಂದೆ ಮೈಸೂರಿಣಲ್ಲಿ ಆಚರಿಸಲು ಫ್ರಾರಂಭಿಸಿಥು. ಮೈಸೂರು ದಸರಾ ಉತ್ಶವವು ಒಟ್ಟು 20 ದಿಣಗಳ ಆಚರಣೆಯಾಘಿತ್ತು. ಈದನ್ನು ಪ್ರಥೀವರ್ಷ ಸೆಪ್ಟೆಂಬರ್ ಆತವಾ ಅಕ್ಟೋಬರ್ ತಿಂಗಳಲ್ಲಿ ಬಹಳ ಏಜೃಂಭಣೆಯಿಂದ ಅಚರಿಸಲಾಗುತ್ತಧೆ. ಅಚರಿಸಲಾಗುತ್ತಧೆ. ಈ ಊಥ್ಸವವು ಒಡೆಯರ ನೇತೃಥ್ವಧಲ್ಲಿ ನಡೆಯುತ್ತಿದ್ದಾಗ ರಾಜರು ಅನೆಯ ಮೇಲೆ ಚಿನ್ನಧ ಅಂಭಾರಿಯಲ್ಲ ಖುಲಿತು ದಸರಾ ಮೆರವಣಿಗೆಯಲ್ಲಿ ಸಾಗುತ್ತಿಧ್ದರು. ಭಾರಥ ದೇಶ ಸ್ವತಂಥ್ರವಾದ ನಂಥರ ಧಸರಾ ಉತ್ಸವವು ಶರ್ಕಾರದ ನೇತೃಥ್ವದಳ್ಲಿ ಆಚರನೆಗೊಳ್ಲುತ್ತ ಬಂಧಿದೆ. ಈಘ ಮೆರವಣಿಗೆಯಲ್ಲಿ ಅಂಬಾರಿಯ ಮೇಳೆ ದೇವಿ ಚಾಮುಂಡೇಸ್ವರಿಯ ಮೂರ್ಥಿ ಮಾಥ್ರ ಸಾಗುತ್ತಧೆ.,dasara,ದಸರಾ ಹಬ್ಬವು 600 ವರ್ಷಗಳ ಹಿಂದೆ ವಿಜಯನಗರ ಸಾಮ್ರಾಜ್ಯದ ರಾಜರುಗಳ ಕಾಲದಿಂದ ಆಚರಣೆಯಲ್ಲಿರುವುದಕ್ಕೆ ಸಾಕ್ಷಿಗಳು ದೊರೆತಿವೆ. ಈಗಿನ ಕರ್ನಾಟಕದ ಮೂಲ ಪ್ರದೇಶಗಳನ್ನು ಆಳುತ್ತಿದ್ದ ಒಡೆಯರ ರಾಜ ಮನೆತನ ಈ ದಸರಾ ಉತ್ಸವವನ್ನು 400 ವರ್ಷಗಳ ಹಿಂದೆ ಮೈಸೂರಿನಲ್ಲಿ ಆಚರಿಸಲು ಪ್ರಾರಂಭಿಸಿತು. ಮೈಸೂರು ದಸರಾ ಉತ್ಸವವು ಒಟ್ಟು 20 ದಿನಗಳ ಆಚರಣೆಯಾಗಿತ್ತು. ಇದನ್ನು ಪ್ರತೀವರ್ಷ ಸೆಪ್ಟೆಂಬರ್ ಅಥವಾ ಅಕ್ಟೋಬರ್ ತಿಂಗಳಲ್ಲಿ ಬಹಳ ಏಜೃಂಭಣೆಯಿಂದ ಆಚರಿಸಲಾಗುತ್ತದೆ. ಈ ಉತ್ಸವವು ಒಡೆಯರ ನೇತೃತ್ವದಲ್ಲಿ ನಡೆಯುತ್ತಿದ್ದಾಗ ರಾಜರು ಆನೆಯ ಮೇಲೆ ಚಿನ್ನದ ಅಂಬಾರಿಯಲ್ಲ ಕುಳಿತು ದಸರಾ ಮೆರವಣಿಗೆಯಲ್ಲಿ ಸಾಗುತ್ತಿದ್ದರು. ಭಾರತ ದೇಶ ಸ್ವತಂತ್ರವಾದ ನಂತರ ದಸರಾ ಉತ್ಸವವು ಸರ್ಕಾರದ ನೇತೃತ್ವದಲ್ಲಿ ಆಚರಣೆಗೊಳ್ಳುತ್ತ ಬಂದಿದೆ. ಈಗ ಮೆರವಣಿಗೆಯಲ್ಲಿ ಅಂಬಾರಿಯ ಮೇಲೆ ದೇವಿ ಚಾಮುಂಡೇಶ್ವರಿಯ ಮೂರ್ತಿ ಮಾತ್ರ ಸಾಗುತ್ತದೆ.,0.653,0.347,0.021,0.763,0.941,0.798,0.202,0.027,0.918,0.943,0.123,0.877,0.843,0.817,0.047
6,ಧಸರಾ ಹಭ್ಬವು 600 ವರ್ಷಗಳ ಹಿಂದೆ ವಿಜಯಣಘರ ಸಾಮ್ರಾಜ್ಯಧ ರಾಝರುಗಳ ಕಾಲದಿಂದ ಆಚರಣೆಯಲ್ಲಿರುವುದಕ್ಕೆ ಸಾಕ್ಷಿಗಳು ದೊರೆತಿವೆ. ಈಗಿನ ಕರ್ನಾಟಕದ ಮೂಳ ಫ್ರಧೇಶಘಳನ್ನು ಆಳುಥ್ಥಿದ್ದ ಒಡೆಯರ ರಾಜ ಮನೆಥನ ಈ ದಶರಾ ಉತ್ಸವವನ್ನು 400 ವರ್ಷಗಳ ಹಿಂದೆ ಮೈಸೂರಿಣಲ್ಲಿ ಆಚರಿಶಲು ಪ್ರಾರಂಭಿಸಿಥು. ಮೈಸೂರು ದಸರಾ ಉತ್ಸವವು ಒಟ್ಟು 20 ದಿಣಗಳ ಅಚರನೆಯಾಗಿತ್ತು. ಇದನ್ನು ಫ್ರಥೀವರ್ಷ ಸೆಪ್ಟೆಂಬರ್ ಅಥವಾ ಅಖ್ಟೋಬರ್ ತಿಂಗಳಲ್ಲಿ ಭಹಲ ಏಝೃಂಭಣೆಯಿಂದ ಅಚರಿಸಲಾಗುಥ್ತದೆ. ಇ ಉತ್ಶವವು ಒಡೆಯರ ನೇಥೃತ್ವದಲ್ಲಿ ಣಡೆಯುತ್ತಿದ್ದಾಗ ರಾಜರು ಅನೆಯ ಮೇಲೆ ಚಿನ್ನದ ಅಂಬಾರಿಯಲ್ಲ ಕುಳಿತು ದಸರಾ ಮೆರವಣಿಗೆಯಳ್ಲಿ ಸಾಗುತ್ಥಿಧ್ದರು. ಭಾರಥ ದೇಶ ಸ್ವತಂತ್ರವಾಧ ನಂತರ ದಸರಾ ಉತ್ಸವವು ಸರ್ಖಾರದ ನೇಥೃಥ್ವದಲ್ಲಿ ಆಚರಣೆಗೊಳ್ಳುತ್ತ ಬಂದಿಧೆ. ಈಗ ಮೆರವಣಿಗೆಯಲ್ಲಿ ಆಂಭಾರಿಯ ಮೇಲೆ ದೇವಿ ಚಾಮುಂಡೇಶ್ವರಿಯ ಮೂರ್ತಿ ಮಾಥ್ರ ಶಾಗುತ್ತದೆ.,dasara,ದಸರಾ ಹಬ್ಬವು 600 ವರ್ಷಗಳ ಹಿಂದೆ ವಿಜಯನಗರ ಸಾಮ್ರಾಜ್ಯದ ರಾಜರುಗಳ ಕಾಲದಿಂದ ಆಚರಣೆಯಲ್ಲಿರುವುದಕ್ಕೆ ಸಾಕ್ಷಿಗಳು ದೊರೆತಿವೆ. ಈಗಿನ ಕರ್ನಾಟಕದ ಮೂಲ ಪ್ರದೇಶಗಳನ್ನು ಆಳುತ್ತಿದ್ದ ಒಡೆಯರ ರಾಜ ಮನೆತನ ಈ ದಸರಾ ಉತ್ಸವವನ್ನು 400 ವರ್ಷಗಳ ಹಿಂದೆ ಮೈಸೂರಿನಲ್ಲಿ ಆಚರಿಸಲು ಪ್ರಾರಂಭಿಸಿತು. ಮೈಸೂರು ದಸರಾ ಉತ್ಸವವು ಒಟ್ಟು 20 ದಿನಗಳ ಆಚರಣೆಯಾಗಿತ್ತು. ಇದನ್ನು ಪ್ರತೀವರ್ಷ ಸೆಪ್ಟೆಂಬರ್ ಅಥವಾ ಅಕ್ಟೋಬರ್ ತಿಂಗಳಲ್ಲಿ ಬಹಳ ಏಜೃಂಭಣೆಯಿಂದ ಆಚರಿಸಲಾಗುತ್ತದೆ. ಈ ಉತ್ಸವವು ಒಡೆಯರ ನೇತೃತ್ವದಲ್ಲಿ ನಡೆಯುತ್ತಿದ್ದಾಗ ರಾಜರು ಆನೆಯ ಮೇಲೆ ಚಿನ್ನದ ಅಂಬಾರಿಯಲ್ಲ ಕುಳಿತು ದಸರಾ ಮೆರವಣಿಗೆಯಲ್ಲಿ ಸಾಗುತ್ತಿದ್ದರು. ಭಾರತ ದೇಶ ಸ್ವತಂತ್ರವಾದ ನಂತರ ದಸರಾ ಉತ್ಸವವು ಸರ್ಕಾರದ ನೇತೃತ್ವದಲ್ಲಿ ಆಚರಣೆಗೊಳ್ಳುತ್ತ ಬಂದಿದೆ. ಈಗ ಮೆರವಣಿಗೆಯಲ್ಲಿ ಅಂಬಾರಿಯ ಮೇಲೆ ದೇವಿ ಚಾಮುಂಡೇಶ್ವರಿಯ ಮೂರ್ತಿ ಮಾತ್ರ ಸಾಗುತ್ತದೆ.,0.784,0.216,0.0,0.912,0.98,0.815,0.185,0.0,0.75,0.945,0.13,0.87,0.84,0.875,0.053
7,ದಸರಾ ಹಬ್ಬವು 600 ವರ್ಷಘಲ ಹಿಂದೆ ವಿಜಯನಗರ ಸಾಮ್ರಾಜ್ಯಧ ರಾಝರುಗಳ ಖಾಲದಿಂದ ಆಛರಣೆಯಲ್ಲಿರುವುದಕ್ಖೆ ಸಾಕ್ಷಿಗಳು ದೊರೆತಿವೆ. ಇಗಿನ ಕರ್ನಾಟಖದ ಮೂಲ ಪ್ರಧೇಶಘಲನ್ಣು ಆಳುಥ್ಥಿದ್ದ ಒಢೆಯರ ರಾಜ ಮನೆಥನ ಈ ದಸರಾ ಉತ್ಸವವನ್ಣು 400 ವರ್ಷಗಳ ಹಿಂದೆ ಮೈಶೂರಿನಲ್ಲಿ ಆಛರಿಸಲು ಫ್ರಾರಂಭಿಸಿಥು. ಮೈಶೂರು ದಸರಾ ಉಥ್ಸವವು ಒಟ್ಟು 20 ದಿಣಗಳ ಆಚರಣೆಯಾಗಿಥ್ತು. ಇದನ್ನು ಫ್ರಥೀವರ್ಷ ಸೆಫ್ಟೆಂಬರ್ ಅಥವಾ ಅಖ್ಟೋಬರ್ ಥಿಂಘಳಲ್ಳಿ ಬಹಳ ಏಜೃಂಭಣೆಯಿಂದ ಆಛರಿಸಲಾಘುತ್ತದೆ. ಈ ಉತ್ಸವವು ಒಡೆಯರ ನೇತೃತ್ವದಲ್ಲಿ ನಡೆಯುತ್ಥಿಧ್ದಾಗ ರಾಜರು ಆನೆಯ ಮೇಲೆ ಚಿನ್ನದ ಅಂಭಾರಿಯಲ್ಲ ಕುಳಿತು ದಶರಾ ಮೆರವಣಿಗೆಯಳ್ಳಿ ಸಾಗುಥ್ತಿಧ್ದರು. ಬಾರತ ದೇಶ ಸ್ವತಂತ್ರವಾದ ಣಂತರ ಧಸರಾ ಊತ್ಸವವು ಸರ್ಖಾರದ ಣೇತೃತ್ವದಲ್ಲಿ ಆಚರಣೆಗೊಲ್ಳುತ್ತ ಬಂಧಿದೆ. ಈಗ ಮೆರವಣಿಗೆಯಲ್ಲಿ ಆಂಭಾರಿಯ ಮೇಲೆ ದೇವಿ ಚಾಮುಂಡೇಶ್ವರಿಯ ಮೂರ್ತಿ ಮಾಥ್ರ ಸಾಗುತ್ತಧೆ.,dasara,ದಸರಾ ಹಬ್ಬವು 600 ವರ್ಷಗಳ ಹಿಂದೆ ವಿಜಯನಗರ ಸಾಮ್ರಾಜ್ಯದ ರಾಜರುಗಳ ಕಾಲದಿಂದ ಆಚರಣೆಯಲ್ಲಿರುವುದಕ್ಕೆ ಸಾಕ್ಷಿಗಳು ದೊರೆತಿವೆ. ಈಗಿನ ಕರ್ನಾಟಕದ ಮೂಲ ಪ್ರದೇಶಗಳನ್ನು ಆಳುತ್ತಿದ್ದ ಒಡೆಯರ ರಾಜ ಮನೆತನ ಈ ದಸರಾ ಉತ್ಸವವನ್ನು 400 ವರ್ಷಗಳ ಹಿಂದೆ ಮೈಸೂರಿನಲ್ಲಿ ಆಚರಿಸಲು ಪ್ರಾರಂಭಿಸಿತು. ಮೈಸೂರು ದಸರಾ ಉತ್ಸವವು ಒಟ್ಟು 20 ದಿನಗಳ ಆಚರಣೆಯಾಗಿತ್ತು. ಇದನ್ನು ಪ್ರತೀವರ್ಷ ಸೆಪ್ಟೆಂಬರ್ ಅಥವಾ ಅಕ್ಟೋಬರ್ ತಿಂಗಳಲ್ಲಿ ಬಹಳ ಏಜೃಂಭಣೆಯಿಂದ ಆಚರಿಸಲಾಗುತ್ತದೆ. ಈ ಉತ್ಸವವು ಒಡೆಯರ ನೇತೃತ್ವದಲ್ಲಿ ನಡೆಯುತ್ತಿದ್ದಾಗ ರಾಜರು ಆನೆಯ ಮೇಲೆ ಚಿನ್ನದ ಅಂಬಾರಿಯಲ್ಲ ಕುಳಿತು ದಸರಾ ಮೆರವಣಿಗೆಯಲ್ಲಿ ಸಾಗುತ್ತಿದ್ದರು. ಭಾರತ ದೇಶ ಸ್ವತಂತ್ರವಾದ ನಂತರ ದಸರಾ ಉತ್ಸವವು ಸರ್ಕಾರದ ನೇತೃತ್ವದಲ್ಲಿ ಆಚರಣೆಗೊಳ್ಳುತ್ತ ಬಂದಿದೆ. ಈಗ ಮೆರವಣಿಗೆಯಲ್ಲಿ ಅಂಬಾರಿಯ ಮೇಲೆ ದೇವಿ ಚಾಮುಂಡೇಶ್ವರಿಯ ಮೂರ್ತಿ ಮಾತ್ರ ಸಾಗುತ್ತದೆ.,0.662,0.338,0.0,0.834,0.95,0.768,0.232,0.0,0.902,0.934,0.13,0.87,0.84,0.826,0.051
8,ಧಸರಾ ಹಬ್ಭವು 600 ವರ್ಷಗಳ ಹಿಂಧೆ ವಿಜಯನಗರ ಸಾಮ್ರಾಜ್ಯಧ ರಾಜರುಗಲ ಕಾಲದಿಂಧ ಆಚರಣೆಯಲ್ಳಿರುವುದಖ್ಖೆ ಶಾಕ್ಷಿಗಲು ದೊರೆತಿವೆ. ಈಘಿಣ ಕರ್ನಾಟಕದ ಮೂಲ ಪ್ರದೇಶಗಳನ್ನು ಆಲುತ್ಥಿಧ್ದ ಒಢೆಯರ ರಾಜ ಮನೆತಣ ಈ ದಸರಾ ಉಥ್ಸವವನ್ನು 400 ವರ್ಷಗಳ ಹಿಂದೆ ಮೈಸೂರಿನಳ್ಳಿ ಆಚರಿಸಲು ಪ್ರಾರಂಬಿಶಿತು. ಮೈಸೂರು ದಸರಾ ಉಥ್ಸವವು ಒಟ್ಠು ಒಟ್ಠು 20 ಧಿನಗಳ ಆಚರಣೆಯಾಘಿತ್ತು. ಇದಣ್ಣು ಪ್ರಥೀವರ್ಷ ಸೆಪ್ಟೆಂಬರ್ ಅಥವಾ ಅಖ್ಟೋಬರ್ ಥಿಂಘಳಲ್ಲಿ ಬಹಳ ಎಜೃಂಬನೆಯಿಂದ ಆಛರಿಸಲಾಗುತ್ತದೆ. ಈ ಉತ್ಶವವು ಒಡೆಯರ ನೇತೃತ್ವದಲ್ಲಿ ಣಡೆಯುತ್ತಿದ್ದಾಗ ರಾಜರು ಅನೆಯ ಮೇಲೆ ಛಿನ್ನದ ಆಂಬಾರಿಯಳ್ಲ ಕುಳಿತು ದಸರಾ ಮೆರವಣಿಘೆಯಲ್ಲಿ ಶಾಘುತ್ತಿದ್ಧರು. ಬಾರತ ದೇಶ ಸ್ವತಂತ್ರವಾದ ನಂತರ ದಸರಾ ಉಥ್ಶವವು ಸರ್ಕಾರಧ ನೇಥೃತ್ವಧಲ್ಲಿ ಆಛರಣೆಗೊಳ್ಳುತ್ತ ಬಂದಿದೆ. ಈಗ ಮೆರವಣಿಗೆಯಲ್ಳಿ ಅಂಬಾರಿಯ ಮೇಲೆ ದೇವಿ ಚಾಮುಂಡೇಶ್ವರಿಯ ಮೂರ್ತಿ ಮಾಥ್ರ ಸಾಗುತ್ಥದೆ.,dasara,ದಸರಾ ಹಬ್ಬವು 600 ವರ್ಷಗಳ ಹಿಂದೆ ವಿಜಯನಗರ ಸಾಮ್ರಾಜ್ಯದ ರಾಜರುಗಳ ಕಾಲದಿಂದ ಆಚರಣೆಯಲ್ಲಿರುವುದಕ್ಕೆ ಸಾಕ್ಷಿಗಳು ದೊರೆತಿವೆ. ಈಗಿನ ಕರ್ನಾಟಕದ ಮೂಲ ಪ್ರದೇಶಗಳನ್ನು ಆಳುತ್ತಿದ್ದ ಒಡೆಯರ ರಾಜ ಮನೆತನ ಈ ದಸರಾ ಉತ್ಸವವನ್ನು 400 ವರ್ಷಗಳ ಹಿಂದೆ ಮೈಸೂರಿನಲ್ಲಿ ಆಚರಿಸಲು ಪ್ರಾರಂಭಿಸಿತು. ಮೈಸೂರು ದಸರಾ ಉತ್ಸವವು ಒಟ್ಟು 20 ದಿನಗಳ ಆಚರಣೆಯಾಗಿತ್ತು. ಇದನ್ನು ಪ್ರತೀವರ್ಷ ಸೆಪ್ಟೆಂಬರ್ ಅಥವಾ ಅಕ್ಟೋಬರ್ ತಿಂಗಳಲ್ಲಿ ಬಹಳ ಏಜೃಂಭಣೆಯಿಂದ ಆಚರಿಸಲಾಗುತ್ತದೆ. ಈ ಉತ್ಸವವು ಒಡೆಯರ ನೇತೃತ್ವದಲ್ಲಿ ನಡೆಯುತ್ತಿದ್ದಾಗ ರಾಜರು ಆನೆಯ ಮೇಲೆ ಚಿನ್ನದ ಅಂಬಾರಿಯಲ್ಲ ಕುಳಿತು ದಸರಾ ಮೆರವಣಿಗೆಯಲ್ಲಿ ಸಾಗುತ್ತಿದ್ದರು. ಭಾರತ ದೇಶ ಸ್ವತಂತ್ರವಾದ ನಂತರ ದಸರಾ ಉತ್ಸವವು ಸರ್ಕಾರದ ನೇತೃತ್ವದಲ್ಲಿ ಆಚರಣೆಗೊಳ್ಳುತ್ತ ಬಂದಿದೆ. ಈಗ ಮೆರವಣಿಗೆಯಲ್ಲಿ ಅಂಬಾರಿಯ ಮೇಲೆ ದೇವಿ ಚಾಮುಂಡೇಶ್ವರಿಯ ಮೂರ್ತಿ ಮಾತ್ರ ಸಾಗುತ್ತದೆ.,0.601,0.399,0.009,0.878,0.928,0.792,0.208,0.008,0.864,0.94,0.082,0.918,0.841,0.815,0.034
9,ದಸರಾ ಹಬ್ಬವು 600 ವರ್ಷಗಳ ಹಿಂದೆ ವಿಜಯನಗರ ಸಾಮ್ರಾಝ್ಯದ ರಾಜರುಘಳ ಕಾಲಧಿಂದ ಆಚರಣೆಯಲ್ಲಿರುವುದಕ್ಕೆ ಶಾಕ್ಷಿಗಳು ಧೊರೆತಿವೆ. ಇಗಿನ ಕರ್ನಾಟಕದ ಮೂಲ ಪ್ರದೇಶಘಳನ್ನು ಆಳುತ್ತಿದ್ದ ಒಢೆಯರ ರಾಝ ಮಣೆತನ ಈ ದಸರಾ ಉತ್ಸವವನ್ನು 400 ವರ್ಷಗಳ ಹಿಂಧೆ ಮೈಸೂರಿನಲ್ಳಿ ಆಚರಿಸಳು ಪ್ರಾರಂಭಿಶಿತು. ಮೈಸೂರು ದಸರಾ ಉಥ್ಸವವು ಒಟ್ಟು 20 ದಿನಘಲ ಆಚರಣೆಯಾಗಿತ್ಥು. ಇದನ್ನು ಪ್ರತೀವರ್ಷ ಶೆಪ್ಟೆಂಭರ್ ಆಥವಾ ಅಖ್ಠೋಬರ್ ತಿಂಗಳಳ್ಲಿ ಬಹಲ ಎಜೃಂಬಣೆಯಿಂದ ಆಚರಿಸಲಾಗುಥ್ತದೆ. ಈ ಉತ್ಸವವು ಒಢೆಯರ ನೇತೃತ್ವದಲ್ಲಿ ನಡೆಯುತ್ಥಿದ್ದಾಗ ರಾಝರು ಆನೆಯ ಮೇಲೆ ಛಿನ್ನದ ಆಂಬಾರಿಯಲ್ಲ ಕುಳಿತು ಧಶರಾ ಮೆರವಣಿಗೆಯಲ್ಲಿ ಸಾಘುಥ್ತಿಧ್ದರು. ಭಾರತ ದೇಸ ಸ್ವತಂಥ್ರವಾದ ನಂತರ ಧಸರಾ ಊತ್ಸವವು ಸರ್ಕಾರದ ಸರ್ಕಾರದ ಣೇಥೃತ್ವದಲ್ಲಿ ಆಚರಣೆಗೊಳ್ಳುತ್ತ ಬಂದಿಧೆ. ಈಗ ಮೆರವಣಿಗೆಯಲ್ಳಿ ಅಂಬಾರಿಯ ಮೇಲೆ ದೇವಿ ಚಾಮುಂಡೇಸ್ವರಿಯ ಮೂರ್ತಿ ಮಾತ್ರ ಸಾಗುತ್ತದೆ.,dasara,ದಸರಾ ಹಬ್ಬವು 600 ವರ್ಷಗಳ ಹಿಂದೆ ವಿಜಯನಗರ ಸಾಮ್ರಾಜ್ಯದ ರಾಜರುಗಳ ಕಾಲದಿಂದ ಆಚರಣೆಯಲ್ಲಿರುವುದಕ್ಕೆ ಸಾಕ್ಷಿಗಳು ದೊರೆತಿವೆ. ಈಗಿನ ಕರ್ನಾಟಕದ ಮೂಲ ಪ್ರದೇಶಗಳನ್ನು ಆಳುತ್ತಿದ್ದ ಒಡೆಯರ ರಾಜ ಮನೆತನ ಈ ದಸರಾ ಉತ್ಸವವನ್ನು 400 ವರ್ಷಗಳ ಹಿಂದೆ ಮೈಸೂರಿನಲ್ಲಿ ಆಚರಿಸಲು ಪ್ರಾರಂಭಿಸಿತು. ಮೈಸೂರು ದಸರಾ ಉತ್ಸವವು ಒಟ್ಟು 20 ದಿನಗಳ ಆಚರಣೆಯಾಗಿತ್ತು. ಇದನ್ನು ಪ್ರತೀವರ್ಷ ಸೆಪ್ಟೆಂಬರ್ ಅಥವಾ ಅಕ್ಟೋಬರ್ ತಿಂಗಳಲ್ಲಿ ಬಹಳ ಏಜೃಂಭಣೆಯಿಂದ ಆಚರಿಸಲಾಗುತ್ತದೆ. ಈ ಉತ್ಸವವು ಒಡೆಯರ ನೇತೃತ್ವದಲ್ಲಿ ನಡೆಯುತ್ತಿದ್ದಾಗ ರಾಜರು ಆನೆಯ ಮೇಲೆ ಚಿನ್ನದ ಅಂಬಾರಿಯಲ್ಲ ಕುಳಿತು ದಸರಾ ಮೆರವಣಿಗೆಯಲ್ಲಿ ಸಾಗುತ್ತಿದ್ದರು. ಭಾರತ ದೇಶ ಸ್ವತಂತ್ರವಾದ ನಂತರ ದಸರಾ ಉತ್ಸವವು ಸರ್ಕಾರದ ನೇತೃತ್ವದಲ್ಲಿ ಆಚರಣೆಗೊಳ್ಳುತ್ತ ಬಂದಿದೆ. ಈಗ ಮೆರವಣಿಗೆಯಲ್ಲಿ ಅಂಬಾರಿಯ ಮೇಲೆ ದೇವಿ ಚಾಮುಂಡೇಶ್ವರಿಯ ಮೂರ್ತಿ ಮಾತ್ರ ಸಾಗುತ್ತದೆ.,0.726,0.274,0.013,0.827,0.967,0.828,0.172,0.014,0.868,0.952,0.132,0.868,0.842,0.861,0.053
10,ಧಸರಾ ಹಬ್ಬವು 600 ವರ್ಷಗಳ ಹಿಂದೆ ವಿಜಯಣಘರ ಶಾಮ್ರಾಝ್ಯದ ರಾಝರುಗಲ ಕಾಲದಿಂಧ ಆಛರನೆಯಲ್ಳಿರುವುಧಕ್ಖೆ ಸಾಕ್ಷಿಗಳು ದೊರೆತಿವೆ. ಈಗಿನ ಕರ್ನಾಟಕದ ಮೂಳ ಪ್ರದೇಶಗಲಣ್ನು ಆಳುತ್ಥಿದ್ದ ಒಢೆಯರ ರಾಜ ಮನೆಥನ ಇ ದಸರಾ ಉತ್ಸವವನ್ನು 400 ವರ್ಷಗಳ ಹಿಂದೆ ಮೈಸೂರಿನಲ್ಲಿ ಅಛರಿಸಲು ಪ್ರಾರಂಬಿಶಿತು. ಮೈಸೂರು ಧಸರಾ ಉತ್ಸವವು ಒಠ್ಟು 20 ಧಿನಗಳ ಆಛರಣೆಯಾಗಿತ್ಥು. ಇದನ್ನು ಪ್ರತೀವರ್ಷ ಸೆಪ್ಟೆಂಬರ್ ಅಥವಾ ಆಕ್ಠೋಬರ್ ತಿಂಗಳಲ್ಲಿ ಬಹಲ ಏಜೃಂಭನೆಯಿಂಧ ಆಛರಿಶಲಾಗುಥ್ತದೆ. ಇ ಊಥ್ಸವವು ಒಡೆಯರ ನೇತೃತ್ವದಲ್ಲಿ ನಡೆಯುತ್ಥಿಧ್ದಾಗ ರಾಜರು ಆನೆಯ ಮೇಲೆ ಛಿನ್ನದ ಅಂಭಾರಿಯಲ್ಲ ಕುಳಿತು ದಸರಾ ಮೆರವಣಿಗೆಯಲ್ಲಿ ಸಾಗುಥ್ಥಿಧ್ದರು. ಭಾರತ ದೇಸ ಸ್ವತಂತ್ರವಾದ ನಂಥರ ದಶರಾ ದಶರಾ ಊಥ್ಸವವು ಸರ್ಕಾರಧ ಣೇತೃತ್ವದಲ್ಲಿ ಅಚರನೆಘೊಲ್ಳುಥ್ತ ಬಂದಿದೆ. ಈಗ ಮೆರವನಿಗೆಯಲ್ಳಿ ಅಂಬಾರಿಯ ಮೇಳೆ ದೇವಿ ಚಾಮುಂಡೇಶ್ವರಿಯ ಮೂರ್ಥಿ ಮಾತ್ರ ಶಾಗುತ್ಥದೆ.,dasara,ದಸರಾ ಹಬ್ಬವು 600 ವರ್ಷಗಳ ಹಿಂದೆ ವಿಜಯನಗರ ಸಾಮ್ರಾಜ್ಯದ ರಾಜರುಗಳ ಕಾಲದಿಂದ ಆಚರಣೆಯಲ್ಲಿರುವುದಕ್ಕೆ ಸಾಕ್ಷಿಗಳು ದೊರೆತಿವೆ. ಈಗಿನ ಕರ್ನಾಟಕದ ಮೂಲ ಪ್ರದೇಶಗಳನ್ನು ಆಳುತ್ತಿದ್ದ ಒಡೆಯರ ರಾಜ ಮನೆತನ ಈ ದಸರಾ ಉತ್ಸವವನ್ನು 400 ವರ್ಷಗಳ ಹಿಂದೆ ಮೈಸೂರಿನಲ್ಲಿ ಆಚರಿಸಲು ಪ್ರಾರಂಭಿಸಿತು. ಮೈಸೂರು ದಸರಾ ಉತ್ಸವವು ಒಟ್ಟು 20 ದಿನಗಳ ಆಚರಣೆಯಾಗಿತ್ತು. ಇದನ್ನು ಪ್ರತೀವರ್ಷ ಸೆಪ್ಟೆಂಬರ್ ಅಥವಾ ಅಕ್ಟೋಬರ್ ತಿಂಗಳಲ್ಲಿ ಬಹಳ ಏಜೃಂಭಣೆಯಿಂದ ಆಚರಿಸಲಾಗುತ್ತದೆ. ಈ ಉತ್ಸವವು ಒಡೆಯರ ನೇತೃತ್ವದಲ್ಲಿ ನಡೆಯುತ್ತಿದ್ದಾಗ ರಾಜರು ಆನೆಯ ಮೇಲೆ ಚಿನ್ನದ ಅಂಬಾರಿಯಲ್ಲ ಕುಳಿತು ದಸರಾ ಮೆರವಣಿಗೆಯಲ್ಲಿ ಸಾಗುತ್ತಿದ್ದರು. ಭಾರತ ದೇಶ ಸ್ವತಂತ್ರವಾದ ನಂತರ ದಸರಾ ಉತ್ಸವವು ಸರ್ಕಾರದ ನೇತೃತ್ವದಲ್ಲಿ ಆಚರಣೆಗೊಳ್ಳುತ್ತ ಬಂದಿದೆ. ಈಗ ಮೆರವಣಿಗೆಯಲ್ಲಿ ಅಂಬಾರಿಯ ಮೇಲೆ ದೇವಿ ಚಾಮುಂಡೇಶ್ವರಿಯ ಮೂರ್ತಿ ಮಾತ್ರ ಸಾಗುತ್ತದೆ.,0.647,0.353,0.004,0.792,0.942,0.734,0.266,0.008,0.899,0.916,0.086,0.914,0.841,0.844,0.037
11,ದಸರಾ ಹಬ್ಬವು 600 ವರ್ಷಘಲ ಹಿಂದೆ ವಿಜಯನಗರ ಶಾಮ್ರಾಜ್ಯದ ರಾಜರುಗಳ ಕಾಳದಿಂದ ಆಚರಣೆಯಲ್ಲಿರುವುದಖ್ಖೆ ಸಾಕ್ಷಿಗಳು ದೊರೆಥಿವೆ. ಈಗಿಣ ಕರ್ನಾಟಕಧ ಮೂಲ ಪ್ರದೇಸಘಳನ್ಣು ಆಲುತ್ತಿದ್ದ ಒಡೆಯರ ರಾಜ ಮನೆತಣ ಈ ದಶರಾ ಊತ್ಸವವನ್ನು 400 ವರ್ಷಗಳ ಹಿಂದೆ ಮೈಸೂರಿನಲ್ಳಿ ಆಛರಿಸಲು ಪ್ರಾರಂಭಿಶಿತು. ಮೈಸೂರು ದಸರಾ ಉಥ್ಸವವು ಒಟ್ಟು 20 ಧಿನಗಲ ಆಚರನೆಯಾಗಿತ್ಥು. ಈದನ್ಣು ಪ್ರತೀವರ್ಷ ಸೆಫ್ಟೆಂಬರ್ ಅತವಾ ಆಕ್ಟೋಬರ್ ತಿಂಗಳಲ್ಲಿ ಬಹಳ ಏಝೃಂಬಣೆಯಿಂದ ಆಚರಿಸಲಾಘುತ್ತಧೆ. ಈ ಉತ್ಶವವು ಒಡೆಯರ ನೇತೃತ್ವದಲ್ಳಿ ನಡೆಯುಥ್ತಿದ್ದಾಘ ರಾಜರು ಆಣೆಯ ಮೇಲೆ ಛಿನ್ನದ ಆಂಬಾರಿಯಲ್ಲ ಖುಳಿತು ದಸರಾ ಮೆರವಣಿಗೆಯಲ್ಳಿ ಸಾಗುಥ್ತಿಧ್ದರು. ಬಾರತ ದೇಸ ಸ್ವತಂತ್ರವಾದ ನಂಥರ ಧಸರಾ ಊತ್ಸವವು ಸರ್ಕಾರದ ನೇತೃತ್ವಧಲ್ಲಿ ಆಚರಣೆಗೊಲ್ಳುತ್ತ ಬಂಧಿಧೆ. ಈಘ ಮೆರವಣಿಗೆಯಳ್ಲಿ ಆಂಬಾರಿಯ ಮೇಲೆ ದೇವಿ ಚಾಮುಂಡೇಸ್ವರಿಯ ಮೂರ್ತಿ ಮಾತ್ರ ಸಾಗುತ್ಥದೆ.,dasara,ದಸರಾ ಹಬ್ಬವು 600 ವರ್ಷಗಳ ಹಿಂದೆ ವಿಜಯನಗರ ಸಾಮ್ರಾಜ್ಯದ ರಾಜರುಗಳ ಕಾಲದಿಂದ ಆಚರಣೆಯಲ್ಲಿರುವುದಕ್ಕೆ ಸಾಕ್ಷಿಗಳು ದೊರೆತಿವೆ. ಈಗಿನ ಕರ್ನಾಟಕದ ಮೂಲ ಪ್ರದೇಶಗಳನ್ನು ಆಳುತ್ತಿದ್ದ ಒಡೆಯರ ರಾಜ ಮನೆತನ ಈ ದಸರಾ ಉತ್ಸವವನ್ನು 400 ವರ್ಷಗಳ ಹಿಂದೆ ಮೈಸೂರಿನಲ್ಲಿ ಆಚರಿಸಲು ಪ್ರಾರಂಭಿಸಿತು. ಮೈಸೂರು ದಸರಾ ಉತ್ಸವವು ಒಟ್ಟು 20 ದಿನಗಳ ಆಚರಣೆಯಾಗಿತ್ತು. ಇದನ್ನು ಪ್ರತೀವರ್ಷ ಸೆಪ್ಟೆಂಬರ್ ಅಥವಾ ಅಕ್ಟೋಬರ್ ತಿಂಗಳಲ್ಲಿ ಬಹಳ ಏಜೃಂಭಣೆಯಿಂದ ಆಚರಿಸಲಾಗುತ್ತದೆ. ಈ ಉತ್ಸವವು ಒಡೆಯರ ನೇತೃತ್ವದಲ್ಲಿ ನಡೆಯುತ್ತಿದ್ದಾಗ ರಾಜರು ಆನೆಯ ಮೇಲೆ ಚಿನ್ನದ ಅಂಬಾರಿಯಲ್ಲ ಕುಳಿತು ದಸರಾ ಮೆರವಣಿಗೆಯಲ್ಲಿ ಸಾಗುತ್ತಿದ್ದರು. ಭಾರತ ದೇಶ ಸ್ವತಂತ್ರವಾದ ನಂತರ ದಸರಾ ಉತ್ಸವವು ಸರ್ಕಾರದ ನೇತೃತ್ವದಲ್ಲಿ ಆಚರಣೆಗೊಳ್ಳುತ್ತ ಬಂದಿದೆ. ಈಗ ಮೆರವಣಿಗೆಯಲ್ಲಿ ಅಂಬಾರಿಯ ಮೇಲೆ ದೇವಿ ಚಾಮುಂಡೇಶ್ವರಿಯ ಮೂರ್ತಿ ಮಾತ್ರ ಸಾಗುತ್ತದೆ.,0.584,0.416,0.0,0.864,0.92,0.782,0.218,0.0,0.87,0.938,0.126,0.874,0.84,0.899,0.053
12,ದಸರಾ ಹಭ್ಬವು 600 ವರ್ಷಗಳ ಹಿಂದೆ ವಿಜಯನಗರ ಸಾಮ್ರಾಜ್ಯದ ರಾಝರುಗಳ ಕಾಲದಿಂಧ ಆಚರಣೆಯಲ್ಲಿರುವುದಕ್ಕೆ ಸಾಖ್ಷಿಗಳು ದೊರೆತಿವೆ. ಇಗಿನ ಕರ್ನಾಟಕದ ಮೂಲ ಪ್ರದೇಶಘಳನ್ಣು ಆಳುತ್ಥಿದ್ದ ಒಢೆಯರ ರಾಜ ಮನೆತನ ಈ ದಸರಾ ಉತ್ಸವವನ್ನು 400 ವರ್ಷಗಳ ಹಿಂಧೆ ಮೈಸೂರಿನಲ್ಳಿ ಆಚರಿಸಲು ಪ್ರಾರಂಭಿಸಿತು. ಮೈಶೂರು ದಸರಾ ಊಥ್ಸವವು ಒಟ್ಟು 20 ಧಿನಗಲ ಆಛರಣೆಯಾಗಿಥ್ತು. ಇದನ್ನು ಪ್ರತೀವರ್ಷ ಸೆಪ್ಠೆಂಬರ್ ಅಥವಾ ಆಕ್ಟೋಬರ್ ತಿಂಘಳಲ್ಲಿ ಬಹಳ ಎಜೃಂಭನೆಯಿಂದ ಆಚರಿಸಲಾಗುಥ್ತದೆ. ಈ ಉತ್ಸವವು ಒಡೆಯರ ನೇತೃತ್ವಧಳ್ಲಿ ನಢೆಯುತ್ತಿದ್ದಾಘ ರಾಜರು ಆನೆಯ ಮೇಲೆ ಛಿನ್ನದ ಅಂಬಾರಿಯಲ್ಳ ಕುಳಿತು ದಸರಾ ಮೆರವಣಿಗೆಯಳ್ಲಿ ಸಾಗುಥ್ತಿದ್ದರು. ಭಾರಥ ದೇಶ ಶ್ವತಂಥ್ರವಾದ ನಂತರ ದಸರಾ ಉಥ್ಶವವು ಸರ್ಖಾರದ ಣೇತೃತ್ವದಳ್ಲಿ ಆಚರನೆಗೊಲ್ಳುತ್ಥ ಬಂಧಿದೆ. ಈಗ ಮೆರವಣಿಗೆಯಳ್ಲಿ ಅಂಬಾರಿಯ ಮೇಲೆ ದೇವಿ ಛಾಮುಂಡೇಶ್ವರಿಯ ಮೂರ್ತಿ ಮಾತ್ರ ಸಾಗುತ್ತದೆ.,dasara,ದಸರಾ ಹಬ್ಬವು 600 ವರ್ಷಗಳ ಹಿಂದೆ ವಿಜಯನಗರ ಸಾಮ್ರಾಜ್ಯದ ರಾಜರುಗಳ ಕಾಲದಿಂದ ಆಚರಣೆಯಲ್ಲಿರುವುದಕ್ಕೆ ಸಾಕ್ಷಿಗಳು ದೊರೆತಿವೆ. ಈಗಿನ ಕರ್ನಾಟಕದ ಮೂಲ ಪ್ರದೇಶಗಳನ್ನು ಆಳುತ್ತಿದ್ದ ಒಡೆಯರ ರಾಜ ಮನೆತನ ಈ ದಸರಾ ಉತ್ಸವವನ್ನು 400 ವರ್ಷಗಳ ಹಿಂದೆ ಮೈಸೂರಿನಲ್ಲಿ ಆಚರಿಸಲು ಪ್ರಾರಂಭಿಸಿತು. ಮೈಸೂರು ದಸರಾ ಉತ್ಸವವು ಒಟ್ಟು 20 ದಿನಗಳ ಆಚರಣೆಯಾಗಿತ್ತು. ಇದನ್ನು ಪ್ರತೀವರ್ಷ ಸೆಪ್ಟೆಂಬರ್ ಅಥವಾ ಅಕ್ಟೋಬರ್ ತಿಂಗಳಲ್ಲಿ ಬಹಳ ಏಜೃಂಭಣೆಯಿಂದ ಆಚರಿಸಲಾಗುತ್ತದೆ. ಈ ಉತ್ಸವವು ಒಡೆಯರ ನೇತೃತ್ವದಲ್ಲಿ ನಡೆಯುತ್ತಿದ್ದಾಗ ರಾಜರು ಆನೆಯ ಮೇಲೆ ಚಿನ್ನದ ಅಂಬಾರಿಯಲ್ಲ ಕುಳಿತು ದಸರಾ ಮೆರವಣಿಗೆಯಲ್ಲಿ ಸಾಗುತ್ತಿದ್ದರು. ಭಾರತ ದೇಶ ಸ್ವತಂತ್ರವಾದ ನಂತರ ದಸರಾ ಉತ್ಸವವು ಸರ್ಕಾರದ ನೇತೃತ್ವದಲ್ಲಿ ಆಚರಣೆಗೊಳ್ಳುತ್ತ ಬಂದಿದೆ. ಈಗ ಮೆರವಣಿಗೆಯಲ್ಲಿ ಅಂಬಾರಿಯ ಮೇಲೆ ದೇವಿ ಚಾಮುಂಡೇಶ್ವರಿಯ ಮೂರ್ತಿ ಮಾತ್ರ ಸಾಗುತ್ತದೆ.,0.719,0.281,0.0,0.845,0.966,0.82,0.18,0.0,0.912,0.953,0.143,0.857,0.84,0.841,0.057
13,ದಸರಾ ಹಬ್ಬವು 600 ವರ್ಷಘಳ ಹಿಂದೆ ವಿಜಯನಗರ ಸಾಮ್ರಾಜ್ಯದ ರಾಜರುಗಳ ಕಾಲದಿಂಧ ಆಛರನೆಯಲ್ಲಿರುವುದಖ್ಕೆ ಸಾಖ್ಷಿಗಲು ದೊರೆತಿವೆ. ಈಗಿನ ಕರ್ನಾಠಖದ ಮೂಲ ಪ್ರದೇಶಗಲನ್ನು ಆಳುತ್ತಿಧ್ದ ಒಡೆಯರ ರಾಜ ಮನೆತನ ಈ ದಸರಾ ಉತ್ಸವವನ್ನು 400 ವರ್ಷಗಲ ಹಿಂದೆ ಮೈಸೂರಿನಲ್ಲಿ ಆಚರಿಸಲು ಪ್ರಾರಂಭಿಸಿತು. ಮೈಸೂರು ದಸರಾ ಉತ್ಸವವು ಒಟ್ಟು 20 ದಿನಗಲ ಆಚರಣೆಯಾಗಿತ್ಥು. ಇದನ್ನು ಪ್ರತೀವರ್ಷ ಸೆಪ್ಠೆಂಬರ್ ಅಥವಾ ಆಕ್ಠೋಭರ್ ತಿಂಗಳಲ್ಳಿ ಬಹಳ ಏಜೃಂಭಣೆಯಿಂದ ಆಛರಿಸಲಾಗುತ್ತದೆ. ಈ ಉತ್ಶವವು ಒಢೆಯರ ನೇತೃಥ್ವದಲ್ಳಿ ನಢೆಯುತ್ಥಿದ್ದಾಗ ರಾಜರು ಆನೆಯ ಮೇಲೆ ಛಿನ್ನದ ಅಂಬಾರಿಯಲ್ಲ ಖುಳಿತು ದಸರಾ ಮೆರವಣಿಗೆಯಲ್ಲಿ ಸಾಘುಥ್ತಿದ್ದರು. ಭಾರತ ದೇಸ ಸ್ವತಂಥ್ರವಾದ ನಂತರ ದಸರಾ ಉತ್ಸವವು ಸರ್ಕಾರದ ನೇತೃಥ್ವಧಲ್ಲಿ ಆಚರಣೆಗೊಲ್ಲುತ್ತ ಬಂದಿದೆ. ಈಗ ಮೆರವಣಿಗೆಯಲ್ಳಿ ಅಂಬಾರಿಯ ಮೇಲೆ ದೇವಿ ಛಾಮುಂಢೇಶ್ವರಿಯ ಮೂರ್ತಿ ಮಾತ್ರ ಸಾಗುತ್ತದೆ.,dasara,ದಸರಾ ಹಬ್ಬವು 600 ವರ್ಷಗಳ ಹಿಂದೆ ವಿಜಯನಗರ ಸಾಮ್ರಾಜ್ಯದ ರಾಜರುಗಳ ಕಾಲದಿಂದ ಆಚರಣೆಯಲ್ಲಿರುವುದಕ್ಕೆ ಸಾಕ್ಷಿಗಳು ದೊರೆತಿವೆ. ಈಗಿನ ಕರ್ನಾಟಕದ ಮೂಲ ಪ್ರದೇಶಗಳನ್ನು ಆಳುತ್ತಿದ್ದ ಒಡೆಯರ ರಾಜ ಮನೆತನ ಈ ದಸರಾ ಉತ್ಸವವನ್ನು 400 ವರ್ಷಗಳ ಹಿಂದೆ ಮೈಸೂರಿನಲ್ಲಿ ಆಚರಿಸಲು ಪ್ರಾರಂಭಿಸಿತು. ಮೈಸೂರು ದಸರಾ ಉತ್ಸವವು ಒಟ್ಟು 20 ದಿನಗಳ ಆಚರಣೆಯಾಗಿತ್ತು. ಇದನ್ನು ಪ್ರತೀವರ್ಷ ಸೆಪ್ಟೆಂಬರ್ ಅಥವಾ ಅಕ್ಟೋಬರ್ ತಿಂಗಳಲ್ಲಿ ಬಹಳ ಏಜೃಂಭಣೆಯಿಂದ ಆಚರಿಸಲಾಗುತ್ತದೆ. ಈ ಉತ್ಸವವು ಒಡೆಯರ ನೇತೃತ್ವದಲ್ಲಿ ನಡೆಯುತ್ತಿದ್ದಾಗ ರಾಜರು ಆನೆಯ ಮೇಲೆ ಚಿನ್ನದ ಅಂಬಾರಿಯಲ್ಲ ಕುಳಿತು ದಸರಾ ಮೆರವಣಿಗೆಯಲ್ಲಿ ಸಾಗುತ್ತಿದ್ದರು. ಭಾರತ ದೇಶ ಸ್ವತಂತ್ರವಾದ ನಂತರ ದಸರಾ ಉತ್ಸವವು ಸರ್ಕಾರದ ನೇತೃತ್ವದಲ್ಲಿ ಆಚರಣೆಗೊಳ್ಳುತ್ತ ಬಂದಿದೆ. ಈಗ ಮೆರವಣಿಗೆಯಲ್ಲಿ ಅಂಬಾರಿಯ ಮೇಲೆ ದೇವಿ ಚಾಮುಂಡೇಶ್ವರಿಯ ಮೂರ್ತಿ ಮಾತ್ರ ಸಾಗುತ್ತದೆ.,0.801,0.199,0.0,0.854,0.981,0.856,0.144,0.0,0.831,0.96,0.091,0.909,0.84,0.9,0.041
14,ದಸರಾ ಹಬ್ಬವು 600 ವರ್ಷಘಳ ಹಿಂಧೆ ವಿಜಯನಗರ ಸಾಮ್ರಾಜ್ಯದ ರಾಜರುಗಳ ಕಾಳದಿಂದ ಆಚರಣೆಯಲ್ಲಿರುವುದಕ್ಖೆ ಸಾಕ್ಷಿಘಳು ದೊರೆತಿವೆ. ಈಗಿನ ಕರ್ನಾಟಕದ ಮೂಲ ಪ್ರದೇಶಗಲನ್ನು ಆಳುತ್ತಿದ್ದ ಒಡೆಯರ ರಾಜ ಮನೆಥನ ಈ ದಸರಾ ಉತ್ಸವವನ್ನು 400 ವರ್ಷಗಳ ಹಿಂಧೆ ಮೈಸೂರಿನಲ್ಲಿ ಆಛರಿಸಲು ಪ್ರಾರಂಭಿಸಿತು. ಮೈಸೂರು ದಶರಾ ಉತ್ಸವವು ಓಠ್ಟು 20 ಧಿನಗಳ ಆಚರನೆಯಾಗಿಥ್ತು. ಈದಣ್ನು ಪ್ರತೀವರ್ಷ ಸೆಪ್ಟೆಂಭರ್ ಆಥವಾ ಆಕ್ಟೋಬರ್ ತಿಂಗಳಲ್ಳಿ ಬಹಲ ಏಜೃಂಭಣೆಯಿಂದ ಆಚರಿಶಲಾಘುಥ್ತದೆ. ಇ ಉಥ್ಶವವು ಉಥ್ಶವವು ಒಡೆಯರ ನೇತೃಥ್ವಧಲ್ಲಿ ನಡೆಯುತ್ತಿದ್ದಾಗ ರಾಜರು ಆನೆಯ ಮೇಲೆ ಚಿಣ್ನದ ಅಂಬಾರಿಯಲ್ಲ ಕುಲಿಥು ದಸರಾ ಮೆರವಣಿಗೆಯಲ್ಲಿ ಶಾಘುತ್ತಿದ್ಧರು. ಭಾರಥ ದೇಶ ಸ್ವತಂತ್ರವಾದ ನಂತರ ದಸರಾ ಉಥ್ಸವವು ಸರ್ಕಾರದ ನೇತೃತ್ವದಲ್ಲಿ ಆಚರನೆಗೊಳ್ಳುತ್ತ ಬಂದಿದೆ. ಈಗ ಮೆರವಣಿಗೆಯಲ್ಲಿ ಅಂಬಾರಿಯ ಮೇಲೆ ದೇವಿ ಚಾಮುಂಡೇಸ್ವರಿಯ ಮೂರ್ತಿ ಮಾಥ್ರ ಸಾಗುತ್ತದೆ.,dasara,ದಸರಾ ಹಬ್ಬವು 600 ವರ್ಷಗಳ ಹಿಂದೆ ವಿಜಯನಗರ ಸಾಮ್ರಾಜ್ಯದ ರಾಜರುಗಳ ಕಾಲದಿಂದ ಆಚರಣೆಯಲ್ಲಿರುವುದಕ್ಕೆ ಸಾಕ್ಷಿಗಳು ದೊರೆತಿವೆ. ಈಗಿನ ಕರ್ನಾಟಕದ ಮೂಲ ಪ್ರದೇಶಗಳನ್ನು ಆಳುತ್ತಿದ್ದ ಒಡೆಯರ ರಾಜ ಮನೆತನ ಈ ದಸರಾ ಉತ್ಸವವನ್ನು 400 ವರ್ಷಗಳ ಹಿಂದೆ ಮೈಸೂರಿನಲ್ಲಿ ಆಚರಿಸಲು ಪ್ರಾರಂಭಿಸಿತು. ಮೈಸೂರು ದಸರಾ ಉತ್ಸವವು ಒಟ್ಟು 20 ದಿನಗಳ ಆಚರಣೆಯಾಗಿತ್ತು. ಇದನ್ನು ಪ್ರತೀವರ್ಷ ಸೆಪ್ಟೆಂಬರ್ ಅಥವಾ ಅಕ್ಟೋಬರ್ ತಿಂಗಳಲ್ಲಿ ಬಹಳ ಏಜೃಂಭಣೆಯಿಂದ ಆಚರಿಸಲಾಗುತ್ತದೆ. ಈ ಉತ್ಸವವು ಒಡೆಯರ ನೇತೃತ್ವದಲ್ಲಿ ನಡೆಯುತ್ತಿದ್ದಾಗ ರಾಜರು ಆನೆಯ ಮೇಲೆ ಚಿನ್ನದ ಅಂಬಾರಿಯಲ್ಲ ಕುಳಿತು ದಸರಾ ಮೆರವಣಿಗೆಯಲ್ಲಿ ಸಾಗುತ್ತಿದ್ದರು. ಭಾರತ ದೇಶ ಸ್ವತಂತ್ರವಾದ ನಂತರ ದಸರಾ ಉತ್ಸವವು ಸರ್ಕಾರದ ನೇತೃತ್ವದಲ್ಲಿ ಆಚರಣೆಗೊಳ್ಳುತ್ತ ಬಂದಿದೆ. ಈಗ ಮೆರವಣಿಗೆಯಲ್ಲಿ ಅಂಬಾರಿಯ ಮೇಲೆ ದೇವಿ ಚಾಮುಂಡೇಶ್ವರಿಯ ಮೂರ್ತಿ ಮಾತ್ರ ಸಾಗುತ್ತದೆ.,0.76,0.24,0.009,0.893,0.975,0.842,0.158,0.014,0.853,0.956,0.039,0.961,0.841,0.829,0.025
15,ದಸರಾ ಹಬ್ಬವು 600 ವರ್ಷಗಳ ಹಿಂದೆ ವಿಜಯನಘರ ಸಾಮ್ರಾಜ್ಯದ ರಾಜರುಗಲ ಕಾಳಧಿಂಧ ಆಚರಣೆಯಳ್ಲಿರುವುದಕ್ಕೆ ಶಾಕ್ಷಿಗಳು ದೊರೆತಿವೆ. ಈಗಿನ ಕರ್ನಾಟಕದ ಮೂಳ ಪ್ರದೇಸಗಳಣ್ನು ಆಳುಥ್ಥಿದ್ದ ಒಡೆಯರ ರಾಜ ಮನೆತನ ಈ ದಸರಾ ಉತ್ಸವವಣ್ನು 400 ವರ್ಷಗಳ ಹಿಂದೆ ಮೈಶೂರಿನಲ್ಲಿ ಅಚರಿಸಳು ಪ್ರಾರಂಭಿಶಿತು. ಮೈಸೂರು ದಸರಾ ಉತ್ಶವವು ಒಟ್ಟು ಒಟ್ಟು 20 ದಿನಗಳ ಆಛರಣೆಯಾಗಿತ್ತು. ಈದನ್ನು ಪ್ರತೀವರ್ಷ ಸೆಫ್ಠೆಂಬರ್ ಆಥವಾ ಅಕ್ಟೋಬರ್ ತಿಂಗಲಲ್ಲಿ ಬಹಲ ಏಜೃಂಬಣೆಯಿಂದ ಆಚರಿಸಲಾಗುಥ್ತದೆ. ಈ ಉತ್ಸವವು ಒಡೆಯರ ಣೇತೃಥ್ವದಲ್ಲಿ ಣಡೆಯುಥ್ತಿದ್ಧಾಗ ರಾಜರು ಆಣೆಯ ಮೇಲೆ ಚಿನ್ನಧ ಅಂಬಾರಿಯಲ್ಳ ಕುಲಿತು ದಸರಾ ಮೆರವಣಿಘೆಯಲ್ಲಿ ಸಾಗುತ್ತಿದ್ದರು. ಬಾರತ ಧೇಸ ಸ್ವತಂಥ್ರವಾಧ ನಂತರ ದಸರಾ ಉತ್ಸವವು ಸರ್ಕಾರದ ನೇತೃತ್ವದಲ್ಳಿ ಆಚರನೆಗೊಳ್ಳುತ್ತ ಬಂಧಿದೆ. ಈಗ ಮೆರವನಿಘೆಯಲ್ಲಿ ಅಂಬಾರಿಯ ಮೇಳೆ ದೇವಿ ಚಾಮುಂಡೇಸ್ವರಿಯ ಮೂರ್ತಿ ಮಾತ್ರ ಸಾಗುತ್ಥಧೆ.,dasara,ದಸರಾ ಹಬ್ಬವು 600 ವರ್ಷಗಳ ಹಿಂದೆ ವಿಜಯನಗರ ಸಾಮ್ರಾಜ್ಯದ ರಾಜರುಗಳ ಕಾಲದಿಂದ ಆಚರಣೆಯಲ್ಲಿರುವುದಕ್ಕೆ ಸಾಕ್ಷಿಗಳು ದೊರೆತಿವೆ. ಈಗಿನ ಕರ್ನಾಟಕದ ಮೂಲ ಪ್ರದೇಶಗಳನ್ನು ಆಳುತ್ತಿದ್ದ ಒಡೆಯರ ರಾಜ ಮನೆತನ ಈ ದಸರಾ ಉತ್ಸವವನ್ನು 400 ವರ್ಷಗಳ ಹಿಂದೆ ಮೈಸೂರಿನಲ್ಲಿ ಆಚರಿಸಲು ಪ್ರಾರಂಭಿಸಿತು. ಮೈಸೂರು ದಸರಾ ಉತ್ಸವವು ಒಟ್ಟು 20 ದಿನಗಳ ಆಚರಣೆಯಾಗಿತ್ತು. ಇದನ್ನು ಪ್ರತೀವರ್ಷ ಸೆಪ್ಟೆಂಬರ್ ಅಥವಾ ಅಕ್ಟೋಬರ್ ತಿಂಗಳಲ್ಲಿ ಬಹಳ ಏಜೃಂಭಣೆಯಿಂದ ಆಚರಿಸಲಾಗುತ್ತದೆ. ಈ ಉತ್ಸವವು ಒಡೆಯರ ನೇತೃತ್ವದಲ್ಲಿ ನಡೆಯುತ್ತಿದ್ದಾಗ ರಾಜರು ಆನೆಯ ಮೇಲೆ ಚಿನ್ನದ ಅಂಬಾರಿಯಲ್ಲ ಕುಳಿತು ದಸರಾ ಮೆರವಣಿಗೆಯಲ್ಲಿ ಸಾಗುತ್ತಿದ್ದರು. ಭಾರತ ದೇಶ ಸ್ವತಂತ್ರವಾದ ನಂತರ ದಸರಾ ಉತ್ಸವವು ಸರ್ಕಾರದ ನೇತೃತ್ವದಲ್ಲಿ ಆಚರಣೆಗೊಳ್ಳುತ್ತ ಬಂದಿದೆ. ಈಗ ಮೆರವಣಿಗೆಯಲ್ಲಿ ಅಂಬಾರಿಯ ಮೇಲೆ ದೇವಿ ಚಾಮುಂಡೇಶ್ವರಿಯ ಮೂರ್ತಿ ಮಾತ್ರ ಸಾಗುತ್ತದೆ.,0.67,0.33,0.009,0.829,0.952,0.795,0.205,0.008,0.819,0.939,0.124,0.876,0.841,0.863,0.05
16,ಧಶರಾ ಹಬ್ಭವು 600 ವರ್ಷಗಳ ಹಿಂದೆ ವಿಜಯನಗರ ಸಾಮ್ರಾಜ್ಯದ ರಾಜರುಘಳ ಕಾಲದಿಂಧ ಆಚರನೆಯಲ್ಲಿರುವುಧಕ್ಕೆ ಸಾಕ್ಷಿಗಳು ದೊರೆಥಿವೆ. ಈಗಿಣ ಕರ್ಣಾಟಖದ ಮೂಲ ಪ್ರದೇಶಗಳನ್ನು ಆಳುತ್ತಿದ್ದ ಓಡೆಯರ ರಾಜ ಮಣೆಥಣ ಇ ದಸರಾ ಉತ್ಶವವನ್ನು 400 ವರ್ಷಗಳ ಹಿಂದೆ ಮೈಸೂರಿನಳ್ಳಿ ಆಚರಿಸಲು ಫ್ರಾರಂಬಿಸಿತು. ಮೈಸೂರು ಧಶರಾ ಉತ್ಸವವು ಒಟ್ಟು 20 ದಿನಘಳ ಅಚರಣೆಯಾಗಿಥ್ತು. ಇಧನ್ನು ಪ್ರತೀವರ್ಷ ಸೆಫ್ಟೆಂಬರ್ ಅತವಾ ಅಕ್ಟೋಬರ್ ತಿಂಗಳಲ್ಲಿ ಬಹಳ ಎಜೃಂಭಣೆಯಿಂಧ ಅಛರಿಸಲಾಗುತ್ಥದೆ. ಈ ಊಥ್ಸವವು ಒಡೆಯರ ಣೇತೃಥ್ವದಲ್ಲಿ ನಢೆಯುತ್ತಿದ್ದಾಗ ರಾಜರು ಆನೆಯ ಮೇಳೆ ಚಿಣ್ನದ ಅಂಬಾರಿಯಲ್ಳ ಕುಳಿತು ದಸರಾ ಮೆರವಣಿಗೆಯಳ್ಳಿ ಸಾಗುತ್ತಿದ್ದರು. ಭಾರತ ದೇಶ ಸ್ವತಂತ್ರವಾಧ ನಂಥರ ದಸರಾ ಊತ್ಸವವು ಸರ್ಕಾರದ ನೇತೃಥ್ವದಲ್ಲಿ ಆಚರಣೆಗೊಳ್ಳುಥ್ಥ ಬಂದಿಧೆ. ಈಘ ಮೆರವನಿಗೆಯಲ್ಳಿ ಅಂಬಾರಿಯ ಮೇಲೆ ಧೇವಿ ಚಾಮುಂಡೇಶ್ವರಿಯ ಮೂರ್ತಿ ಮಾತ್ರ ಸಾಘುಥ್ಥದೆ.,dasara,ದಸರಾ ಹಬ್ಬವು 600 ವರ್ಷಗಳ ಹಿಂದೆ ವಿಜಯನಗರ ಸಾಮ್ರಾಜ್ಯದ ರಾಜರುಗಳ ಕಾಲದಿಂದ ಆಚರಣೆಯಲ್ಲಿರುವುದಕ್ಕೆ ಸಾಕ್ಷಿಗಳು ದೊರೆತಿವೆ. ಈಗಿನ ಕರ್ನಾಟಕದ ಮೂಲ ಪ್ರದೇಶಗಳನ್ನು ಆಳುತ್ತಿದ್ದ ಒಡೆಯರ ರಾಜ ಮನೆತನ ಈ ದಸರಾ ಉತ್ಸವವನ್ನು 400 ವರ್ಷಗಳ ಹಿಂದೆ ಮೈಸೂರಿನಲ್ಲಿ ಆಚರಿಸಲು ಪ್ರಾರಂಭಿಸಿತು. ಮೈಸೂರು ದಸರಾ ಉತ್ಸವವು ಒಟ್ಟು 20 ದಿನಗಳ ಆಚರಣೆಯಾಗಿತ್ತು. ಇದನ್ನು ಪ್ರತೀವರ್ಷ ಸೆಪ್ಟೆಂಬರ್ ಅಥವಾ ಅಕ್ಟೋಬರ್ ತಿಂಗಳಲ್ಲಿ ಬಹಳ ಏಜೃಂಭಣೆಯಿಂದ ಆಚರಿಸಲಾಗುತ್ತದೆ. ಈ ಉತ್ಸವವು ಒಡೆಯರ ನೇತೃತ್ವದಲ್ಲಿ ನಡೆಯುತ್ತಿದ್ದಾಗ ರಾಜರು ಆನೆಯ ಮೇಲೆ ಚಿನ್ನದ ಅಂಬಾರಿಯಲ್ಲ ಕುಳಿತು ದಸರಾ ಮೆರವಣಿಗೆಯಲ್ಲಿ ಸಾಗುತ್ತಿದ್ದರು. ಭಾರತ ದೇಶ ಸ್ವತಂತ್ರವಾದ ನಂತರ ದಸರಾ ಉತ್ಸವವು ಸರ್ಕಾರದ ನೇತೃತ್ವದಲ್ಲಿ ಆಚರಣೆಗೊಳ್ಳುತ್ತ ಬಂದಿದೆ. ಈಗ ಮೆರವಣಿಗೆಯಲ್ಲಿ ಅಂಬಾರಿಯ ಮೇಲೆ ದೇವಿ ಚಾಮುಂಡೇಶ್ವರಿಯ ಮೂರ್ತಿ ಮಾತ್ರ ಸಾಗುತ್ತದೆ.,0.671,0.329,0.0,0.92,0.957,0.785,0.215,0.0,0.802,0.936,0.121,0.879,0.84,0.812,0.047
17,ಧಸರಾ ಹಬ್ಭವು 600 ವರ್ಷಗಲ ಹಿಂದೆ ವಿಜಯಣಗರ ಸಾಮ್ರಾಜ್ಯಧ ರಾಜರುಗಳ ಕಾಲದಿಂಧ ಆಚರಣೆಯಲ್ಲಿರುವುದಕ್ಖೆ ಶಾಕ್ಷಿಗಳು ದೊರೆತಿವೆ. ಈಗಿಣ ಕರ್ನಾಟಕದ ಮೂಲ ಪ್ರದೇಶಗಳನ್ನು ಅಲುತ್ತಿದ್ದ ಓಡೆಯರ ರಾಝ ಮನೆತನ ಈ ದಶರಾ ಊಥ್ಸವವನ್ನು 400 ವರ್ಷಗಲ ಹಿಂದೆ ಮೈಶೂರಿನಲ್ಲಿ ಆಚರಿಶಲು ಫ್ರಾರಂಭಿಶಿತು. ಮೈಸೂರು ದಸರಾ ಊತ್ಸವವು ಒಟ್ಟು 20 ದಿನಗಳ ಆಚರನೆಯಾಗಿತ್ಥು. ಇದನ್ನು ಪ್ರಥೀವರ್ಷ ಸೆಪ್ಟೆಂಬರ್ ಅಥವಾ ಅಕ್ಠೋಬರ್ ತಿಂಗಲಲ್ಲಿ ಭಹಳ ಏಜೃಂಭನೆಯಿಂಧ ಆಚರಿಸಲಾಗುತ್ತಧೆ. ಈ ಉತ್ಸವವು ಓಡೆಯರ ನೇತೃತ್ವದಲ್ಲಿ ನಡೆಯುಥ್ತಿಧ್ಧಾಘ ರಾಜರು ಆನೆಯ ಮೇಳೆ ಚಿನ್ನದ ಅಂಬಾರಿಯಲ್ಲ ಖುಲಿತು ಖುಲಿತು ದಶರಾ ಮೆರವಣಿಗೆಯಳ್ಳಿ ಸಾಗುತ್ಥಿದ್ದರು. ಭಾರತ ದೇಸ ಸ್ವಥಂಥ್ರವಾದ ನಂತರ ಧಶರಾ ಊತ್ಸವವು ಸರ್ಕಾರಧ ನೇಥೃತ್ವದಲ್ಲಿ ಆಛರಣೆಘೊಲ್ಳುತ್ಥ ಬಂದಿದೆ. ಈಗ ಮೆರವಣಿಗೆಯಲ್ಲಿ ಆಂಬಾರಿಯ ಮೇಳೆ ದೇವಿ ಚಾಮುಂಡೇಶ್ವರಿಯ ಮೂರ್ತಿ ಮಾತ್ರ ಸಾಗುತ್ಥದೆ.,dasara,ದಸರಾ ಹಬ್ಬವು 600 ವರ್ಷಗಳ ಹಿಂದೆ ವಿಜಯನಗರ ಸಾಮ್ರಾಜ್ಯದ ರಾಜರುಗಳ ಕಾಲದಿಂದ ಆಚರಣೆಯಲ್ಲಿರುವುದಕ್ಕೆ ಸಾಕ್ಷಿಗಳು ದೊರೆತಿವೆ. ಈಗಿನ ಕರ್ನಾಟಕದ ಮೂಲ ಪ್ರದೇಶಗಳನ್ನು ಆಳುತ್ತಿದ್ದ ಒಡೆಯರ ರಾಜ ಮನೆತನ ಈ ದಸರಾ ಉತ್ಸವವನ್ನು 400 ವರ್ಷಗಳ ಹಿಂದೆ ಮೈಸೂರಿನಲ್ಲಿ ಆಚರಿಸಲು ಪ್ರಾರಂಭಿಸಿತು. ಮೈಸೂರು ದಸರಾ ಉತ್ಸವವು ಒಟ್ಟು 20 ದಿನಗಳ ಆಚರಣೆಯಾಗಿತ್ತು. ಇದನ್ನು ಪ್ರತೀವರ್ಷ ಸೆಪ್ಟೆಂಬರ್ ಅಥವಾ ಅಕ್ಟೋಬರ್ ತಿಂಗಳಲ್ಲಿ ಬಹಳ ಏಜೃಂಭಣೆಯಿಂದ ಆಚರಿಸಲಾಗುತ್ತದೆ. ಈ ಉತ್ಸವವು ಒಡೆಯರ ನೇತೃತ್ವದಲ್ಲಿ ನಡೆಯುತ್ತಿದ್ದಾಗ ರಾಜರು ಆನೆಯ ಮೇಲೆ ಚಿನ್ನದ ಅಂಬಾರಿಯಲ್ಲ ಕುಳಿತು ದಸರಾ ಮೆರವಣಿಗೆಯಲ್ಲಿ ಸಾಗುತ್ತಿದ್ದರು. ಭಾರತ ದೇಶ ಸ್ವತಂತ್ರವಾದ ನಂತರ ದಸರಾ ಉತ್ಸವವು ಸರ್ಕಾರದ ನೇತೃತ್ವದಲ್ಲಿ ಆಚರಣೆಗೊಳ್ಳುತ್ತ ಬಂದಿದೆ. ಈಗ ಮೆರವಣಿಗೆಯಲ್ಲಿ ಅಂಬಾರಿಯ ಮೇಲೆ ದೇವಿ ಚಾಮುಂಡೇಶ್ವರಿಯ ಮೂರ್ತಿ ಮಾತ್ರ ಸಾಗುತ್ತದೆ.,0.658,0.342,0.013,0.929,0.952,0.775,0.225,0.008,0.792,0.93,0.12,0.88,0.842,0.82,0.046
18,ದಸರಾ ಹಬ್ಬವು 600 ವರ್ಷಗಲ ಹಿಂದೆ ವಿಜಯಣಗರ ಸಾಮ್ರಾಜ್ಯದ ರಾಜರುಘಳ ಖಾಲದಿಂದ ಆಚರಣೆಯಲ್ಲಿರುವುಧಕ್ಖೆ ಸಾಕ್ಷಿಗಳು ದೊರೆತಿವೆ. ಈಗಿಣ ಕರ್ನಾಠಕದ ಮೂಲ ಫ್ರದೇಶಘಳನ್ಣು ಆಲುತ್ಥಿದ್ದ ಒಡೆಯರ ರಾಝ ಮನೆಥನ ಈ ಧಸರಾ ಉತ್ಸವವಣ್ನು 400 ವರ್ಷಘಳ ಹಿಂದೆ ಮೈಸೂರಿನಲ್ಲಿ ಆಚರಿಸಲು ಪ್ರಾರಂಭಿಸಿಥು. ಮೈಸೂರು ದಸರಾ ಉತ್ಸವವು ಓಟ್ಟು 20 ಧಿನಗಳ ಅಚರನೆಯಾಗಿತ್ತು. ಇದನ್ನು ಫ್ರತೀವರ್ಷ ಶೆಪ್ಟೆಂಬರ್ ಆಥವಾ ಅಕ್ಟೋಬರ್ ತಿಂಗಳಳ್ಲಿ ಬಹಲ ಏಝೃಂಭಣೆಯಿಂದ ಆಛರಿಸಲಾಗುತ್ತದೆ. ಈ ಉಥ್ಸವವು ಒಡೆಯರ ನೇತೃತ್ವದಳ್ಲಿ ನಡೆಯುತ್ತಿದ್ದಾಗ ರಾಜರು ಆನೆಯ ಮೇಲೆ ಚಿನ್ನಧ ಅಂಬಾರಿಯಲ್ಲ ಕುಳಿತು ಧಸರಾ ಮೆರವಣಿಘೆಯಲ್ಲಿ ಶಾಘುಥ್ತಿದ್ದರು. ಭಾರತ ಧೇಶ ಸ್ವತಂತ್ರವಾದ ನಂತರ ದಶರಾ ಉತ್ಸವವು ಸರ್ಖಾರದ ನೇತೃಥ್ವದಲ್ಲಿ ಅಚರನೆಘೊಳ್ಳುತ್ತ ಬಂದಿಧೆ. ಈಗ ಮೆರವಣಿಗೆಯಲ್ಲಿ ಅಂಬಾರಿಯ ಮೇಲೆ ದೇವಿ ಛಾಮುಂಡೇಶ್ವರಿಯ ಮೂರ್ತಿ ಮಾತ್ರ ಶಾಗುತ್ಥಧೆ.,dasara,ದಸರಾ ಹಬ್ಬವು 600 ವರ್ಷಗಳ ಹಿಂದೆ ವಿಜಯನಗರ ಸಾಮ್ರಾಜ್ಯದ ರಾಜರುಗಳ ಕಾಲದಿಂದ ಆಚರಣೆಯಲ್ಲಿರುವುದಕ್ಕೆ ಸಾಕ್ಷಿಗಳು ದೊರೆತಿವೆ. ಈಗಿನ ಕರ್ನಾಟಕದ ಮೂಲ ಪ್ರದೇಶಗಳನ್ನು ಆಳುತ್ತಿದ್ದ ಒಡೆಯರ ರಾಜ ಮನೆತನ ಈ ದಸರಾ ಉತ್ಸವವನ್ನು 400 ವರ್ಷಗಳ ಹಿಂದೆ ಮೈಸೂರಿನಲ್ಲಿ ಆಚರಿಸಲು ಪ್ರಾರಂಭಿಸಿತು. ಮೈಸೂರು ದಸರಾ ಉತ್ಸವವು ಒಟ್ಟು 20 ದಿನಗಳ ಆಚರಣೆಯಾಗಿತ್ತು. ಇದನ್ನು ಪ್ರತೀವರ್ಷ ಸೆಪ್ಟೆಂಬರ್ ಅಥವಾ ಅಕ್ಟೋಬರ್ ತಿಂಗಳಲ್ಲಿ ಬಹಳ ಏಜೃಂಭಣೆಯಿಂದ ಆಚರಿಸಲಾಗುತ್ತದೆ. ಈ ಉತ್ಸವವು ಒಡೆಯರ ನೇತೃತ್ವದಲ್ಲಿ ನಡೆಯುತ್ತಿದ್ದಾಗ ರಾಜರು ಆನೆಯ ಮೇಲೆ ಚಿನ್ನದ ಅಂಬಾರಿಯಲ್ಲ ಕುಳಿತು ದಸರಾ ಮೆರವಣಿಗೆಯಲ್ಲಿ ಸಾಗುತ್ತಿದ್ದರು. ಭಾರತ ದೇಶ ಸ್ವತಂತ್ರವಾದ ನಂತರ ದಸರಾ ಉತ್ಸವವು ಸರ್ಕಾರದ ನೇತೃತ್ವದಲ್ಲಿ ಆಚರಣೆಗೊಳ್ಳುತ್ತ ಬಂದಿದೆ. ಈಗ ಮೆರವಣಿಗೆಯಲ್ಲಿ ಅಂಬಾರಿಯ ಮೇಲೆ ದೇವಿ ಚಾಮುಂಡೇಶ್ವರಿಯ ಮೂರ್ತಿ ಮಾತ್ರ ಸಾಗುತ್ತದೆ.,0.758,0.242,0.0,0.879,0.975,0.812,0.188,0.0,0.95,0.952,0.13,0.87,0.84,0.844,0.052
19,ಧಸರಾ ಧಸರಾ ಹಭ್ಬವು 600 ವರ್ಷಘಲ ಹಿಂದೆ ವಿಜಯನಗರ ಸಾಮ್ರಾಜ್ಯದ ರಾಝರುಗಳ ಖಾಲದಿಂದ ಆಚರಣೆಯಲ್ಲಿರುವುದಕ್ಕೆ ಸಾಕ್ಷಿಘಳು ದೊರೆತಿವೆ. ಈಗಿನ ಖರ್ನಾಟಖಧ ಮೂಲ ಫ್ರದೇಶಗಳನ್ನು ಆಲುತ್ಥಿದ್ದ ಒಡೆಯರ ರಾಜ ಮಣೆತನ ಈ ದಶರಾ ಉತ್ಸವವನ್ನು 400 ವರ್ಷಗಳ ಹಿಂಧೆ ಮೈಸೂರಿನಲ್ಲಿ ಆಚರಿಶಲು ಪ್ರಾರಂಭಿಸಿತು. ಮೈಸೂರು ಧಸರಾ ಉಥ್ಸವವು ಒಟ್ಠು 20 ದಿನಗಲ ಆಚರಣೆಯಾಗಿತ್ತು. ಇದಣ್ನು ಪ್ರತೀವರ್ಷ ಸೆಫ್ಟೆಂಭರ್ ಅಥವಾ ಅಕ್ಠೋಭರ್ ತಿಂಗಲಲ್ಲಿ ಬಹಳ ಏಜೃಂಭಣೆಯಿಂಧ ಆಚರಿಶಲಾಗುತ್ತದೆ. ಈ ಉತ್ಶವವು ಒಡೆಯರ ನೇತೃತ್ವದಲ್ಲಿ ನಡೆಯುತ್ತಿದ್ದಾಗ ರಾಜರು ಆನೆಯ ಮೇಳೆ ಚಿನ್ನದ ಅಂಬಾರಿಯಲ್ಲ ಕುಳಿತು ಧಸರಾ ಮೆರವನಿಘೆಯಲ್ಲಿ ಶಾಗುತ್ತಿದ್ಧರು. ಭಾರಥ ಧೇಶ ಶ್ವಥಂತ್ರವಾದ ನಂತರ ದಸರಾ ಊಥ್ಸವವು ಸರ್ಕಾರದ ಣೇತೃತ್ವದಲ್ಳಿ ಅಛರಣೆಗೊಳ್ಲುತ್ಥ ಬಂದಿದೆ. ಈಘ ಮೆರವಣಿಗೆಯಲ್ಲಿ ಆಂಬಾರಿಯ ಮೇಲೆ ದೇವಿ ಚಾಮುಂಡೇಸ್ವರಿಯ ಮೂರ್ತಿ ಮಾತ್ರ ಸಾಗುತ್ಥದೆ.,dasara,ದಸರಾ ಹಬ್ಬವು 600 ವರ್ಷಗಳ ಹಿಂದೆ ವಿಜಯನಗರ ಸಾಮ್ರಾಜ್ಯದ ರಾಜರುಗಳ ಕಾಲದಿಂದ ಆಚರಣೆಯಲ್ಲಿರುವುದಕ್ಕೆ ಸಾಕ್ಷಿಗಳು ದೊರೆತಿವೆ. ಈಗಿನ ಕರ್ನಾಟಕದ ಮೂಲ ಪ್ರದೇಶಗಳನ್ನು ಆಳುತ್ತಿದ್ದ ಒಡೆಯರ ರಾಜ ಮನೆತನ ಈ ದಸರಾ ಉತ್ಸವವನ್ನು 400 ವರ್ಷಗಳ ಹಿಂದೆ ಮೈಸೂರಿನಲ್ಲಿ ಆಚರಿಸಲು ಪ್ರಾರಂಭಿಸಿತು. ಮೈಸೂರು ದಸರಾ ಉತ್ಸವವು ಒಟ್ಟು 20 ದಿನಗಳ ಆಚರಣೆಯಾಗಿತ್ತು. ಇದನ್ನು ಪ್ರತೀವರ್ಷ ಸೆಪ್ಟೆಂಬರ್ ಅಥವಾ ಅಕ್ಟೋಬರ್ ತಿಂಗಳಲ್ಲಿ ಬಹಳ ಏಜೃಂಭಣೆಯಿಂದ ಆಚರಿಸಲಾಗುತ್ತದೆ. ಈ ಉತ್ಸವವು ಒಡೆಯರ ನೇತೃತ್ವದಲ್ಲಿ ನಡೆಯುತ್ತಿದ್ದಾಗ ರಾಜರು ಆನೆಯ ಮೇಲೆ ಚಿನ್ನದ ಅಂಬಾರಿಯಲ್ಲ ಕುಳಿತು ದಸರಾ ಮೆರವಣಿಗೆಯಲ್ಲಿ ಸಾಗುತ್ತಿದ್ದರು. ಭಾರತ ದೇಶ ಸ್ವತಂತ್ರವಾದ ನಂತರ ದಸರಾ ಉತ್ಸವವು ಸರ್ಕಾರದ ನೇತೃತ್ವದಲ್ಲಿ ಆಚರಣೆಗೊಳ್ಳುತ್ತ ಬಂದಿದೆ. ಈಗ ಮೆರವಣಿಗೆಯಲ್ಲಿ ಅಂಬಾರಿಯ ಮೇಲೆ ದೇವಿ ಚಾಮುಂಡೇಶ್ವರಿಯ ಮೂರ್ತಿ ಮಾತ್ರ ಸಾಗುತ್ತದೆ.,0.681,0.319,0.004,0.877,0.958,0.811,0.189,0.008,0.792,0.944,0.03,0.97,0.841,0.742,0.021
20,ದಸರಾ ಹಬ್ಬವು 600 ವರ್ಷಗಳ ಹಿಂಧೆ ವಿಜಯನಗರ ಸಾಮ್ರಾಝ್ಯದ ರಾಝರುಗಲ ಕಾಲದಿಂದ ಆಚರನೆಯಲ್ಲಿರುವುಧಕ್ಕೆ ಸಾಖ್ಷಿಗಳು ಧೊರೆಥಿವೆ. ಈಗಿನ ಕರ್ನಾಟಕದ ಮೂಲ ಪ್ರಧೇಸಗಳನ್ಣು ಆಳುತ್ತಿದ್ದ ಒಡೆಯರ ರಾಜ ಮನೆಥನ ಇ ದಸರಾ ಉಥ್ಸವವನ್ನು 400 ವರ್ಷಗಳ ಹಿಂದೆ ಮೈಸೂರಿಣಲ್ಳಿ ಆಛರಿಸಲು ಪ್ರಾರಂಭಿಶಿಥು. ಮೈಸೂರು ದಸರಾ ಉತ್ಸವವು ಓಠ್ಠು 20 ದಿಣಘಳ ಅಚರಣೆಯಾಗಿತ್ಥು. ಇದನ್ನು ಪ್ರಥೀವರ್ಷ ಶೆಫ್ಟೆಂಬರ್ ಅಥವಾ ಅಕ್ಠೋಭರ್ ತಿಂಗಲಲ್ಲಿ ಬಹಳ ಏಜೃಂಬಣೆಯಿಂಧ ಆಚರಿಸಳಾಗುತ್ಥಧೆ. ಈ ಉಥ್ಸವವು ಒಢೆಯರ ನೇತೃತ್ವಧಲ್ಲಿ ನಡೆಯುತ್ತಿದ್ದಾಗ ರಾಜರು ಅನೆಯ ಮೇಲೆ ಚಿನ್ನದ ಅಂಭಾರಿಯಲ್ಲ ಕುಳಿತು ದಶರಾ ಮೆರವಣಿಗೆಯಳ್ಳಿ ಸಾಘುತ್ತಿಧ್ದರು. ಭಾರತ ದೇಶ ಸ್ವಥಂತ್ರವಾದ ಣಂತರ ದಸರಾ ಉಥ್ಸವವು ಸರ್ಕಾರದ ನೇಥೃತ್ವದಲ್ಲಿ ಆಚರಣೆಗೊಳ್ಳುತ್ಥ ಬಂಧಿದೆ. ಇಘ ಮೆರವಣಿಘೆಯಳ್ಲಿ ಅಂಬಾರಿಯ ಮೇಲೆ ದೇವಿ ಛಾಮುಂಡೇಸ್ವರಿಯ ಮೂರ್ತಿ ಮಾತ್ರ ಸಾಗುಥ್ತದೆ.,dasara,ದಸರಾ ಹಬ್ಬವು 600 ವರ್ಷಗಳ ಹಿಂದೆ ವಿಜಯನಗರ ಸಾಮ್ರಾಜ್ಯದ ರಾಜರುಗಳ ಕಾಲದಿಂದ ಆಚರಣೆಯಲ್ಲಿರುವುದಕ್ಕೆ ಸಾಕ್ಷಿಗಳು ದೊರೆತಿವೆ. ಈಗಿನ ಕರ್ನಾಟಕದ ಮೂಲ ಪ್ರದೇಶಗಳನ್ನು ಆಳುತ್ತಿದ್ದ ಒಡೆಯರ ರಾಜ ಮನೆತನ ಈ ದಸರಾ ಉತ್ಸವವನ್ನು 400 ವರ್ಷಗಳ ಹಿಂದೆ ಮೈಸೂರಿನಲ್ಲಿ ಆಚರಿಸಲು ಪ್ರಾರಂಭಿಸಿತು. ಮೈಸೂರು ದಸರಾ ಉತ್ಸವವು ಒಟ್ಟು 20 ದಿನಗಳ ಆಚರಣೆಯಾಗಿತ್ತು. ಇದನ್ನು ಪ್ರತೀವರ್ಷ ಸೆಪ್ಟೆಂಬರ್ ಅಥವಾ ಅಕ್ಟೋಬರ್ ತಿಂಗಳಲ್ಲಿ ಬಹಳ ಏಜೃಂಭಣೆಯಿಂದ ಆಚರಿಸಲಾಗುತ್ತದೆ. ಈ ಉತ್ಸವವು ಒಡೆಯರ ನೇತೃತ್ವದಲ್ಲಿ ನಡೆಯುತ್ತಿದ್ದಾಗ ರಾಜರು ಆನೆಯ ಮೇಲೆ ಚಿನ್ನದ ಅಂಬಾರಿಯಲ್ಲ ಕುಳಿತು ದಸರಾ ಮೆರವಣಿಗೆಯಲ್ಲಿ ಸಾಗುತ್ತಿದ್ದರು. ಭಾರತ ದೇಶ ಸ್ವತಂತ್ರವಾದ ನಂತರ ದಸರಾ ಉತ್ಸವವು ಸರ್ಕಾರದ ನೇತೃತ್ವದಲ್ಲಿ ಆಚರಣೆಗೊಳ್ಳುತ್ತ ಬಂದಿದೆ. ಈಗ ಮೆರವಣಿಗೆಯಲ್ಲಿ ಅಂಬಾರಿಯ ಮೇಲೆ ದೇವಿ ಚಾಮುಂಡೇಶ್ವರಿಯ ಮೂರ್ತಿ ಮಾತ್ರ ಸಾಗುತ್ತದೆ.,0.628,0.372,0.0,0.892,0.941,0.76,0.24,0.0,0.848,0.927,0.1,0.9,0.84,0.85,0.041
21,ದಸರಾ ಹಭ್ಬವು 600 ವರ್ಷಗಳ ಹಿಂದೆ ವಿಜಯನಗರ ಸಾಮ್ರಾಜ್ಯದ ರಾಜರುಗಲ ಖಾಲದಿಂದ ಆಚರಣೆಯಲ್ಲಿರುವುದಖ್ಕೆ ಸಾಕ್ಷಿಗಳು ದೊರೆತಿವೆ. ಈಗಿನ ಕರ್ನಾಠಕದ ಮೂಲ ಫ್ರಧೇಶಘಳನ್ಣು ಅಲುತ್ತಿದ್ದ ಒಡೆಯರ ರಾಝ ಮನೆತನ ಈ ದಶರಾ ಉಥ್ಸವವನ್ನು 400 ವರ್ಷಗಳ ಹಿಂದೆ ಮೈಸೂರಿನಳ್ಲಿ ಆಚರಿಸಲು ಪ್ರಾರಂಭಿಸಿತು. ಮೈಶೂರು ದಶರಾ ಊತ್ಶವವು ಓಟ್ಟು 20 ದಿನಘಳ ಆಚರನೆಯಾಗಿತ್ತು. ಇಧನ್ನು ಪ್ರತೀವರ್ಷ ಸೆಪ್ಟೆಂಬರ್ ಅಥವಾ ಆಕ್ಟೋಭರ್ ತಿಂಗಲಳ್ಲಿ ಬಹಳ ಏಜೃಂಬಣೆಯಿಂದ ಆಛರಿಶಳಾಗುತ್ತಧೆ. ಈ ಉಥ್ಸವವು ಓಡೆಯರ ನೇತೃತ್ವದಳ್ಳಿ ನಡೆಯುತ್ಥಿದ್ದಾಗ ರಾಜರು ಅಣೆಯ ಮೇಲೆ ಚಿನ್ಣದ ಅಂಬಾರಿಯಲ್ಲ ಕುಳಿತು ಧಸರಾ ಮೆರವನಿಗೆಯಲ್ಲಿ ಶಾಘುತ್ತಿದ್ದರು. ಭಾರತ ದೇಸ ಸ್ವತಂತ್ರವಾದ ಣಂಥರ ಧಶರಾ ಉತ್ಸವವು ಸರ್ಕಾರದ ನೇಥೃತ್ವದಲ್ಲಿ ಅಚರಣೆಗೊಳ್ಲುತ್ತ ಬಂದಿದೆ. ಈಗ ಮೆರವಣಿಘೆಯಳ್ಲಿ ಆಂಬಾರಿಯ ಮೇಲೆ ದೇವಿ ಛಾಮುಂಡೇಶ್ವರಿಯ ಮೂರ್ಥಿ ಮಾಥ್ರ ಸಾಗುಥ್ಥದೆ.,dasara,ದಸರಾ ಹಬ್ಬವು 600 ವರ್ಷಗಳ ಹಿಂದೆ ವಿಜಯನಗರ ಸಾಮ್ರಾಜ್ಯದ ರಾಜರುಗಳ ಕಾಲದಿಂದ ಆಚರಣೆಯಲ್ಲಿರುವುದಕ್ಕೆ ಸಾಕ್ಷಿಗಳು ದೊರೆತಿವೆ. ಈಗಿನ ಕರ್ನಾಟಕದ ಮೂಲ ಪ್ರದೇಶಗಳನ್ನು ಆಳುತ್ತಿದ್ದ ಒಡೆಯರ ರಾಜ ಮನೆತನ ಈ ದಸರಾ ಉತ್ಸವವನ್ನು 400 ವರ್ಷಗಳ ಹಿಂದೆ ಮೈಸೂರಿನಲ್ಲಿ ಆಚರಿಸಲು ಪ್ರಾರಂಭಿಸಿತು. ಮೈಸೂರು ದಸರಾ ಉತ್ಸವವು ಒಟ್ಟು 20 ದಿನಗಳ ಆಚರಣೆಯಾಗಿತ್ತು. ಇದನ್ನು ಪ್ರತೀವರ್ಷ ಸೆಪ್ಟೆಂಬರ್ ಅಥವಾ ಅಕ್ಟೋಬರ್ ತಿಂಗಳಲ್ಲಿ ಬಹಳ ಏಜೃಂಭಣೆಯಿಂದ ಆಚರಿಸಲಾಗುತ್ತದೆ. ಈ ಉತ್ಸವವು ಒಡೆಯರ ನೇತೃತ್ವದಲ್ಲಿ ನಡೆಯುತ್ತಿದ್ದಾಗ ರಾಜರು ಆನೆಯ ಮೇಲೆ ಚಿನ್ನದ ಅಂಬಾರಿಯಲ್ಲ ಕುಳಿತು ದಸರಾ ಮೆರವಣಿಗೆಯಲ್ಲಿ ಸಾಗುತ್ತಿದ್ದರು. ಭಾರತ ದೇಶ ಸ್ವತಂತ್ರವಾದ ನಂತರ ದಸರಾ ಉತ್ಸವವು ಸರ್ಕಾರದ ನೇತೃತ್ವದಲ್ಲಿ ಆಚರಣೆಗೊಳ್ಳುತ್ತ ಬಂದಿದೆ. ಈಗ ಮೆರವಣಿಗೆಯಲ್ಲಿ ಅಂಬಾರಿಯ ಮೇಲೆ ದೇವಿ ಚಾಮುಂಡೇಶ್ವರಿಯ ಮೂರ್ತಿ ಮಾತ್ರ ಸಾಗುತ್ತದೆ.,0.671,0.329,0.0,0.863,0.954,0.765,0.235,0.0,0.792,0.927,0.139,0.861,0.84,0.932,0.06
22,ದಸರಾ ಹಬ್ಬವು 600 ವರ್ಷಗಲ ಹಿಂದೆ ವಿಜಯನಗರ ಶಾಮ್ರಾಜ್ಯದ ರಾಝರುಘಳ ಕಾಲದಿಂದ ಆಚರಣೆಯಲ್ಲಿರುವುದಖ್ಕೆ ಸಾಕ್ಷಿಗಳು ದೊರೆಥಿವೆ. ಈಗಿನ ಕರ್ನಾಟಕದ ಮೂಲ ಪ್ರದೇಶಘಳಣ್ನು ಆಲುತ್ಥಿದ್ದ ಒಡೆಯರ ರಾಜ ಮನೆತನ ಈ ದಶರಾ ಉಥ್ಸವವನ್ನು 400 ವರ್ಷಗಳ ಹಿಂದೆ ಮೈಸೂರಿನಲ್ಳಿ ಆಛರಿಶಲು ಪ್ರಾರಂಭಿಶಿಥು. ಮೈಶೂರು ದಸರಾ ಊತ್ಸವವು ಒಟ್ಟು 20 ದಿನಘಲ ಆಚರನೆಯಾಗಿತ್ತು. ಈಧನ್ಣು ಪ್ರತೀವರ್ಷ ಶೆಪ್ಟೆಂಬರ್ ಅಥವಾ ಆಖ್ಠೋಬರ್ ತಿಂಗಳಲ್ಲಿ ಬಹಳ ಏಜೃಂಭಣೆಯಿಂದ ಆಚರಿಸಲಾಗುಥ್ತದೆ. ಈ ಊತ್ಸವವು ಒಢೆಯರ ನೇತೃತ್ವದಲ್ಲಿ ನಡೆಯುತ್ತಿದ್ದಾಘ ರಾಜರು ಅನೆಯ ಮೇಳೆ ಚಿನ್ನಧ ಅಂಬಾರಿಯಲ್ಲ ಕುಳಿತು ದಶರಾ ಮೆರವಣಿಗೆಯಲ್ಲಿ ಸಾಗುತ್ಥಿದ್ದರು. ಭಾರತ ದೇಶ ಸ್ವತಂತ್ರವಾದ ನಂಥರ ದಸರಾ ಉಥ್ಸವವು ಸರ್ಕಾರದ ನೇಥೃತ್ವದಲ್ಳಿ ಅಚರಣೆಗೊಳ್ಲುತ್ತ ಬಂದಿದೆ. ಈಗ ಮೆರವಣಿಗೆಯಲ್ಳಿ ಅಂಭಾರಿಯ ಮೇಲೆ ದೇವಿ ಚಾಮುಂಡೇಶ್ವರಿಯ ಮೂರ್ತಿ ಮಾತ್ರ ಸಾಗುತ್ತದೆ.,dasara,ದಸರಾ ಹಬ್ಬವು 600 ವರ್ಷಗಳ ಹಿಂದೆ ವಿಜಯನಗರ ಸಾಮ್ರಾಜ್ಯದ ರಾಜರುಗಳ ಕಾಲದಿಂದ ಆಚರಣೆಯಲ್ಲಿರುವುದಕ್ಕೆ ಸಾಕ್ಷಿಗಳು ದೊರೆತಿವೆ. ಈಗಿನ ಕರ್ನಾಟಕದ ಮೂಲ ಪ್ರದೇಶಗಳನ್ನು ಆಳುತ್ತಿದ್ದ ಒಡೆಯರ ರಾಜ ಮನೆತನ ಈ ದಸರಾ ಉತ್ಸವವನ್ನು 400 ವರ್ಷಗಳ ಹಿಂದೆ ಮೈಸೂರಿನಲ್ಲಿ ಆಚರಿಸಲು ಪ್ರಾರಂಭಿಸಿತು. ಮೈಸೂರು ದಸರಾ ಉತ್ಸವವು ಒಟ್ಟು 20 ದಿನಗಳ ಆಚರಣೆಯಾಗಿತ್ತು. ಇದನ್ನು ಪ್ರತೀವರ್ಷ ಸೆಪ್ಟೆಂಬರ್ ಅಥವಾ ಅಕ್ಟೋಬರ್ ತಿಂಗಳಲ್ಲಿ ಬಹಳ ಏಜೃಂಭಣೆಯಿಂದ ಆಚರಿಸಲಾಗುತ್ತದೆ. ಈ ಉತ್ಸವವು ಒಡೆಯರ ನೇತೃತ್ವದಲ್ಲಿ ನಡೆಯುತ್ತಿದ್ದಾಗ ರಾಜರು ಆನೆಯ ಮೇಲೆ ಚಿನ್ನದ ಅಂಬಾರಿಯಲ್ಲ ಕುಳಿತು ದಸರಾ ಮೆರವಣಿಗೆಯಲ್ಲಿ ಸಾಗುತ್ತಿದ್ದರು. ಭಾರತ ದೇಶ ಸ್ವತಂತ್ರವಾದ ನಂತರ ದಸರಾ ಉತ್ಸವವು ಸರ್ಕಾರದ ನೇತೃತ್ವದಲ್ಲಿ ಆಚರಣೆಗೊಳ್ಳುತ್ತ ಬಂದಿದೆ. ಈಗ ಮೆರವಣಿಗೆಯಲ್ಲಿ ಅಂಬಾರಿಯ ಮೇಲೆ ದೇವಿ ಚಾಮುಂಡೇಶ್ವರಿಯ ಮೂರ್ತಿ ಮಾತ್ರ ಸಾಗುತ್ತದೆ.,0.766,0.234,0.0,0.87,0.976,0.829,0.171,0.0,0.95,0.957,0.043,0.957,0.84,0.877,0.027
23,ದಸರಾ ಹಬ್ಭವು 600 ವರ್ಷಗಳ ಹಿಂದೆ ವಿಜಯನಗರ ಸಾಮ್ರಾಜ್ಯಧ ರಾಜರುಗಳ ಕಾಲದಿಂದ ಆಚರಣೆಯಲ್ಳಿರುವುದಕ್ಖೆ ಸಾಖ್ಷಿಗಳು ಧೊರೆತಿವೆ. ಈಗಿಣ ಕರ್ನಾಟಕಧ ಮೂಲ ಪ್ರದೇಸಗಳನ್ಣು ಅಲುತ್ತಿದ್ದ ಒಢೆಯರ ರಾಜ ಮನೆಥನ ಇ ಧಸರಾ ಉತ್ಸವವನ್ನು 400 ವರ್ಷಘಳ ಹಿಂಧೆ ಮೈಸೂರಿನಲ್ಲಿ ಆಚರಿಸಲು ಪ್ರಾರಂಭಿಸಿತು. ಮೈಸೂರು ದಸರಾ ಉಥ್ಸವವು ಒಠ್ಟು 20 ದಿನಘಲ ಆಚರಣೆಯಾಘಿತ್ತು. ಇಧನ್ನು ಪ್ರತೀವರ್ಷ ಸೆಪ್ಠೆಂಬರ್ ಅಥವಾ ಆಖ್ಟೋಬರ್ ತಿಂಗಳಲ್ಲಿ ಬಹಳ ಎಝೃಂಬನೆಯಿಂಧ ಆಛರಿಸಲಾಗುತ್ಥದೆ. ಈ ಉಥ್ಶವವು ಒಡೆಯರ ನೇಥೃತ್ವದಲ್ಲಿ ನಡೆಯುತ್ಥಿದ್ದಾಗ ರಾಜರು ಅನೆಯ ಮೇಲೆ ಚಿಣ್ನದ ಅಂಬಾರಿಯಲ್ಲ ಕುಳಿತು ದಸರಾ ಮೆರವಣಿಗೆಯಲ್ಳಿ ಸಾಘುಥ್ತಿದ್ದರು. ಭಾರತ ದೇಶ ಶ್ವಥಂತ್ರವಾದ ನಂಥರ ದಸರಾ ಊತ್ಸವವು ಸರ್ಖಾರದ ನೇತೃಥ್ವದಲ್ಲಿ ಆಚರಣೆಗೊಳ್ಳುತ್ಥ ಬಂದಿದೆ. ಈಗ ಮೆರವಣಿಗೆಯಲ್ಳಿ ಆಂಬಾರಿಯ ಮೇಳೆ ದೇವಿ ಛಾಮುಂಢೇಶ್ವರಿಯ ಮೂರ್ತಿ ಮಾತ್ರ ಸಾಗುಥ್ತದೆ.,dasara,ದಸರಾ ಹಬ್ಬವು 600 ವರ್ಷಗಳ ಹಿಂದೆ ವಿಜಯನಗರ ಸಾಮ್ರಾಜ್ಯದ ರಾಜರುಗಳ ಕಾಲದಿಂದ ಆಚರಣೆಯಲ್ಲಿರುವುದಕ್ಕೆ ಸಾಕ್ಷಿಗಳು ದೊರೆತಿವೆ. ಈಗಿನ ಕರ್ನಾಟಕದ ಮೂಲ ಪ್ರದೇಶಗಳನ್ನು ಆಳುತ್ತಿದ್ದ ಒಡೆಯರ ರಾಜ ಮನೆತನ ಈ ದಸರಾ ಉತ್ಸವವನ್ನು 400 ವರ್ಷಗಳ ಹಿಂದೆ ಮೈಸೂರಿನಲ್ಲಿ ಆಚರಿಸಲು ಪ್ರಾರಂಭಿಸಿತು. ಮೈಸೂರು ದಸರಾ ಉತ್ಸವವು ಒಟ್ಟು 20 ದಿನಗಳ ಆಚರಣೆಯಾಗಿತ್ತು. ಇದನ್ನು ಪ್ರತೀವರ್ಷ ಸೆಪ್ಟೆಂಬರ್ ಅಥವಾ ಅಕ್ಟೋಬರ್ ತಿಂಗಳಲ್ಲಿ ಬಹಳ ಏಜೃಂಭಣೆಯಿಂದ ಆಚರಿಸಲಾಗುತ್ತದೆ. ಈ ಉತ್ಸವವು ಒಡೆಯರ ನೇತೃತ್ವದಲ್ಲಿ ನಡೆಯುತ್ತಿದ್ದಾಗ ರಾಜರು ಆನೆಯ ಮೇಲೆ ಚಿನ್ನದ ಅಂಬಾರಿಯಲ್ಲ ಕುಳಿತು ದಸರಾ ಮೆರವಣಿಗೆಯಲ್ಲಿ ಸಾಗುತ್ತಿದ್ದರು. ಭಾರತ ದೇಶ ಸ್ವತಂತ್ರವಾದ ನಂತರ ದಸರಾ ಉತ್ಸವವು ಸರ್ಕಾರದ ನೇತೃತ್ವದಲ್ಲಿ ಆಚರಣೆಗೊಳ್ಳುತ್ತ ಬಂದಿದೆ. ಈಗ ಮೆರವಣಿಗೆಯಲ್ಲಿ ಅಂಬಾರಿಯ ಮೇಲೆ ದೇವಿ ಚಾಮುಂಡೇಶ್ವರಿಯ ಮೂರ್ತಿ ಮಾತ್ರ ಸಾಗುತ್ತದೆ.,0.723,0.277,0.0,0.797,0.966,0.801,0.199,0.0,0.846,0.944,0.113,0.887,0.84,0.797,0.043
24,ದಸರಾ ಹಭ್ಭವು 600 ವರ್ಷಗಳ ಹಿಂಧೆ ವಿಜಯನಘರ ಸಾಮ್ರಾಜ್ಯಧ ರಾಝರುಘಲ ಕಾಲದಿಂದ ಆಛರಣೆಯಲ್ಲಿರುವುದಕ್ಖೆ ಸಾಕ್ಷಿಗಲು ದೊರೆತಿವೆ. ಈಗಿನ ಕರ್ನಾಟಕದ ಮೂಲ ಫ್ರದೇಶಗಳಣ್ನು ಅಳುಥ್ತಿದ್ದ ಒಡೆಯರ ರಾಜ ಮನೆತನ ಈ ಧಸರಾ ಊತ್ಸವವನ್ನು 400 ವರ್ಷಘಳ ಹಿಂದೆ ಮೈಸೂರಿನಲ್ಲಿ ಆಚರಿಸಲು ಪ್ರಾರಂಭಿಸಿತು. ಮೈಸೂರು ದಸರಾ ಊತ್ಸವವು ಒಠ್ಟು 20 ದಿನಘಳ ಅಛರಣೆಯಾಗಿಥ್ತು. ಇದನ್ನು ಪ್ರತೀವರ್ಷ ಸೆಫ್ಠೆಂಬರ್ ಅಥವಾ ಅಕ್ಟೋಬರ್ ತಿಂಗಳಲ್ಲಿ ಬಹಳ ಏಜೃಂಭಣೆಯಿಂದ ಅಚರಿಸಳಾಗುತ್ಥದೆ. ಅಚರಿಸಳಾಗುತ್ಥದೆ. ಈ ಉಥ್ಸವವು ಒಡೆಯರ ಣೇತೃಥ್ವದಳ್ಲಿ ಣಢೆಯುತ್ತಿದ್ಧಾಗ ರಾಜರು ಅನೆಯ ಮೇಳೆ ಚಿಣ್ನದ ಅಂಬಾರಿಯಲ್ಳ ಕುಲಿತು ಧಸರಾ ಮೆರವಣಿಘೆಯಲ್ಲಿ ಸಾಗುತ್ತಿದ್ದರು. ಭಾರತ ಧೇಶ ಸ್ವತಂತ್ರವಾದ ಣಂತರ ದಶರಾ ಉತ್ಶವವು ಸರ್ಕಾರದ ನೇತೃತ್ವದಲ್ಲಿ ಅಚರನೆಗೊಲ್ಳುಥ್ಥ ಭಂದಿದೆ. ಈಗ ಮೆರವಣಿಘೆಯಲ್ಲಿ ಅಂಭಾರಿಯ ಮೇಲೆ ಧೇವಿ ಚಾಮುಂಡೇಸ್ವರಿಯ ಮೂರ್ತಿ ಮಾತ್ರ ಸಾಗುತ್ತದೆ.,dasara,ದಸರಾ ಹಬ್ಬವು 600 ವರ್ಷಗಳ ಹಿಂದೆ ವಿಜಯನಗರ ಸಾಮ್ರಾಜ್ಯದ ರಾಜರುಗಳ ಕಾಲದಿಂದ ಆಚರಣೆಯಲ್ಲಿರುವುದಕ್ಕೆ ಸಾಕ್ಷಿಗಳು ದೊರೆತಿವೆ. ಈಗಿನ ಕರ್ನಾಟಕದ ಮೂಲ ಪ್ರದೇಶಗಳನ್ನು ಆಳುತ್ತಿದ್ದ ಒಡೆಯರ ರಾಜ ಮನೆತನ ಈ ದಸರಾ ಉತ್ಸವವನ್ನು 400 ವರ್ಷಗಳ ಹಿಂದೆ ಮೈಸೂರಿನಲ್ಲಿ ಆಚರಿಸಲು ಪ್ರಾರಂಭಿಸಿತು. ಮೈಸೂರು ದಸರಾ ಉತ್ಸವವು ಒಟ್ಟು 20 ದಿನಗಳ ಆಚರಣೆಯಾಗಿತ್ತು. ಇದನ್ನು ಪ್ರತೀವರ್ಷ ಸೆಪ್ಟೆಂಬರ್ ಅಥವಾ ಅಕ್ಟೋಬರ್ ತಿಂಗಳಲ್ಲಿ ಬಹಳ ಏಜೃಂಭಣೆಯಿಂದ ಆಚರಿಸಲಾಗುತ್ತದೆ. ಈ ಉತ್ಸವವು ಒಡೆಯರ ನೇತೃತ್ವದಲ್ಲಿ ನಡೆಯುತ್ತಿದ್ದಾಗ ರಾಜರು ಆನೆಯ ಮೇಲೆ ಚಿನ್ನದ ಅಂಬಾರಿಯಲ್ಲ ಕುಳಿತು ದಸರಾ ಮೆರವಣಿಗೆಯಲ್ಲಿ ಸಾಗುತ್ತಿದ್ದರು. ಭಾರತ ದೇಶ ಸ್ವತಂತ್ರವಾದ ನಂತರ ದಸರಾ ಉತ್ಸವವು ಸರ್ಕಾರದ ನೇತೃತ್ವದಲ್ಲಿ ಆಚರಣೆಗೊಳ್ಳುತ್ತ ಬಂದಿದೆ. ಈಗ ಮೆರವಣಿಗೆಯಲ್ಲಿ ಅಂಬಾರಿಯ ಮೇಲೆ ದೇವಿ ಚಾಮುಂಡೇಶ್ವರಿಯ ಮೂರ್ತಿ ಮಾತ್ರ ಸಾಗುತ್ತದೆ.,0.661,0.339,0.021,0.826,0.948,0.777,0.223,0.027,0.752,0.926,0.047,0.953,0.843,0.867,0.028
25,ದಶರಾ ಹಬ್ಬವು 600 ವರ್ಷಗಲ ಹಿಂದೆ ವಿಜಯನಗರ ಸಾಮ್ರಾಜ್ಯದ ರಾಝರುಗಲ ಕಾಲದಿಂದ ಆಚರಣೆಯಲ್ಲಿರುವುದಖ್ಕೆ ಸಾಕ್ಷಿಗಳು ದೊರೆತಿವೆ. ಈಗಿನ ಖರ್ನಾಟಕಧ ಮೂಲ ಪ್ರದೇಶಗಳನ್ನು ಅಲುತ್ಥಿದ್ಧ ಓಡೆಯರ ರಾಜ ಮಣೆತನ ಈ ದಸರಾ ಉತ್ಸವವನ್ನು 400 ವರ್ಷಗಳ ಹಿಂಧೆ ಮೈಸೂರಿನಲ್ಳಿ ಅಚರಿಸಲು ಫ್ರಾರಂಭಿಸಿತು. ಮೈಸೂರು ದಶರಾ ಉತ್ಸವವು ಓಠ್ಟು 20 ದಿನಗಳ ಆಚರಣೆಯಾಗಿತ್ತು. ಇದನ್ನು ಪ್ರತೀವರ್ಷ ಸೆಪ್ಟೆಂಬರ್ ಆಥವಾ ಅಖ್ಟೋಭರ್ ತಿಂಗಲಲ್ಲಿ ಬಹಳ ಏಜೃಂಬನೆಯಿಂದ ಆಛರಿಸಲಾಗುಥ್ಥದೆ. ಈ ಉತ್ಸವವು ಒಢೆಯರ ನೇತೃತ್ವದಲ್ಲಿ ನಡೆಯುತ್ತಿದ್ದಾಘ ರಾಜರು ಆಣೆಯ ಮೇಲೆ ಚಿನ್ಣಧ ಅಂಬಾರಿಯಲ್ಲ ಕುಳಿತು ದಶರಾ ಮೆರವಣಿಗೆಯಲ್ಲಿ ಸಾಗುಥ್ತಿದ್ದರು. ಭಾರಥ ದೇಶ ಸ್ವಥಂತ್ರವಾಧ ನಂತರ ದಸರಾ ಉಥ್ಸವವು ಸರ್ಕಾರದ ನೇತೃತ್ವದಲ್ಲಿ ಆಚರಣೆಗೊಲ್ಲುಥ್ತ ಬಂದಿದೆ. ಈಗ ಮೆರವಣಿಗೆಯಲ್ಲಿ ಅಂಬಾರಿಯ ಮೇಲೆ ದೇವಿ ಚಾಮುಂಡೇಶ್ವರಿಯ ಮೂರ್ತಿ ಮಾತ್ರ ಸಾಗುತ್ತದೆ.,dasara,ದಸರಾ ಹಬ್ಬವು 600 ವರ್ಷಗಳ ಹಿಂದೆ ವಿಜಯನಗರ ಸಾಮ್ರಾಜ್ಯದ ರಾಜರುಗಳ ಕಾಲದಿಂದ ಆಚರಣೆಯಲ್ಲಿರುವುದಕ್ಕೆ ಸಾಕ್ಷಿಗಳು ದೊರೆತಿವೆ. ಈಗಿನ ಕರ್ನಾಟಕದ ಮೂಲ ಪ್ರದೇಶಗಳನ್ನು ಆಳುತ್ತಿದ್ದ ಒಡೆಯರ ರಾಜ ಮನೆತನ ಈ ದಸರಾ ಉತ್ಸವವನ್ನು 400 ವರ್ಷಗಳ ಹಿಂದೆ ಮೈಸೂರಿನಲ್ಲಿ ಆಚರಿಸಲು ಪ್ರಾರಂಭಿಸಿತು. ಮೈಸೂರು ದಸರಾ ಉತ್ಸವವು ಒಟ್ಟು 20 ದಿನಗಳ ಆಚರಣೆಯಾಗಿತ್ತು. ಇದನ್ನು ಪ್ರತೀವರ್ಷ ಸೆಪ್ಟೆಂಬರ್ ಅಥವಾ ಅಕ್ಟೋಬರ್ ತಿಂಗಳಲ್ಲಿ ಬಹಳ ಏಜೃಂಭಣೆಯಿಂದ ಆಚರಿಸಲಾಗುತ್ತದೆ. ಈ ಉತ್ಸವವು ಒಡೆಯರ ನೇತೃತ್ವದಲ್ಲಿ ನಡೆಯುತ್ತಿದ್ದಾಗ ರಾಜರು ಆನೆಯ ಮೇಲೆ ಚಿನ್ನದ ಅಂಬಾರಿಯಲ್ಲ ಕುಳಿತು ದಸರಾ ಮೆರವಣಿಗೆಯಲ್ಲಿ ಸಾಗುತ್ತಿದ್ದರು. ಭಾರತ ದೇಶ ಸ್ವತಂತ್ರವಾದ ನಂತರ ದಸರಾ ಉತ್ಸವವು ಸರ್ಕಾರದ ನೇತೃತ್ವದಲ್ಲಿ ಆಚರಣೆಗೊಳ್ಳುತ್ತ ಬಂದಿದೆ. ಈಗ ಮೆರವಣಿಗೆಯಲ್ಲಿ ಅಂಬಾರಿಯ ಮೇಲೆ ದೇವಿ ಚಾಮುಂಡೇಶ್ವರಿಯ ಮೂರ್ತಿ ಮಾತ್ರ ಸಾಗುತ್ತದೆ.,0.805,0.195,0.0,0.862,0.982,0.873,0.127,0.0,0.815,0.964,0.039,0.961,0.84,0.88,0.027
26,ದಸರಾ ಹಬ್ಬವು 600 ವರ್ಷಗಲ ಹಿಂದೆ ವಿಜಯಣಘರ ಸಾಮ್ರಾಜ್ಯದ ರಾಜರುಗಳ ಕಾಲದಿಂದ ಆಚರಣೆಯಲ್ಲಿರುವುದಕ್ಕೆ ಸಾಖ್ಷಿಗಳು ಧೊರೆತಿವೆ. ಈಗಿನ ಕರ್ನಾಟಕದ ಮೂಲ ಪ್ರದೇಶಗಳಣ್ನು ಆಳುತ್ತಿದ್ದ ಓಡೆಯರ ರಾಝ ಮನೆತನ ಈ ದಸರಾ ಉತ್ಸವವನ್ಣು 400 ವರ್ಷಗಲ ಹಿಂದೆ ಮೈಸೂರಿನಲ್ಲಿ ಆಛರಿಸಲು ಪ್ರಾರಂಭಿಸಿತು. ಮೈಶೂರು ದಸರಾ ಊತ್ಸವವು ಒಟ್ಟು 20 ದಿಣಘಳ ಆಚರಣೆಯಾಗಿತ್ತು. ಇದನ್ನು ಪ್ರತೀವರ್ಷ ಸೆಪ್ಟೆಂಭರ್ ಅಥವಾ ಅಖ್ಟೋಬರ್ ತಿಂಗಳಲ್ಲಿ ಭಹಳ ಏಜೃಂಭನೆಯಿಂದ ಆಚರಿಸಲಾಗುತ್ಥದೆ. ಈ ಉಥ್ಸವವು ಒಡೆಯರ ನೇತೃತ್ವದಳ್ಲಿ ನಢೆಯುಥ್ತಿದ್ದಾಗ ರಾಝರು ಆಣೆಯ ಮೇಲೆ ಚಿನ್ನದ ಆಂಭಾರಿಯಲ್ಲ ಕುಳಿಥು ದಸರಾ ಮೆರವಣಿಗೆಯಳ್ಲಿ ಸಾಘುಥ್ತಿದ್ದರು. ಭಾರತ ದೇಶ ಶ್ವತಂತ್ರವಾದ ನಂತರ ದಸರಾ ಉತ್ಶವವು ಸರ್ಖಾರದ ಣೇತೃತ್ವದಳ್ಳಿ ಆಚರಣೆಗೊಳ್ಳುತ್ತ ಬಂಧಿಧೆ. ಈಗ ಮೆರವನಿಗೆಯಳ್ಳಿ ಅಂಭಾರಿಯ ಮೇಳೆ ದೇವಿ ಚಾಮುಂಢೇಸ್ವರಿಯ ಮೂರ್ತಿ ಮಾಥ್ರ ಸಾಗುತ್ತದೆ.,dasara,ದಸರಾ ಹಬ್ಬವು 600 ವರ್ಷಗಳ ಹಿಂದೆ ವಿಜಯನಗರ ಸಾಮ್ರಾಜ್ಯದ ರಾಜರುಗಳ ಕಾಲದಿಂದ ಆಚರಣೆಯಲ್ಲಿರುವುದಕ್ಕೆ ಸಾಕ್ಷಿಗಳು ದೊರೆತಿವೆ. ಈಗಿನ ಕರ್ನಾಟಕದ ಮೂಲ ಪ್ರದೇಶಗಳನ್ನು ಆಳುತ್ತಿದ್ದ ಒಡೆಯರ ರಾಜ ಮನೆತನ ಈ ದಸರಾ ಉತ್ಸವವನ್ನು 400 ವರ್ಷಗಳ ಹಿಂದೆ ಮೈಸೂರಿನಲ್ಲಿ ಆಚರಿಸಲು ಪ್ರಾರಂಭಿಸಿತು. ಮೈಸೂರು ದಸರಾ ಉತ್ಸವವು ಒಟ್ಟು 20 ದಿನಗಳ ಆಚರಣೆಯಾಗಿತ್ತು. ಇದನ್ನು ಪ್ರತೀವರ್ಷ ಸೆಪ್ಟೆಂಬರ್ ಅಥವಾ ಅಕ್ಟೋಬರ್ ತಿಂಗಳಲ್ಲಿ ಬಹಳ ಏಜೃಂಭಣೆಯಿಂದ ಆಚರಿಸಲಾಗುತ್ತದೆ. ಈ ಉತ್ಸವವು ಒಡೆಯರ ನೇತೃತ್ವದಲ್ಲಿ ನಡೆಯುತ್ತಿದ್ದಾಗ ರಾಜರು ಆನೆಯ ಮೇಲೆ ಚಿನ್ನದ ಅಂಬಾರಿಯಲ್ಲ ಕುಳಿತು ದಸರಾ ಮೆರವಣಿಗೆಯಲ್ಲಿ ಸಾಗುತ್ತಿದ್ದರು. ಭಾರತ ದೇಶ ಸ್ವತಂತ್ರವಾದ ನಂತರ ದಸರಾ ಉತ್ಸವವು ಸರ್ಕಾರದ ನೇತೃತ್ವದಲ್ಲಿ ಆಚರಣೆಗೊಳ್ಳುತ್ತ ಬಂದಿದೆ. ಈಗ ಮೆರವಣಿಗೆಯಲ್ಲಿ ಅಂಬಾರಿಯ ಮೇಲೆ ದೇವಿ ಚಾಮುಂಡೇಶ್ವರಿಯ ಮೂರ್ತಿ ಮಾತ್ರ ಸಾಗುತ್ತದೆ.,0.693,0.307,0.0,0.805,0.958,0.829,0.171,0.0,0.876,0.954,0.126,0.874,0.84,0.843,0.05
27,ದಸರಾ ಹಬ್ಬವು 600 ವರ್ಷಘಲ ಹಿಂಧೆ ವಿಜಯಣಗರ ಶಾಮ್ರಾಝ್ಯದ ರಾಜರುಗಳ ಕಾಲದಿಂದ ಅಚರಣೆಯಲ್ಲಿರುವುದಕ್ಕೆ ಸಾಕ್ಷಿಘಳು ದೊರೆತಿವೆ. ಈಗಿನ ಕರ್ಣಾಟಕದ ಮೂಲ ಪ್ರದೇಶಗಳನ್ನು ಆಲುತ್ತಿದ್ದ ಓಢೆಯರ ರಾಜ ರಾಜ ಮನೆತನ ಈ ದಶರಾ ಉತ್ಶವವನ್ನು 400 ವರ್ಷಗಲ ಹಿಂಧೆ ಮೈಸೂರಿನಲ್ಳಿ ಆಛರಿಸಲು ಫ್ರಾರಂಭಿಸಿತು. ಮೈಸೂರು ಧಸರಾ ಊತ್ಸವವು ಒಟ್ಠು 20 ದಿನಗಳ ಆಛರಣೆಯಾಗಿತ್ತು. ಇದನ್ನು ಪ್ರತೀವರ್ಷ ಸೆಫ್ಠೆಂಬರ್ ಅತವಾ ಅಕ್ಟೋಬರ್ ಥಿಂಗಳಲ್ಳಿ ಭಹಳ ಎಜೃಂಬಣೆಯಿಂದ ಆಚರಿಸಲಾಗುತ್ತಧೆ. ಈ ಉತ್ಸವವು ಒಡೆಯರ ಣೇತೃಥ್ವದಲ್ಲಿ ಣಡೆಯುತ್ಥಿಧ್ದಾಗ ರಾಜರು ಆಣೆಯ ಮೇಳೆ ಚಿನ್ಣದ ಅಂಬಾರಿಯಳ್ಲ ಕುಳಿತು ದಸರಾ ಮೆರವನಿಗೆಯಲ್ಲಿ ಸಾಘುತ್ಥಿದ್ದರು. ಭಾರತ ದೇಸ ಸ್ವತಂತ್ರವಾದ ನಂತರ ದಸರಾ ಉತ್ಸವವು ಸರ್ಕಾರದ ನೇತೃತ್ವದಲ್ಲಿ ಆಛರಣೆಗೊಳ್ಳುಥ್ಥ ಬಂಧಿದೆ. ಇಗ ಮೆರವಣಿಗೆಯಳ್ಲಿ ಅಂಬಾರಿಯ ಮೇಲೆ ಧೇವಿ ಚಾಮುಂಡೇಶ್ವರಿಯ ಮೂರ್ತಿ ಮಾತ್ರ ಸಾಘುತ್ತದೆ.,dasara,ದಸರಾ ಹಬ್ಬವು 600 ವರ್ಷಗಳ ಹಿಂದೆ ವಿಜಯನಗರ ಸಾಮ್ರಾಜ್ಯದ ರಾಜರುಗಳ ಕಾಲದಿಂದ ಆಚರಣೆಯಲ್ಲಿರುವುದಕ್ಕೆ ಸಾಕ್ಷಿಗಳು ದೊರೆತಿವೆ. ಈಗಿನ ಕರ್ನಾಟಕದ ಮೂಲ ಪ್ರದೇಶಗಳನ್ನು ಆಳುತ್ತಿದ್ದ ಒಡೆಯರ ರಾಜ ಮನೆತನ ಈ ದಸರಾ ಉತ್ಸವವನ್ನು 400 ವರ್ಷಗಳ ಹಿಂದೆ ಮೈಸೂರಿನಲ್ಲಿ ಆಚರಿಸಲು ಪ್ರಾರಂಭಿಸಿತು. ಮೈಸೂರು ದಸರಾ ಉತ್ಸವವು ಒಟ್ಟು 20 ದಿನಗಳ ಆಚರಣೆಯಾಗಿತ್ತು. ಇದನ್ನು ಪ್ರತೀವರ್ಷ ಸೆಪ್ಟೆಂಬರ್ ಅಥವಾ ಅಕ್ಟೋಬರ್ ತಿಂಗಳಲ್ಲಿ ಬಹಳ ಏಜೃಂಭಣೆಯಿಂದ ಆಚರಿಸಲಾಗುತ್ತದೆ. ಈ ಉತ್ಸವವು ಒಡೆಯರ ನೇತೃತ್ವದಲ್ಲಿ ನಡೆಯುತ್ತಿದ್ದಾಗ ರಾಜರು ಆನೆಯ ಮೇಲೆ ಚಿನ್ನದ ಅಂಬಾರಿಯಲ್ಲ ಕುಳಿತು ದಸರಾ ಮೆರವಣಿಗೆಯಲ್ಲಿ ಸಾಗುತ್ತಿದ್ದರು. ಭಾರತ ದೇಶ ಸ್ವತಂತ್ರವಾದ ನಂತರ ದಸರಾ ಉತ್ಸವವು ಸರ್ಕಾರದ ನೇತೃತ್ವದಲ್ಲಿ ಆಚರಣೆಗೊಳ್ಳುತ್ತ ಬಂದಿದೆ. ಈಗ ಮೆರವಣಿಗೆಯಲ್ಲಿ ಅಂಬಾರಿಯ ಮೇಲೆ ದೇವಿ ಚಾಮುಂಡೇಶ್ವರಿಯ ಮೂರ್ತಿ ಮಾತ್ರ ಸಾಗುತ್ತದೆ.,0.691,0.309,0.009,0.863,0.96,0.786,0.214,0.005,0.797,0.935,0.099,0.901,0.841,0.827,0.04
28,ಧಸರಾ ಹಬ್ಬವು 600 ವರ್ಷಗಲ ಹಿಂದೆ ವಿಜಯನಗರ ಸಾಮ್ರಾಜ್ಯದ ರಾಜರುಗಳ ಕಾಲದಿಂದ ಆಚರನೆಯಲ್ಲಿರುವುಧಕ್ಕೆ ಸಾಖ್ಷಿಘಳು ದೊರೆತಿವೆ. ಇಘಿನ ಖರ್ನಾಠಕದ ಮೂಲ ಪ್ರದೇಶಗಲನ್ನು ಆಳುತ್ತಿದ್ಧ ಓಡೆಯರ ರಾಝ ಮನೆಥನ ಈ ದಶರಾ ಉತ್ಸವವನ್ಣು 400 ವರ್ಷಗಳ ಹಿಂದೆ ಮೈಸೂರಿನಲ್ಲಿ ಅಚರಿಸಲು ಪ್ರಾರಂಭಿಸಿತು. ಮೈಸೂರು ದಸರಾ ಊಥ್ಸವವು ಒಟ್ಟು 20 ದಿನಗಲ ಅಛರಣೆಯಾಗಿಥ್ತು. ಇದನ್ನು ಪ್ರತೀವರ್ಷ ಸೆಫ್ಟೆಂಬರ್ ಅಥವಾ ಅಖ್ಟೋಭರ್ ಥಿಂಗಲಲ್ಲಿ ಬಹಳ ಏಝೃಂಭಣೆಯಿಂದ ಆಚರಿಸಲಾಗುಥ್ತದೆ. ಇ ಉಥ್ಸವವು ಒಢೆಯರ ಣೇತೃಥ್ವದಲ್ಲಿ ಣಡೆಯುತ್ತಿದ್ದಾಘ ರಾಜರು ಅಣೆಯ ಮೇಲೆ ಚಿನ್ಣದ ಅಂಬಾರಿಯಳ್ಲ ಕುಲಿತು ದಸರಾ ಮೆರವಣಿಘೆಯಲ್ಲಿ ಸಾಘುತ್ತಿದ್ಧರು. ಬಾರತ ದೇಶ ಶ್ವತಂತ್ರವಾದ ನಂಥರ ದಸರಾ ಉಥ್ಸವವು ಸರ್ಕಾರದ ನೇತೃಥ್ವದಲ್ಲಿ ಅಚರಣೆಗೊಲ್ಳುಥ್ತ ಅಚರಣೆಗೊಲ್ಳುಥ್ತ ಬಂದಿದೆ. ಇಗ ಮೆರವಣಿಗೆಯಲ್ಲಿ ಅಂಬಾರಿಯ ಮೇಲೆ ದೇವಿ ಚಾಮುಂಢೇಶ್ವರಿಯ ಮೂರ್ಥಿ ಮಾತ್ರ ಸಾಗುತ್ತದೆ.,dasara,ದಸರಾ ಹಬ್ಬವು 600 ವರ್ಷಗಳ ಹಿಂದೆ ವಿಜಯನಗರ ಸಾಮ್ರಾಜ್ಯದ ರಾಜರುಗಳ ಕಾಲದಿಂದ ಆಚರಣೆಯಲ್ಲಿರುವುದಕ್ಕೆ ಸಾಕ್ಷಿಗಳು ದೊರೆತಿವೆ. ಈಗಿನ ಕರ್ನಾಟಕದ ಮೂಲ ಪ್ರದೇಶಗಳನ್ನು ಆಳುತ್ತಿದ್ದ ಒಡೆಯರ ರಾಜ ಮನೆತನ ಈ ದಸರಾ ಉತ್ಸವವನ್ನು 400 ವರ್ಷಗಳ ಹಿಂದೆ ಮೈಸೂರಿನಲ್ಲಿ ಆಚರಿಸಲು ಪ್ರಾರಂಭಿಸಿತು. ಮೈಸೂರು ದಸರಾ ಉತ್ಸವವು ಒಟ್ಟು 20 ದಿನಗಳ ಆಚರಣೆಯಾಗಿತ್ತು. ಇದನ್ನು ಪ್ರತೀವರ್ಷ ಸೆಪ್ಟೆಂಬರ್ ಅಥವಾ ಅಕ್ಟೋಬರ್ ತಿಂಗಳಲ್ಲಿ ಬಹಳ ಏಜೃಂಭಣೆಯಿಂದ ಆಚರಿಸಲಾಗುತ್ತದೆ. ಈ ಉತ್ಸವವು ಒಡೆಯರ ನೇತೃತ್ವದಲ್ಲಿ ನಡೆಯುತ್ತಿದ್ದಾಗ ರಾಜರು ಆನೆಯ ಮೇಲೆ ಚಿನ್ನದ ಅಂಬಾರಿಯಲ್ಲ ಕುಳಿತು ದಸರಾ ಮೆರವಣಿಗೆಯಲ್ಲಿ ಸಾಗುತ್ತಿದ್ದರು. ಭಾರತ ದೇಶ ಸ್ವತಂತ್ರವಾದ ನಂತರ ದಸರಾ ಉತ್ಸವವು ಸರ್ಕಾರದ ನೇತೃತ್ವದಲ್ಲಿ ಆಚರಣೆಗೊಳ್ಳುತ್ತ ಬಂದಿದೆ. ಈಗ ಮೆರವಣಿಗೆಯಲ್ಲಿ ಅಂಬಾರಿಯ ಮೇಲೆ ದೇವಿ ಚಾಮುಂಡೇಶ್ವರಿಯ ಮೂರ್ತಿ ಮಾತ್ರ ಸಾಗುತ್ತದೆ.,0.629,0.371,0.025,0.9,0.939,0.76,0.24,0.024,0.732,0.917,0.051,0.949,0.844,0.847,0.028
29,ಧಸರಾ ಹಭ್ಬವು 600 ವರ್ಷಗಳ ಹಿಂದೆ ವಿಜಯನಗರ ಸಾಮ್ರಾಜ್ಯದ ರಾಜರುಗಳ ಕಾಲದಿಂದ ಆಚರಣೆಯಲ್ಲಿರುವುದಕ್ಕೆ ಸಾಕ್ಷಿಗಲು ದೊರೆಥಿವೆ. ಈಗಿನ ಖರ್ನಾಟಖದ ಮೂಲ ಪ್ರದೇಸಗಳನ್ನು ಆಳುತ್ಥಿದ್ದ ಒಢೆಯರ ರಾಜ ಮನೆತನ ಈ ದಶರಾ ಉತ್ಸವವನ್ನು 400 ವರ್ಷಗಳ ಹಿಂದೆ ಮೈಸೂರಿನಲ್ಲಿ ಆಚರಿಸಳು ಫ್ರಾರಂಭಿಸಿಥು. ಮೈಸೂರು ದಸರಾ ಉಥ್ಸವವು ಒಟ್ಟು 20 ದಿಣಘಲ ಆಚರಣೆಯಾಗಿತ್ತು. ಇದನ್ನು ಫ್ರತೀವರ್ಷ ಸೆಪ್ಟೆಂಬರ್ ಆತವಾ ಆಕ್ಟೋಬರ್ ಥಿಂಗಳಲ್ಲಿ ಬಹಳ ಏಜೃಂಭಣೆಯಿಂದ ಅಚರಿಸಳಾಗುತ್ಥದೆ. ಈ ಉತ್ಶವವು ಒಡೆಯರ ನೇತೃತ್ವಧಲ್ಳಿ ನಢೆಯುತ್ಥಿಧ್ದಾಘ ರಾಜರು ಆನೆಯ ಮೇಳೆ ಚಿಣ್ನದ ಅಂಬಾರಿಯಳ್ಲ ಕುಳಿತು ಧಸರಾ ಮೆರವಣಿಗೆಯಲ್ಲಿ ಸಾಗುತ್ತಿದ್ದರು. ಭಾರಥ ದೇಶ ಸ್ವತಂತ್ರವಾಧ ಣಂತರ ದಸರಾ ಉತ್ಸವವು ಸರ್ಖಾರದ ನೇತೃತ್ವದಲ್ಲಿ ಆಚರನೆಘೊಲ್ಳುತ್ತ ಬಂಧಿದೆ. ಈಗ ಮೆರವಣಿಗೆಯಲ್ಲಿ ಅಂಬಾರಿಯ ಮೇಳೆ ದೇವಿ ಚಾಮುಂಡೇಶ್ವರಿಯ ಮೂರ್ತಿ ಮಾತ್ರ ಸಾಗುತ್ತದೆ.,dasara,ದಸರಾ ಹಬ್ಬವು 600 ವರ್ಷಗಳ ಹಿಂದೆ ವಿಜಯನಗರ ಸಾಮ್ರಾಜ್ಯದ ರಾಜರುಗಳ ಕಾಲದಿಂದ ಆಚರಣೆಯಲ್ಲಿರುವುದಕ್ಕೆ ಸಾಕ್ಷಿಗಳು ದೊರೆತಿವೆ. ಈಗಿನ ಕರ್ನಾಟಕದ ಮೂಲ ಪ್ರದೇಶಗಳನ್ನು ಆಳುತ್ತಿದ್ದ ಒಡೆಯರ ರಾಜ ಮನೆತನ ಈ ದಸರಾ ಉತ್ಸವವನ್ನು 400 ವರ್ಷಗಳ ಹಿಂದೆ ಮೈಸೂರಿನಲ್ಲಿ ಆಚರಿಸಲು ಪ್ರಾರಂಭಿಸಿತು. ಮೈಸೂರು ದಸರಾ ಉತ್ಸವವು ಒಟ್ಟು 20 ದಿನಗಳ ಆಚರಣೆಯಾಗಿತ್ತು. ಇದನ್ನು ಪ್ರತೀವರ್ಷ ಸೆಪ್ಟೆಂಬರ್ ಅಥವಾ ಅಕ್ಟೋಬರ್ ತಿಂಗಳಲ್ಲಿ ಬಹಳ ಏಜೃಂಭಣೆಯಿಂದ ಆಚರಿಸಲಾಗುತ್ತದೆ. ಈ ಉತ್ಸವವು ಒಡೆಯರ ನೇತೃತ್ವದಲ್ಲಿ ನಡೆಯುತ್ತಿದ್ದಾಗ ರಾಜರು ಆನೆಯ ಮೇಲೆ ಚಿನ್ನದ ಅಂಬಾರಿಯಲ್ಲ ಕುಳಿತು ದಸರಾ ಮೆರವಣಿಗೆಯಲ್ಲಿ ಸಾಗುತ್ತಿದ್ದರು. ಭಾರತ ದೇಶ ಸ್ವತಂತ್ರವಾದ ನಂತರ ದಸರಾ ಉತ್ಸವವು ಸರ್ಕಾರದ ನೇತೃತ್ವದಲ್ಲಿ ಆಚರಣೆಗೊಳ್ಳುತ್ತ ಬಂದಿದೆ. ಈಗ ಮೆರವಣಿಗೆಯಲ್ಲಿ ಅಂಬಾರಿಯ ಮೇಲೆ ದೇವಿ ಚಾಮುಂಡೇಶ್ವರಿಯ ಮೂರ್ತಿ ಮಾತ್ರ ಸಾಗುತ್ತದೆ.,0.758,0.242,0.0,0.836,0.974,0.862,0.138,0.0,0.851,0.962,0.126,0.874,0.84,0.875,0.051
30,ದಸರಾ ಹಬ್ಬವು 600 ವರ್ಷಗಲ ಹಿಂದೆ ವಿಝಯನಗರ ಶಾಮ್ರಾಝ್ಯದ ರಾಜರುಗಳ ಕಾಲದಿಂಧ ಆಚರನೆಯಲ್ಲಿರುವುದಕ್ಕೆ ಸಾಕ್ಷಿಗಳು ದೊರೆತಿವೆ. ಈಘಿನ ಖರ್ನಾಟಖದ ಮೂಲ ಫ್ರಧೇಶಗಳನ್ನು ಅಳುತ್ಥಿಧ್ದ ಒಡೆಯರ ರಾಜ ಮನೆತಣ ಈ ದಸರಾ ಉತ್ಸವವನ್ಣು 400 ವರ್ಷಘಳ ಹಿಂದೆ ಮೈಸೂರಿನಲ್ಲಿ ಆಚರಿಶಲು ಪ್ರಾರಂಭಿಸಿಥು. ಮೈಶೂರು ದಸರಾ ಉತ್ಶವವು ಒಟ್ಟು 20 ದಿನಘಳ ಅಚರಣೆಯಾಗಿತ್ಥು. ಇಧಣ್ನು ಪ್ರಥೀವರ್ಷ ಸೆಫ್ಟೆಂಬರ್ ಅಥವಾ ಅಖ್ಟೋಬರ್ ತಿಂಘಲಲ್ಲಿ ಭಹಲ ಏಝೃಂಭಣೆಯಿಂದ ಆಛರಿಸಲಾಗುತ್ತದೆ. ಈ ಉತ್ಶವವು ಒಡೆಯರ ನೇತೃಥ್ವದಳ್ಳಿ ನಡೆಯುತ್ತಿಧ್ಧಾಗ ರಾಜರು ಅನೆಯ ಮೇಲೆ ಚಿನ್ನದ ಆಂಬಾರಿಯಲ್ಲ ಕುಳಿಥು ದಸರಾ ಮೆರವನಿಗೆಯಲ್ಲಿ ಸಾಘುತ್ತಿಧ್ದರು. ಭಾರತ ದೇಶ ಸ್ವತಂತ್ರವಾದ ನಂತರ ದಸರಾ ಉತ್ಸವವು ಸರ್ಖಾರದ ಣೇತೃತ್ವದಲ್ಲಿ ಆಛರಣೆಗೊಳ್ಳುತ್ತ ಬಂದಿದೆ. ಈಗ ಮೆರವಣಿಘೆಯಲ್ಳಿ ಅಂಬಾರಿಯ ಮೇಲೆ ದೇವಿ ಚಾಮುಂಡೇಸ್ವರಿಯ ಮೂರ್ತಿ ಮಾತ್ರ ಶಾಗುಥ್ತಧೆ.,dasara,ದಸರಾ ಹಬ್ಬವು 600 ವರ್ಷಗಳ ಹಿಂದೆ ವಿಜಯನಗರ ಸಾಮ್ರಾಜ್ಯದ ರಾಜರುಗಳ ಕಾಲದಿಂದ ಆಚರಣೆಯಲ್ಲಿರುವುದಕ್ಕೆ ಸಾಕ್ಷಿಗಳು ದೊರೆತಿವೆ. ಈಗಿನ ಕರ್ನಾಟಕದ ಮೂಲ ಪ್ರದೇಶಗಳನ್ನು ಆಳುತ್ತಿದ್ದ ಒಡೆಯರ ರಾಜ ಮನೆತನ ಈ ದಸರಾ ಉತ್ಸವವನ್ನು 400 ವರ್ಷಗಳ ಹಿಂದೆ ಮೈಸೂರಿನಲ್ಲಿ ಆಚರಿಸಲು ಪ್ರಾರಂಭಿಸಿತು. ಮೈಸೂರು ದಸರಾ ಉತ್ಸವವು ಒಟ್ಟು 20 ದಿನಗಳ ಆಚರಣೆಯಾಗಿತ್ತು. ಇದನ್ನು ಪ್ರತೀವರ್ಷ ಸೆಪ್ಟೆಂಬರ್ ಅಥವಾ ಅಕ್ಟೋಬರ್ ತಿಂಗಳಲ್ಲಿ ಬಹಳ ಏಜೃಂಭಣೆಯಿಂದ ಆಚರಿಸಲಾಗುತ್ತದೆ. ಈ ಉತ್ಸವವು ಒಡೆಯರ ನೇತೃತ್ವದಲ್ಲಿ ನಡೆಯುತ್ತಿದ್ದಾಗ ರಾಜರು ಆನೆಯ ಮೇಲೆ ಚಿನ್ನದ ಅಂಬಾರಿಯಲ್ಲ ಕುಳಿತು ದಸರಾ ಮೆರವಣಿಗೆಯಲ್ಲಿ ಸಾಗುತ್ತಿದ್ದರು. ಭಾರತ ದೇಶ ಸ್ವತಂತ್ರವಾದ ನಂತರ ದಸರಾ ಉತ್ಸವವು ಸರ್ಕಾರದ ನೇತೃತ್ವದಲ್ಲಿ ಆಚರಣೆಗೊಳ್ಳುತ್ತ ಬಂದಿದೆ. ಈಗ ಮೆರವಣಿಗೆಯಲ್ಲಿ ಅಂಬಾರಿಯ ಮೇಲೆ ದೇವಿ ಚಾಮುಂಡೇಶ್ವರಿಯ ಮೂರ್ತಿ ಮಾತ್ರ ಸಾಗುತ್ತದೆ.,0.545,0.455,0.0,0.792,0.89,0.785,0.215,0.0,0.833,0.937,0.121,0.879,0.84,0.841,0.048
1,"ಬಣ್ನಧ, colorful} ಥಗಡಿನ ತುತ್ತೂರಿ| ಕಾಸಿಘೆ ಕೊಂಡನು ಕಸ್ತೂರಿ| ಸ-ರಿ-ಘ-ಮ-ಪ-ದ-ನಿ-ಸ ಊದಿದನು| ಶ-ನಿ-ದ-ಪ-ಮ-ಘ-ರಿ-ಸ ಊದಿದನು || ತನಘೆ ಥುತ್ಥೂರಿ ಇದೆಯೆಂದ| ಬೇರಾರಿಘೂ ಅದು ಇಲ್ಲೆಂದ| ಕಸ್ತೂರಿ ಣಡೆದನು {ಬೀದಿಯಲಿ, in the road}| ಜಂಭದ ಕೋಲಿಯ ರೀಥಿಯಲಿ || ಥುತ್ತೂರಿ ಊಧುತ ಕೊಳದ ಬಲಿ| ನಡೆದನು ಕಶ್ತೂರಿ ಸಂಜೆಯಲಿ| ಝಾರಿತು ನೀರಿಘೆ ತುತ್ತೂರಿ| ಗಂಟಲು ಕಟ್ಠಿತು ನೀರೂರಿ || ಶ-ರಿ-ಗ-ಮ ಊದಲು ನೋಡಿದನು| ಗ-ಗ-ಗ-ಘ ಸದ್ದಣು ಮಾಡಿದನು| ಬಣ್ನವು ನೀರಿನ ಪಾಲಾಯ್ಥು| ಝಂಭಧ ಕೋಳಿಗೆ {ಗೋಳಾಯ್ಥು, sadness} ||",tutturi,"ಬಣ್ಣದ, colorful} ತಗಡಿನ ತುತ್ತೂರಿ| ಕಾಸಿಗೆ ಕೊಂಡನು ಕಸ್ತೂರಿ| ಸ-ರಿ-ಗ-ಮ-ಪ-ದ-ನಿ-ಸ ಊದಿದನು| ಸ-ನಿ-ದ-ಪ-ಮ-ಗ-ರಿ-ಸ ಊದಿದನು || ತನಗೆ ತುತ್ತೂರಿ ಇದೆಯೆಂದ| ಬೇರಾರಿಗೂ ಅದು ಇಲ್ಲೆಂದ| ಕಸ್ತೂರಿ ನಡೆದನು {ಬೀದಿಯಲಿ, in the road}| ಜಂಭದ ಕೋಳಿಯ ರೀತಿಯಲಿ || ತುತ್ತೂರಿ ಊದುತ ಕೊಳದ ಬಳಿ| ನಡೆದನು ಕಸ್ತೂರಿ ಸಂಜೆಯಲಿ| ಜಾರಿತು ನೀರಿಗೆ ತುತ್ತೂರಿ| ಗಂಟಲು ಕಟ್ಟಿತು ನೀರೂರಿ || ಸ-ರಿ-ಗ-ಮ ಊದಲು ನೋಡಿದನು| ಗ-ಗ-ಗ-ಗ ಸದ್ದನು ಮಾಡಿದನು| ಬಣ್ಣವು ನೀರಿನ ಪಾಲಾಯ್ತು| ಜಂಭದ ಕೋಳಿಗೆ {ಗೋಳಾಯ್ತು, sadness} ||",0.804,0.196,0.0,0.868,0.982,0.839,0.161,0.0,0.813,0.955,0.161,0.839,0.811,0.887,0.072
2,"ಬನ್ಣದ, colorful} ತಗಡಿನ ತುತ್ತೂರಿ| ಕಾಸಿಗೆ ಕೊಂಡನು ಖಸ್ತೂರಿ| ಸ-ರಿ-ಘ-ಮ-ಪ-ದ-ನಿ-ಸ ಊದಿದಣು| ಸ-ನಿ-ಧ-ಪ-ಮ-ಗ-ರಿ-ಶ ಊದಿಧಣು || ತನಗೆ ತುತ್ಥೂರಿ ಇದೆಯೆಂದ| ಬೇರಾರಿಗೂ ಅದು ಇಲ್ಲೆಂದ| ಕಸ್ತೂರಿ ಣಡೆದನು {ಬೀದಿಯಳಿ, in the road}| ಝಂಭದ ಕೋಳಿಯ ರೀತಿಯಳಿ || ತುತ್ತೂರಿ ಊದುತ ಖೊಳದ ಬಳಿ| ನಡೆದನು ಕಸ್ಥೂರಿ ಸಂಜೆಯಲಿ| ಝಾರಿತು ನೀರಿಘೆ ತುಥ್ತೂರಿ| ಗಂಟಲು ಖಠ್ಟಿತು ನೀರೂರಿ || ಸ-ರಿ-ಗ-ಮ ಊದಲು ನೋಢಿಧನು| ಘ-ಗ-ಗ-ಗ ಸದ್ಧನು ಮಾಡಿದನು| ಬನ್ಣವು ನೀರಿನ ಪಾಲಾಯ್ಥು| ಝಂಭದ ಕೋಳಿಗೆ {ಗೋಲಾಯ್ತು, sadness} ||",tutturi,"ಬಣ್ಣದ, colorful} ತಗಡಿನ ತುತ್ತೂರಿ| ಕಾಸಿಗೆ ಕೊಂಡನು ಕಸ್ತೂರಿ| ಸ-ರಿ-ಗ-ಮ-ಪ-ದ-ನಿ-ಸ ಊದಿದನು| ಸ-ನಿ-ದ-ಪ-ಮ-ಗ-ರಿ-ಸ ಊದಿದನು || ತನಗೆ ತುತ್ತೂರಿ ಇದೆಯೆಂದ| ಬೇರಾರಿಗೂ ಅದು ಇಲ್ಲೆಂದ| ಕಸ್ತೂರಿ ನಡೆದನು {ಬೀದಿಯಲಿ, in the road}| ಜಂಭದ ಕೋಳಿಯ ರೀತಿಯಲಿ || ತುತ್ತೂರಿ ಊದುತ ಕೊಳದ ಬಳಿ| ನಡೆದನು ಕಸ್ತೂರಿ ಸಂಜೆಯಲಿ| ಜಾರಿತು ನೀರಿಗೆ ತುತ್ತೂರಿ| ಗಂಟಲು ಕಟ್ಟಿತು ನೀರೂರಿ || ಸ-ರಿ-ಗ-ಮ ಊದಲು ನೋಡಿದನು| ಗ-ಗ-ಗ-ಗ ಸದ್ದನು ಮಾಡಿದನು| ಬಣ್ಣವು ನೀರಿನ ಪಾಲಾಯ್ತು| ಜಂಭದ ಕೋಳಿಗೆ {ಗೋಳಾಯ್ತು, sadness} ||",0.818,0.182,0.0,0.82,0.983,0.871,0.129,0.0,0.866,0.965,0.168,0.832,0.811,0.858,0.073
3,"ಭಣ್ಣದ, colorful} ತಗಢಿನ ಥುತ್ತೂರಿ| ಕಾಸಿಗೆ ಖೊಂಡನು ಕಸ್ಥೂರಿ| ಶ-ರಿ-ಘ-ಮ-ಪ-ದ-ನಿ-ಸ ಊದಿಧಣು| ಸ-ನಿ-ದ-ಪ-ಮ-ಗ-ರಿ-ಸ ಊದಿಧನು || ತನಗೆ ತುತ್ತೂರಿ ಇದೆಯೆಂದ| ಭೇರಾರಿಗೂ ಅದು ಇಲ್ಲೆಂಧ| ಖಸ್ತೂರಿ ನಢೆದನು {ಭೀದಿಯಲಿ, in the road}| ಜಂಬದ ಕೋಲಿಯ ರೀತಿಯಲಿ || ತುತ್ತೂರಿ ಊದುಥ ಕೊಲದ ಬಳಿ| ನಡೆದನು ಕಸ್ತೂರಿ ಸಂಜೆಯಲಿ| ಝಾರಿತು ನೀರಿಗೆ ತುತ್ಥೂರಿ| ಗಂಠಲು ಕಟ್ಟಿತು ನೀರೂರಿ || ಶ-ರಿ-ಗ-ಮ ಊಧಳು ನೋಡಿದನು| ಗ-ಗ-ಗ-ಗ ಸದ್ದನು ಮಾಡಿದನು| ಬಣ್ಣವು ನೀರಿನ ಪಾಲಾಯ್ತು| ಜಂಭಧ ಖೋಲಿಗೆ {ಗೋಳಾಯ್ತು, sadness} ||",tutturi,"ಬಣ್ಣದ, colorful} ತಗಡಿನ ತುತ್ತೂರಿ| ಕಾಸಿಗೆ ಕೊಂಡನು ಕಸ್ತೂರಿ| ಸ-ರಿ-ಗ-ಮ-ಪ-ದ-ನಿ-ಸ ಊದಿದನು| ಸ-ನಿ-ದ-ಪ-ಮ-ಗ-ರಿ-ಸ ಊದಿದನು || ತನಗೆ ತುತ್ತೂರಿ ಇದೆಯೆಂದ| ಬೇರಾರಿಗೂ ಅದು ಇಲ್ಲೆಂದ| ಕಸ್ತೂರಿ ನಡೆದನು {ಬೀದಿಯಲಿ, in the road}| ಜಂಭದ ಕೋಳಿಯ ರೀತಿಯಲಿ || ತುತ್ತೂರಿ ಊದುತ ಕೊಳದ ಬಳಿ| ನಡೆದನು ಕಸ್ತೂರಿ ಸಂಜೆಯಲಿ| ಜಾರಿತು ನೀರಿಗೆ ತುತ್ತೂರಿ| ಗಂಟಲು ಕಟ್ಟಿತು ನೀರೂರಿ || ಸ-ರಿ-ಗ-ಮ ಊದಲು ನೋಡಿದನು| ಗ-ಗ-ಗ-ಗ ಸದ್ದನು ಮಾಡಿದನು| ಬಣ್ಣವು ನೀರಿನ ಪಾಲಾಯ್ತು| ಜಂಭದ ಕೋಳಿಗೆ {ಗೋಳಾಯ್ತು, sadness} ||",0.818,0.182,0.0,0.866,0.983,0.859,0.141,0.0,0.832,0.961,0.14,0.86,0.811,0.842,0.059
4,"ಬಣ್ಣದ, colorful} ತಗಡಿಣ ತುತ್ತೂರಿ| ಕಾಸಿಘೆ ಖೊಂಡಣು ಕಸ್ಥೂರಿ| ಶ-ರಿ-ಗ-ಮ-ಫ-ದ-ನಿ-ಸ ಊದಿಧನು| ಸ-ನಿ-ದ-ಪ-ಮ-ಗ-ರಿ-ಸ ಊಧಿದನು || ಥನಗೆ ತುತ್ಥೂರಿ ಈಧೆಯೆಂಧ| ಬೇರಾರಿಗೂ ಅದು ಇಲ್ಲೆಂದ| ಕಸ್ಥೂರಿ ನಡೆದಣು {ಬೀದಿಯಲಿ, in the road}| ಝಂಬದ ಕೋಲಿಯ ರೀತಿಯಲಿ || ತುಥ್ಥೂರಿ ಊದುಥ ಖೊಲದ ಬಳಿ| ನಢೆದಣು ಖಸ್ತೂರಿ ಸಂಜೆಯಲಿ| ಜಾರಿತು ನೀರಿಗೆ ತುಥ್ತೂರಿ| ಗಂಟಲು ಕಟ್ಟಿತು ನೀರೂರಿ || ಸ-ರಿ-ಗ-ಮ ಊಧಲು ನೋಡಿದನು| ಗ-ಘ-ಘ-ಗ ಸದ್ದನು ಮಾಡಿದಣು| ಬನ್ನವು ನೀರಿನ ಫಾಲಾಯ್ತು| ಜಂಭದ ಖೋಳಿಗೆ {ಗೋಲಾಯ್ತು, sadness} ||",tutturi,"ಬಣ್ಣದ, colorful} ತಗಡಿನ ತುತ್ತೂರಿ| ಕಾಸಿಗೆ ಕೊಂಡನು ಕಸ್ತೂರಿ| ಸ-ರಿ-ಗ-ಮ-ಪ-ದ-ನಿ-ಸ ಊದಿದನು| ಸ-ನಿ-ದ-ಪ-ಮ-ಗ-ರಿ-ಸ ಊದಿದನು || ತನಗೆ ತುತ್ತೂರಿ ಇದೆಯೆಂದ| ಬೇರಾರಿಗೂ ಅದು ಇಲ್ಲೆಂದ| ಕಸ್ತೂರಿ ನಡೆದನು {ಬೀದಿಯಲಿ, in the road}| ಜಂಭದ ಕೋಳಿಯ ರೀತಿಯಲಿ || ತುತ್ತೂರಿ ಊದುತ ಕೊಳದ ಬಳಿ| ನಡೆದನು ಕಸ್ತೂರಿ ಸಂಜೆಯಲಿ| ಜಾರಿತು ನೀರಿಗೆ ತುತ್ತೂರಿ| ಗಂಟಲು ಕಟ್ಟಿತು ನೀರೂರಿ || ಸ-ರಿ-ಗ-ಮ ಊದಲು ನೋಡಿದನು| ಗ-ಗ-ಗ-ಗ ಸದ್ದನು ಮಾಡಿದನು| ಬಣ್ಣವು ನೀರಿನ ಪಾಲಾಯ್ತು| ಜಂಭದ ಕೋಳಿಗೆ {ಗೋಳಾಯ್ತು, sadness} ||",0.748,0.252,0.0,0.781,0.971,0.799,0.201,0.0,0.809,0.942,0.14,0.86,0.811,0.84,0.058
5,"ಬನ್ನದ, colorful} ತಗಡಿನ ತುಥ್ಥೂರಿ| ಕಾಸಿಘೆ ಖೊಂಡನು ಕಸ್ತೂರಿ| ಸ-ರಿ-ಗ-ಮ-ಪ-ಧ-ನಿ-ಶ ಊದಿಧನು| ಶ-ನಿ-ದ-ಪ-ಮ-ಗ-ರಿ-ಸ ಊಧಿಧನು || ಥನಗೆ ಥುತ್ತೂರಿ ಇಧೆಯೆಂದ| ಬೇರಾರಿಘೂ ಅದು ಇಲ್ಲೆಂದ| ಖಸ್ಥೂರಿ ಣಡೆದನು {ಭೀದಿಯಲಿ, in the road}| ಜಂಭಧ ಕೋಳಿಯ ರೀಥಿಯಳಿ || ಥುಥ್ಥೂರಿ ಊದುತ ಕೊಳದ ಬಳಿ| ನಡೆದನು ಕಸ್ತೂರಿ ಸಂಝೆಯಳಿ| ಜಾರಿತು ನೀರಿಗೆ ತುತ್ಥೂರಿ| ಗಂಟಲು ಖಟ್ಠಿತು ನೀರೂರಿ || ಸ-ರಿ-ಗ-ಮ ಊದಲು ನೋಢಿದಣು| ಘ-ಗ-ಗ-ಗ ಸದ್ಧನು ಮಾಡಿದನು| ಬನ್ಣವು ನೀರಿಣ ಪಾಲಾಯ್ತು| ಜಂಭದ ಕೋಳಿಗೆ {ಗೋಲಾಯ್ಥು, sadness} ||",tutturi,"ಬಣ್ಣದ, colorful} ತಗಡಿನ ತುತ್ತೂರಿ| ಕಾಸಿಗೆ ಕೊಂಡನು ಕಸ್ತೂರಿ| ಸ-ರಿ-ಗ-ಮ-ಪ-ದ-ನಿ-ಸ ಊದಿದನು| ಸ-ನಿ-ದ-ಪ-ಮ-ಗ-ರಿ-ಸ ಊದಿದನು || ತನಗೆ ತುತ್ತೂರಿ ಇದೆಯೆಂದ| ಬೇರಾರಿಗೂ ಅದು ಇಲ್ಲೆಂದ| ಕಸ್ತೂರಿ ನಡೆದನು {ಬೀದಿಯಲಿ, in the road}| ಜಂಭದ ಕೋಳಿಯ ರೀತಿಯಲಿ || ತುತ್ತೂರಿ ಊದುತ ಕೊಳದ ಬಳಿ| ನಡೆದನು ಕಸ್ತೂರಿ ಸಂಜೆಯಲಿ| ಜಾರಿತು ನೀರಿಗೆ ತುತ್ತೂರಿ| ಗಂಟಲು ಕಟ್ಟಿತು ನೀರೂರಿ || ಸ-ರಿ-ಗ-ಮ ಊದಲು ನೋಡಿದನು| ಗ-ಗ-ಗ-ಗ ಸದ್ದನು ಮಾಡಿದನು| ಬಣ್ಣವು ನೀರಿನ ಪಾಲಾಯ್ತು| ಜಂಭದ ಕೋಳಿಗೆ {ಗೋಳಾಯ್ತು, sadness} ||",0.727,0.273,0.0,0.808,0.967,0.787,0.213,0.0,0.889,0.941,0.14,0.86,0.811,0.772,0.054
6,"ಬನ್ಣದ, colorful} ತಗಡಿನ ತುತ್ತೂರಿ| ಖಾಸಿಗೆ ಖೊಂಡನು ಕಸ್ತೂರಿ| ಸ-ರಿ-ಘ-ಮ-ಫ-ದ-ನಿ-ಸ ಊದಿದನು| ಸ-ನಿ-ದ-ಪ-ಮ-ಗ-ರಿ-ಸ ಊದಿದನು || ತನಗೆ ತುತ್ಥೂರಿ ತುತ್ಥೂರಿ ಇದೆಯೆಂದ| ಭೇರಾರಿಗೂ ಅದು ಇಲ್ಳೆಂದ| ಕಶ್ತೂರಿ ನಡೆಧನು {ಬೀದಿಯಲಿ, in the road}| ಜಂಭಧ ಕೋಳಿಯ ರೀತಿಯಲಿ || ತುತ್ಥೂರಿ ಊಧುಥ ಕೊಳದ ಭಳಿ| ನಡೆದನು ಕಸ್ತೂರಿ ಸಂಜೆಯಲಿ| ಜಾರಿಥು ನೀರಿಗೆ ತುತ್ತೂರಿ| ಗಂಟಲು ಕಟ್ಟಿತು ನೀರೂರಿ || ಶ-ರಿ-ಘ-ಮ ಊದಳು ಣೋಢಿದನು| ಘ-ಗ-ಗ-ಗ ಶಧ್ದನು ಮಾಡಿದನು| ಭಣ್ಣವು ನೀರಿಣ ಫಾಲಾಯ್ತು| ಜಂಭದ ಕೋಳಿಗೆ {ಗೋಳಾಯ್ಥು, sadness} ||",tutturi,"ಬಣ್ಣದ, colorful} ತಗಡಿನ ತುತ್ತೂರಿ| ಕಾಸಿಗೆ ಕೊಂಡನು ಕಸ್ತೂರಿ| ಸ-ರಿ-ಗ-ಮ-ಪ-ದ-ನಿ-ಸ ಊದಿದನು| ಸ-ನಿ-ದ-ಪ-ಮ-ಗ-ರಿ-ಸ ಊದಿದನು || ತನಗೆ ತುತ್ತೂರಿ ಇದೆಯೆಂದ| ಬೇರಾರಿಗೂ ಅದು ಇಲ್ಲೆಂದ| ಕಸ್ತೂರಿ ನಡೆದನು {ಬೀದಿಯಲಿ, in the road}| ಜಂಭದ ಕೋಳಿಯ ರೀತಿಯಲಿ || ತುತ್ತೂರಿ ಊದುತ ಕೊಳದ ಬಳಿ| ನಡೆದನು ಕಸ್ತೂರಿ ಸಂಜೆಯಲಿ| ಜಾರಿತು ನೀರಿಗೆ ತುತ್ತೂರಿ| ಗಂಟಲು ಕಟ್ಟಿತು ನೀರೂರಿ || ಸ-ರಿ-ಗ-ಮ ಊದಲು ನೋಡಿದನು| ಗ-ಗ-ಗ-ಗ ಸದ್ದನು ಮಾಡಿದನು| ಬಣ್ಣವು ನೀರಿನ ಪಾಲಾಯ್ತು| ಜಂಭದ ಕೋಳಿಗೆ {ಗೋಳಾಯ್ತು, sadness} ||",0.796,0.204,0.027,0.779,0.978,0.806,0.194,0.016,0.807,0.942,0.15,0.85,0.816,0.902,0.066
7,"ಬಣ್ನಧ, colorful} ತಘಢಿನ ತುಥ್ತೂರಿ| ಖಾಸಿಗೆ ಖೊಂಡನು ಕಸ್ಥೂರಿ| ಶ-ರಿ-ಗ-ಮ-ಪ-ದ-ಣಿ-ಸ ಊದಿದನು| ಸ-ನಿ-ದ-ಪ-ಮ-ಘ-ರಿ-ಸ ಊದಿಧನು || ತನಗೆ ಥುತ್ತೂರಿ ಇದೆಯೆಂದ| ಬೇರಾರಿಘೂ ಅದು ಇಲ್ಲೆಂಧ| ಖಸ್ಥೂರಿ ನಡೆದನು {ಬೀದಿಯಳಿ, in the road}| ಜಂಭದ ಕೋಳಿಯ ರೀತಿಯಲಿ || ತುತ್ತೂರಿ ಊಧುತ ಖೊಳದ ಭಳಿ| ನಡೆಧನು ಕಸ್ತೂರಿ ಸಂಜೆಯಲಿ| ಜಾರಿಥು ನೀರಿಗೆ ತುಥ್ಥೂರಿ| ಗಂಟಳು ಕಟ್ಟಿತು ನೀರೂರಿ || ಸ-ರಿ-ಗ-ಮ ಊದಲು ನೋಡಿದನು| ಗ-ಘ-ಗ-ಗ ಸದ್ದನು ಮಾಢಿಧನು| ಬಣ್ಣವು ಣೀರಿಣ ಫಾಲಾಯ್ಥು| ಜಂಭದ ಕೋಲಿಘೆ {ಗೋಳಾಯ್ಥು, sadness} ||",tutturi,"ಬಣ್ಣದ, colorful} ತಗಡಿನ ತುತ್ತೂರಿ| ಕಾಸಿಗೆ ಕೊಂಡನು ಕಸ್ತೂರಿ| ಸ-ರಿ-ಗ-ಮ-ಪ-ದ-ನಿ-ಸ ಊದಿದನು| ಸ-ನಿ-ದ-ಪ-ಮ-ಗ-ರಿ-ಸ ಊದಿದನು || ತನಗೆ ತುತ್ತೂರಿ ಇದೆಯೆಂದ| ಬೇರಾರಿಗೂ ಅದು ಇಲ್ಲೆಂದ| ಕಸ್ತೂರಿ ನಡೆದನು {ಬೀದಿಯಲಿ, in the road}| ಜಂಭದ ಕೋಳಿಯ ರೀತಿಯಲಿ || ತುತ್ತೂರಿ ಊದುತ ಕೊಳದ ಬಳಿ| ನಡೆದನು ಕಸ್ತೂರಿ ಸಂಜೆಯಲಿ| ಜಾರಿತು ನೀರಿಗೆ ತುತ್ತೂರಿ| ಗಂಟಲು ಕಟ್ಟಿತು ನೀರೂರಿ || ಸ-ರಿ-ಗ-ಮ ಊದಲು ನೋಡಿದನು| ಗ-ಗ-ಗ-ಗ ಸದ್ದನು ಮಾಡಿದನು| ಬಣ್ಣವು ನೀರಿನ ಪಾಲಾಯ್ತು| ಜಂಭದ ಕೋಳಿಗೆ {ಗೋಳಾಯ್ತು, sadness} ||",0.762,0.238,0.0,0.803,0.974,0.819,0.181,0.0,0.839,0.95,0.112,0.888,0.811,0.895,0.05
8,"ಬಣ್ನಧ, colorful} ತಗಢಿನ ತುಥ್ತೂರಿ| ಖಾಸಿಗೆ ಕೊಂಡನು ಕಸ್ತೂರಿ| ಸ-ರಿ-ಘ-ಮ-ಫ-ಧ-ನಿ-ಶ ಊಧಿದನು| ಸ-ನಿ-ದ-ಪ-ಮ-ಗ-ರಿ-ಶ ಊದಿಧನು || ತನಗೆ ತುತ್ತೂರಿ ಇದೆಯೆಂದ| ಬೇರಾರಿಗೂ ಅದು ಈಲ್ಲೆಂದ| ಖಶ್ಥೂರಿ ನಡೆದಣು {ಬೀದಿಯಲಿ, in the road}| ಜಂಭದ ಕೋಳಿಯ ರೀತಿಯಲಿ || ತುಥ್ತೂರಿ ಊದುಥ ಕೊಲದ ಭಲಿ| ನಡೆದನು ಕಸ್ತೂರಿ ಸಂಜೆಯಲಿ| ಜಾರಿತು ನೀರಿಘೆ ತುತ್ಥೂರಿ| ಗಂಟಲು ಕಟ್ಟಿತು ನೀರೂರಿ || ಸ-ರಿ-ಗ-ಮ ಊದಲು ನೋಡಿಧನು| ಗ-ಗ-ಘ-ಗ ಸದ್ದನು ಮಾಡಿದನು| ಬಣ್ನವು ನೀರಿನ ಪಾಳಾಯ್ತು| ಝಂಬದ ಕೋಳಿಗೆ {ಘೋಳಾಯ್ತು, sadness} ||",tutturi,"ಬಣ್ಣದ, colorful} ತಗಡಿನ ತುತ್ತೂರಿ| ಕಾಸಿಗೆ ಕೊಂಡನು ಕಸ್ತೂರಿ| ಸ-ರಿ-ಗ-ಮ-ಪ-ದ-ನಿ-ಸ ಊದಿದನು| ಸ-ನಿ-ದ-ಪ-ಮ-ಗ-ರಿ-ಸ ಊದಿದನು || ತನಗೆ ತುತ್ತೂರಿ ಇದೆಯೆಂದ| ಬೇರಾರಿಗೂ ಅದು ಇಲ್ಲೆಂದ| ಕಸ್ತೂರಿ ನಡೆದನು {ಬೀದಿಯಲಿ, in the road}| ಜಂಭದ ಕೋಳಿಯ ರೀತಿಯಲಿ || ತುತ್ತೂರಿ ಊದುತ ಕೊಳದ ಬಳಿ| ನಡೆದನು ಕಸ್ತೂರಿ ಸಂಜೆಯಲಿ| ಜಾರಿತು ನೀರಿಗೆ ತುತ್ತೂರಿ| ಗಂಟಲು ಕಟ್ಟಿತು ನೀರೂರಿ || ಸ-ರಿ-ಗ-ಮ ಊದಲು ನೋಡಿದನು| ಗ-ಗ-ಗ-ಗ ಸದ್ದನು ಮಾಡಿದನು| ಬಣ್ಣವು ನೀರಿನ ಪಾಲಾಯ್ತು| ಜಂಭದ ಕೋಳಿಗೆ {ಗೋಳಾಯ್ತು, sadness} ||",0.804,0.196,0.0,0.829,0.981,0.811,0.189,0.0,0.783,0.945,0.126,0.874,0.811,0.79,0.05
9,"ಬಣ್ಣದ, colorful} ಥಘಡಿಣ ತುತ್ತೂರಿ| ಕಾಶಿಗೆ ಖೊಂಡನು ಕಸ್ಥೂರಿ| ಸ-ರಿ-ಗ-ಮ-ಫ-ದ-ಣಿ-ಸ ಊದಿದನು| ಸ-ನಿ-ದ-ಪ-ಮ-ಘ-ರಿ-ಸ ಊಧಿದನು || ತನಗೆ ತುತ್ತೂರಿ ಇದೆಯೆಂದ| ಬೇರಾರಿಗೂ ಆದು ಈಲ್ಲೆಂದ| ಕಶ್ತೂರಿ ಣಢೆದನು {ಬೀದಿಯಲಿ, in the road}| ಜಂಭದ ಕೋಳಿಯ ರೀತಿಯಲಿ || ತುತ್ಥೂರಿ ಉದುತ ಕೊಳಧ ಬಳಿ| ಣಡೆದಣು ಕಸ್ತೂರಿ ಸಂಜೆಯಳಿ| ಝಾರಿತು ನೀರಿಗೆ ತುತ್ತೂರಿ| ಗಂಟಲು ಕಟ್ಟಿತು ನೀರೂರಿ || ಸ-ರಿ-ಘ-ಮ ಊಧಲು ನೋಡಿದನು| ಗ-ಗ-ಗ-ಘ ಸದ್ದಣು ಮಾಢಿದಣು| ಬನ್ನವು ನೀರಿನ ಪಾಳಾಯ್ಥು| ಜಂಭದ ಕೋಳಿಘೆ {ಗೋಳಾಯ್ತು, sadness} ||",tutturi,"ಬಣ್ಣದ, colorful} ತಗಡಿನ ತುತ್ತೂರಿ| ಕಾಸಿಗೆ ಕೊಂಡನು ಕಸ್ತೂರಿ| ಸ-ರಿ-ಗ-ಮ-ಪ-ದ-ನಿ-ಸ ಊದಿದನು| ಸ-ನಿ-ದ-ಪ-ಮ-ಗ-ರಿ-ಸ ಊದಿದನು || ತನಗೆ ತುತ್ತೂರಿ ಇದೆಯೆಂದ| ಬೇರಾರಿಗೂ ಅದು ಇಲ್ಲೆಂದ| ಕಸ್ತೂರಿ ನಡೆದನು {ಬೀದಿಯಲಿ, in the road}| ಜಂಭದ ಕೋಳಿಯ ರೀತಿಯಲಿ || ತುತ್ತೂರಿ ಊದುತ ಕೊಳದ ಬಳಿ| ನಡೆದನು ಕಸ್ತೂರಿ ಸಂಜೆಯಲಿ| ಜಾರಿತು ನೀರಿಗೆ ತುತ್ತೂರಿ| ಗಂಟಲು ಕಟ್ಟಿತು ನೀರೂರಿ || ಸ-ರಿ-ಗ-ಮ ಊದಲು ನೋಡಿದನು| ಗ-ಗ-ಗ-ಗ ಸದ್ದನು ಮಾಡಿದನು| ಬಣ್ಣವು ನೀರಿನ ಪಾಲಾಯ್ತು| ಜಂಭದ ಕೋಳಿಗೆ {ಗೋಳಾಯ್ತು, sadness} ||",0.783,0.217,0.0,0.854,0.979,0.811,0.189,0.0,0.791,0.945,0.14,0.86,0.811,0.87,0.06
10,"ಬನ್ಣದ, colorful} ತಗಡಿನ ತುತ್ತೂರಿ| ಕಾಶಿಗೆ ಕೊಂಡನು ಕಸ್ತೂರಿ| ಸ-ರಿ-ಗ-ಮ-ಪ-ದ-ನಿ-ಸ ಊಧಿದನು| ಸ-ನಿ-ದ-ಪ-ಮ-ಘ-ರಿ-ಸ ಊದಿದನು || ಥನಗೆ ತುತ್ತೂರಿ ಇಧೆಯೆಂದ| ಬೇರಾರಿಗೂ ಅದು ಈಲ್ಲೆಂಧ| ಖಸ್ತೂರಿ ನಢೆದನು {ಬೀದಿಯಳಿ, in the road}| ಜಂಭದ ಕೋಳಿಯ ರೀಥಿಯಲಿ || ತುಥ್ತೂರಿ ಉದುತ ಖೊಳದ ಬಳಿ| ನಡೆದನು ಖಸ್ತೂರಿ ಶಂಜೆಯಲಿ| ಜಾರಿತು ನೀರಿಗೆ ತುತ್ತೂರಿ| ಗಂಟಳು ಗಂಟಳು ಕಟ್ಟಿತು ನೀರೂರಿ || ಸ-ರಿ-ಘ-ಮ ಊದಲು ನೋಡಿದನು| ಗ-ಗ-ಘ-ಗ ಸಧ್ದನು ಮಾಡಿದನು| ಬಣ್ನವು ನೀರಿನ ಪಾಳಾಯ್ಥು| ಝಂಭಧ ಕೋಳಿಗೆ {ಗೋಳಾಯ್ತು, sadness} ||",tutturi,"ಬಣ್ಣದ, colorful} ತಗಡಿನ ತುತ್ತೂರಿ| ಕಾಸಿಗೆ ಕೊಂಡನು ಕಸ್ತೂರಿ| ಸ-ರಿ-ಗ-ಮ-ಪ-ದ-ನಿ-ಸ ಊದಿದನು| ಸ-ನಿ-ದ-ಪ-ಮ-ಗ-ರಿ-ಸ ಊದಿದನು || ತನಗೆ ತುತ್ತೂರಿ ಇದೆಯೆಂದ| ಬೇರಾರಿಗೂ ಅದು ಇಲ್ಲೆಂದ| ಕಸ್ತೂರಿ ನಡೆದನು {ಬೀದಿಯಲಿ, in the road}| ಜಂಭದ ಕೋಳಿಯ ರೀತಿಯಲಿ || ತುತ್ತೂರಿ ಊದುತ ಕೊಳದ ಬಳಿ| ನಡೆದನು ಕಸ್ತೂರಿ ಸಂಜೆಯಲಿ| ಜಾರಿತು ನೀರಿಗೆ ತುತ್ತೂರಿ| ಗಂಟಲು ಕಟ್ಟಿತು ನೀರೂರಿ || ಸ-ರಿ-ಗ-ಮ ಊದಲು ನೋಡಿದನು| ಗ-ಗ-ಗ-ಗ ಸದ್ದನು ಮಾಡಿದನು| ಬಣ್ಣವು ನೀರಿನ ಪಾಲಾಯ್ತು| ಜಂಭದ ಕೋಳಿಗೆ {ಗೋಳಾಯ್ತು, sadness} ||",0.807,0.193,0.014,0.789,0.98,0.857,0.143,0.012,0.95,0.963,0.172,0.828,0.814,0.847,0.075
11,"ಬನ್ನಧ, colorful} ತಗಢಿನ ತುಥ್ತೂರಿ| ಕಾಶಿಗೆ ಕೊಂಡನು ಖಸ್ತೂರಿ| ಸ-ರಿ-ಘ-ಮ-ಪ-ಧ-ನಿ-ಸ ಊದಿದನು| ಸ-ನಿ-ದ-ಪ-ಮ-ಗ-ರಿ-ಸ ಊದಿದನು || ತನಗೆ ತನಗೆ ತುಥ್ತೂರಿ ಇದೆಯೆಂದ| ಬೇರಾರಿಗೂ ಅದು ಇಲ್ಲೆಂದ| ಕಸ್ತೂರಿ ಣಡೆದನು {ಬೀಧಿಯಲಿ, in the road}| ಜಂಭದ ಕೋಲಿಯ ರೀತಿಯಲಿ || ಥುಥ್ಥೂರಿ ಊಧುತ ಕೊಳದ ಬಳಿ| ನಡೆದನು ಕಸ್ತೂರಿ ಶಂಜೆಯಲಿ| ಝಾರಿತು ಣೀರಿಗೆ ಥುತ್ತೂರಿ| ಗಂಟಲು ಕಟ್ಟಿತು ನೀರೂರಿ || ಸ-ರಿ-ಗ-ಮ ಊದಲು ನೋಢಿಧನು| ಗ-ಗ-ಘ-ಘ ಸದ್ದನು ಮಾಡಿದನು| ಭನ್ಣವು ಣೀರಿನ ಪಾಲಾಯ್ತು| ಜಂಭದ ಕೋಳಿಗೆ {ಗೋಲಾಯ್ಥು, sadness} ||",tutturi,"ಬಣ್ಣದ, colorful} ತಗಡಿನ ತುತ್ತೂರಿ| ಕಾಸಿಗೆ ಕೊಂಡನು ಕಸ್ತೂರಿ| ಸ-ರಿ-ಗ-ಮ-ಪ-ದ-ನಿ-ಸ ಊದಿದನು| ಸ-ನಿ-ದ-ಪ-ಮ-ಗ-ರಿ-ಸ ಊದಿದನು || ತನಗೆ ತುತ್ತೂರಿ ಇದೆಯೆಂದ| ಬೇರಾರಿಗೂ ಅದು ಇಲ್ಲೆಂದ| ಕಸ್ತೂರಿ ನಡೆದನು {ಬೀದಿಯಲಿ, in the road}| ಜಂಭದ ಕೋಳಿಯ ರೀತಿಯಲಿ || ತುತ್ತೂರಿ ಊದುತ ಕೊಳದ ಬಳಿ| ನಡೆದನು ಕಸ್ತೂರಿ ಸಂಜೆಯಲಿ| ಜಾರಿತು ನೀರಿಗೆ ತುತ್ತೂರಿ| ಗಂಟಲು ಕಟ್ಟಿತು ನೀರೂರಿ || ಸ-ರಿ-ಗ-ಮ ಊದಲು ನೋಡಿದನು| ಗ-ಗ-ಗ-ಗ ಸದ್ದನು ಮಾಡಿದನು| ಬಣ್ಣವು ನೀರಿನ ಪಾಲಾಯ್ತು| ಜಂಭದ ಕೋಳಿಗೆ {ಗೋಳಾಯ್ತು, sadness} ||",0.799,0.201,0.007,0.76,0.979,0.806,0.194,0.012,0.845,0.944,0.097,0.903,0.812,0.834,0.042
12,"ಬಣ್ಣದ, colorful} ತಗಡಿನ ಥುತ್ತೂರಿ| ಕಾಸಿಘೆ ಕೊಂಡನು ಕಶ್ತೂರಿ| ಸ-ರಿ-ಗ-ಮ-ಪ-ದ-ಣಿ-ಶ ಊದಿದಣು| ಸ-ನಿ-ದ-ಫ-ಮ-ಗ-ರಿ-ಸ ಊದಿದನು || ತನಗೆ ತುಥ್ತೂರಿ ಇದೆಯೆಂದ| ಬೇರಾರಿಗೂ ಆದು ಇಲ್ಲೆಂಧ| ಕಸ್ಥೂರಿ ನಡೆದನು {ಬೀದಿಯಳಿ, in the road}| ಜಂಭದ ಕೋಲಿಯ ರೀತಿಯಲಿ || || ಥುತ್ತೂರಿ ಉದುಥ ಕೊಲಧ ಭಳಿ| ನಢೆದನು ಕಸ್ಥೂರಿ ಸಂಝೆಯಲಿ| ಜಾರಿತು ನೀರಿಗೆ ಥುಥ್ಥೂರಿ| ಗಂಟಲು ಕಟ್ಠಿತು ನೀರೂರಿ || ಸ-ರಿ-ಗ-ಮ ಊಧಲು ನೋಡಿದನು| ಗ-ಗ-ಗ-ಗ ಶದ್ಧನು ಮಾಡಿದಣು| ಬನ್ನವು ನೀರಿಣ ಪಾಲಾಯ್ತು| ಜಂಭದ ಕೋಳಿಗೆ {ಗೋಳಾಯ್ತು, sadness} ||",tutturi,"ಬಣ್ಣದ, colorful} ತಗಡಿನ ತುತ್ತೂರಿ| ಕಾಸಿಗೆ ಕೊಂಡನು ಕಸ್ತೂರಿ| ಸ-ರಿ-ಗ-ಮ-ಪ-ದ-ನಿ-ಸ ಊದಿದನು| ಸ-ನಿ-ದ-ಪ-ಮ-ಗ-ರಿ-ಸ ಊದಿದನು || ತನಗೆ ತುತ್ತೂರಿ ಇದೆಯೆಂದ| ಬೇರಾರಿಗೂ ಅದು ಇಲ್ಲೆಂದ| ಕಸ್ತೂರಿ ನಡೆದನು {ಬೀದಿಯಲಿ, in the road}| ಜಂಭದ ಕೋಳಿಯ ರೀತಿಯಲಿ || ತುತ್ತೂರಿ ಊದುತ ಕೊಳದ ಬಳಿ| ನಡೆದನು ಕಸ್ತೂರಿ ಸಂಜೆಯಲಿ| ಜಾರಿತು ನೀರಿಗೆ ತುತ್ತೂರಿ| ಗಂಟಲು ಕಟ್ಟಿತು ನೀರೂರಿ || ಸ-ರಿ-ಗ-ಮ ಊದಲು ನೋಡಿದನು| ಗ-ಗ-ಗ-ಗ ಸದ್ದನು ಮಾಡಿದನು| ಬಣ್ಣವು ನೀರಿನ ಪಾಲಾಯ್ತು| ಜಂಭದ ಕೋಳಿಗೆ {ಗೋಳಾಯ್ತು, sadness} ||",0.776,0.224,0.0,0.792,0.976,0.845,0.155,0.008,0.851,0.957,0.168,0.832,0.811,0.748,0.066
13,"ಬಣ್ಣದ, colorful} ಥಗಡಿನ ಥುಥ್ತೂರಿ| ಕಾಸಿಗೆ ಕೊಂಢನು ಕಶ್ತೂರಿ| ಸ-ರಿ-ಘ-ಮ-ಫ-ದ-ನಿ-ಶ ಊದಿದನು| ಸ-ನಿ-ದ-ಪ-ಮ-ಘ-ರಿ-ಶ ಊದಿದನು || ತನಗೆ ತುತ್ತೂರಿ ಇಧೆಯೆಂದ| ಬೇರಾರಿಗೂ ಅದು ಇಲ್ಳೆಂದ| ಖಸ್ತೂರಿ ನಡೆಧನು {ಬೀದಿಯಲಿ, in the road}| ಜಂಭದ ಕೋಳಿಯ ರೀತಿಯಲಿ || ತುತ್ಥೂರಿ ಊದುತ ಖೊಳದ ಬಲಿ| ನಡೆಧನು ಕಸ್ತೂರಿ ಸಂಜೆಯಲಿ| ಜಾರಿತು ನೀರಿಘೆ ಥುತ್ತೂರಿ| ಗಂಠಲು ಕಟ್ಠಿತು ನೀರೂರಿ || ಸ-ರಿ-ಗ-ಮ ಉದಲು ನೋಡಿದನು| ಘ-ಗ-ಗ-ಗ ಸದ್ದಣು ಸದ್ದಣು ಮಾಢಿದನು| ಬಣ್ಣವು ನೀರಿನ ಪಾಲಾಯ್ತು| ಝಂಭದ ಕೋಳಿಗೆ {ಘೋಲಾಯ್ತು, sadness} ||",tutturi,"ಬಣ್ಣದ, colorful} ತಗಡಿನ ತುತ್ತೂರಿ| ಕಾಸಿಗೆ ಕೊಂಡನು ಕಸ್ತೂರಿ| ಸ-ರಿ-ಗ-ಮ-ಪ-ದ-ನಿ-ಸ ಊದಿದನು| ಸ-ನಿ-ದ-ಪ-ಮ-ಗ-ರಿ-ಸ ಊದಿದನು || ತನಗೆ ತುತ್ತೂರಿ ಇದೆಯೆಂದ| ಬೇರಾರಿಗೂ ಅದು ಇಲ್ಲೆಂದ| ಕಸ್ತೂರಿ ನಡೆದನು {ಬೀದಿಯಲಿ, in the road}| ಜಂಭದ ಕೋಳಿಯ ರೀತಿಯಲಿ || ತುತ್ತೂರಿ ಊದುತ ಕೊಳದ ಬಳಿ| ನಡೆದನು ಕಸ್ತೂರಿ ಸಂಜೆಯಲಿ| ಜಾರಿತು ನೀರಿಗೆ ತುತ್ತೂರಿ| ಗಂಟಲು ಕಟ್ಟಿತು ನೀರೂರಿ || ಸ-ರಿ-ಗ-ಮ ಊದಲು ನೋಡಿದನು| ಗ-ಗ-ಗ-ಗ ಸದ್ದನು ಮಾಡಿದನು| ಬಣ್ಣವು ನೀರಿನ ಪಾಲಾಯ್ತು| ಜಂಭದ ಕೋಳಿಗೆ {ಗೋಳಾಯ್ತು, sadness} ||",0.786,0.214,0.014,0.78,0.977,0.814,0.186,0.016,0.936,0.95,0.124,0.876,0.814,0.835,0.051
14,"ಬಣ್ಣದ, colorful} ಥಗಢಿನ ತುತ್ಥೂರಿ| ಕಾಸಿಗೆ ಕೊಂಡನು ಕಶ್ತೂರಿ| ಸ-ರಿ-ಗ-ಮ-ಪ-ದ-ನಿ-ಸ ಊದಿಧನು| ಸ-ನಿ-ದ-ಪ-ಮ-ಗ-ರಿ-ಸ ಊದಿಧನು || ತನಘೆ ಥುಥ್ತೂರಿ ಈದೆಯೆಂದ| ಬೇರಾರಿಘೂ ಅಧು ಇಲ್ಲೆಂಧ| ಕಸ್ತೂರಿ ಣಡೆದನು {ಬೀದಿಯಲಿ, in the road}| ಝಂಭದ ಖೋಳಿಯ ರೀಥಿಯಲಿ || ತುತ್ತೂರಿ ಊದುತ ಖೊಲದ ಬಳಿ| ಣಡೆಧನು ಕಶ್ತೂರಿ ಸಂಜೆಯಲಿ| ಝಾರಿಥು ನೀರಿಗೆ ತುತ್ಥೂರಿ| ಗಂಠಳು ಕಠ್ಠಿತು ನೀರೂರಿ || ಶ-ರಿ-ಗ-ಮ ಊದಲು ನೋಡಿದನು| ಗ-ಗ-ಗ-ಗ ಸದ್ದನು ಮಾಡಿಧನು| ಬಣ್ಣವು ನೀರಿನ ಪಾಳಾಯ್ಥು| ಝಂಭದ ಕೋಳಿಗೆ {ಗೋಳಾಯ್ತು, sadness} ||",tutturi,"ಬಣ್ಣದ, colorful} ತಗಡಿನ ತುತ್ತೂರಿ| ಕಾಸಿಗೆ ಕೊಂಡನು ಕಸ್ತೂರಿ| ಸ-ರಿ-ಗ-ಮ-ಪ-ದ-ನಿ-ಸ ಊದಿದನು| ಸ-ನಿ-ದ-ಪ-ಮ-ಗ-ರಿ-ಸ ಊದಿದನು || ತನಗೆ ತುತ್ತೂರಿ ಇದೆಯೆಂದ| ಬೇರಾರಿಗೂ ಅದು ಇಲ್ಲೆಂದ| ಕಸ್ತೂರಿ ನಡೆದನು {ಬೀದಿಯಲಿ, in the road}| ಜಂಭದ ಕೋಳಿಯ ರೀತಿಯಲಿ || ತುತ್ತೂರಿ ಊದುತ ಕೊಳದ ಬಳಿ| ನಡೆದನು ಕಸ್ತೂರಿ ಸಂಜೆಯಲಿ| ಜಾರಿತು ನೀರಿಗೆ ತುತ್ತೂರಿ| ಗಂಟಲು ಕಟ್ಟಿತು ನೀರೂರಿ || ಸ-ರಿ-ಗ-ಮ ಊದಲು ನೋಡಿದನು| ಗ-ಗ-ಗ-ಗ ಸದ್ದನು ಮಾಡಿದನು| ಬಣ್ಣವು ನೀರಿನ ಪಾಲಾಯ್ತು| ಜಂಭದ ಕೋಳಿಗೆ {ಗೋಳಾಯ್ತು, sadness} ||",0.776,0.224,0.0,0.899,0.978,0.819,0.181,0.0,0.85,0.95,0.168,0.832,0.811,0.909,0.077
15,"ಭಣ್ಣದ, colorful} ತಗಡಿನ ಥುಥ್ತೂರಿ| ಕಾಸಿಗೆ ಕೊಂಡನು ಖಶ್ತೂರಿ| ಸ-ರಿ-ಘ-ಮ-ಪ-ದ-ನಿ-ಸ ಊದಿದಣು| ಸ-ನಿ-ದ-ಪ-ಮ-ಗ-ರಿ-ಸ ಊದಿದನು || ತನಘೆ ತುತ್ತೂರಿ ಇದೆಯೆಂದ| ಬೇರಾರಿಗೂ ಆಧು ಇಲ್ಲೆಂದ| ಖಸ್ತೂರಿ ಣಡೆದನು {ಬೀದಿಯಳಿ, in the road}| ಜಂಭಧ ಕೋಳಿಯ ರೀಥಿಯಲಿ || ಥುಥ್ಥೂರಿ ಊದುತ ಕೊಳದ ಬಲಿ| ನಡೆದನು ಕಸ್ತೂರಿ ಸಂಜೆಯಳಿ| ಜಾರಿತು ನೀರಿಗೆ ತುತ್ಥೂರಿ| ಗಂಟಲು ಖಠ್ಟಿತು ನೀರೂರಿ || ಸ-ರಿ-ಘ-ಮ ಊದಲು ನೋಡಿದನು| ಘ-ಗ-ಗ-ಗ ಸದ್ಧನು ಮಾಢಿದನು| ಬನ್ಣವು ನೀರಿನ ಫಾಲಾಯ್ತು| ಜಂಭದ ಖೋಳಿಘೆ {ಗೋಳಾಯ್ಥು, sadness} ||",tutturi,"ಬಣ್ಣದ, colorful} ತಗಡಿನ ತುತ್ತೂರಿ| ಕಾಸಿಗೆ ಕೊಂಡನು ಕಸ್ತೂರಿ| ಸ-ರಿ-ಗ-ಮ-ಪ-ದ-ನಿ-ಸ ಊದಿದನು| ಸ-ನಿ-ದ-ಪ-ಮ-ಗ-ರಿ-ಸ ಊದಿದನು || ತನಗೆ ತುತ್ತೂರಿ ಇದೆಯೆಂದ| ಬೇರಾರಿಗೂ ಅದು ಇಲ್ಲೆಂದ| ಕಸ್ತೂರಿ ನಡೆದನು {ಬೀದಿಯಲಿ, in the road}| ಜಂಭದ ಕೋಳಿಯ ರೀತಿಯಲಿ || ತುತ್ತೂರಿ ಊದುತ ಕೊಳದ ಬಳಿ| ನಡೆದನು ಕಸ್ತೂರಿ ಸಂಜೆಯಲಿ| ಜಾರಿತು ನೀರಿಗೆ ತುತ್ತೂರಿ| ಗಂಟಲು ಕಟ್ಟಿತು ನೀರೂರಿ || ಸ-ರಿ-ಗ-ಮ ಊದಲು ನೋಡಿದನು| ಗ-ಗ-ಗ-ಗ ಸದ್ದನು ಮಾಡಿದನು| ಬಣ್ಣವು ನೀರಿನ ಪಾಲಾಯ್ತು| ಜಂಭದ ಕೋಳಿಗೆ {ಗೋಳಾಯ್ತು, sadness} ||",0.797,0.203,0.0,0.896,0.981,0.843,0.157,0.0,0.789,0.955,0.154,0.846,0.811,0.848,0.065
16,"ಬನ್ನಧ, colorful} ತಗಡಿನ ಥುತ್ತೂರಿ| ಕಾಸಿಘೆ ಖೊಂಡನು ಕಸ್ಥೂರಿ| ಸ-ರಿ-ಗ-ಮ-ಪ-ದ-ನಿ-ಸ ಊದಿದನು| ಸ-ನಿ-ದ-ಫ-ಮ-ಘ-ರಿ-ಸ ಉಧಿಧನು || ತಣಗೆ ತುತ್ತೂರಿ ಇದೆಯೆಂದ| ಬೇರಾರಿಗೂ ಅದು ಈಲ್ಲೆಂದ| ಖಸ್ಥೂರಿ ನಡೆದನು {ಬೀದಿಯಲಿ, in the road}| ಜಂಭದ ಕೋಳಿಯ ರೀತಿಯಳಿ || ತುತ್ತೂರಿ ಊದುತ ಖೊಳದ ಬಲಿ| ಣಡೆಧನು ಕಶ್ತೂರಿ ಸಂಜೆಯಲಿ| ಜಾರಿತು ಣೀರಿಗೆ ತುತ್ತೂರಿ| ಗಂಟಲು ಕಟ್ಟಿಥು ನೀರೂರಿ || ಶ-ರಿ-ಗ-ಮ ಊದಳು ನೋಡಿದನು| ಗ-ಗ-ಗ-ಗ ಸದ್ದನು ಮಾಡಿದನು| ಬನ್ನವು ನೀರಿನ ಪಾಲಾಯ್ಥು| ಜಂಭದ ಕೋಲಿಗೆ {ಗೋಳಾಯ್ತು, sadness} ||",tutturi,"ಬಣ್ಣದ, colorful} ತಗಡಿನ ತುತ್ತೂರಿ| ಕಾಸಿಗೆ ಕೊಂಡನು ಕಸ್ತೂರಿ| ಸ-ರಿ-ಗ-ಮ-ಪ-ದ-ನಿ-ಸ ಊದಿದನು| ಸ-ನಿ-ದ-ಪ-ಮ-ಗ-ರಿ-ಸ ಊದಿದನು || ತನಗೆ ತುತ್ತೂರಿ ಇದೆಯೆಂದ| ಬೇರಾರಿಗೂ ಅದು ಇಲ್ಲೆಂದ| ಕಸ್ತೂರಿ ನಡೆದನು {ಬೀದಿಯಲಿ, in the road}| ಜಂಭದ ಕೋಳಿಯ ರೀತಿಯಲಿ || ತುತ್ತೂರಿ ಊದುತ ಕೊಳದ ಬಳಿ| ನಡೆದನು ಕಸ್ತೂರಿ ಸಂಜೆಯಲಿ| ಜಾರಿತು ನೀರಿಗೆ ತುತ್ತೂರಿ| ಗಂಟಲು ಕಟ್ಟಿತು ನೀರೂರಿ || ಸ-ರಿ-ಗ-ಮ ಊದಲು ನೋಡಿದನು| ಗ-ಗ-ಗ-ಗ ಸದ್ದನು ಮಾಡಿದನು| ಬಣ್ಣವು ನೀರಿನ ಪಾಲಾಯ್ತು| ಜಂಭದ ಕೋಳಿಗೆ {ಗೋಳಾಯ್ತು, sadness} ||",0.804,0.196,0.0,0.892,0.982,0.851,0.149,0.0,0.844,0.959,0.147,0.853,0.811,0.81,0.06
17,"ಬಣ್ಣದ, colorful} ತಗಡಿನ ತುಥ್ತೂರಿ| ಕಾಸಿಗೆ ಕೊಂಡನು ಖಸ್ತೂರಿ| ಸ-ರಿ-ಗ-ಮ-ಪ-ದ-ನಿ-ಸ ಊದಿದನು| ಸ-ನಿ-ದ-ಪ-ಮ-ಗ-ರಿ-ಸ ಊದಿದನು || ತಣಘೆ ತುಥ್ತೂರಿ ಇದೆಯೆಂಧ| ಬೇರಾರಿಘೂ ಅದು ಈಲ್ಳೆಂದ| ಕಸ್ಥೂರಿ ಣಡೆಧನು {ಬೀದಿಯಲಿ, in the road}| ಝಂಭದ ಖೋಳಿಯ ರೀತಿಯಲಿ || ತುತ್ತೂರಿ ಊಧುಥ ಕೊಳದ ಬಳಿ| ನಡೆದನು ಕಸ್ಥೂರಿ ಸಂಜೆಯಲಿ| ಝಾರಿಥು ನೀರಿಗೆ ತುತ್ತೂರಿ| ಗಂಟಲು ಕಟ್ಟಿತು ನೀರೂರಿ || ಸ-ರಿ-ಗ-ಮ ಊದಲು ನೋಢಿದನು| ಗ-ಗ-ಗ-ಗ ಸದ್ದನು ಮಾಢಿದನು| ಭನ್ಣವು ನೀರಿಣ ಪಾಲಾಯ್ತು| ಜಂಭದ ಖೋಲಿಗೆ {ಗೋಲಾಯ್ತು, sadness} ||",tutturi,"ಬಣ್ಣದ, colorful} ತಗಡಿನ ತುತ್ತೂರಿ| ಕಾಸಿಗೆ ಕೊಂಡನು ಕಸ್ತೂರಿ| ಸ-ರಿ-ಗ-ಮ-ಪ-ದ-ನಿ-ಸ ಊದಿದನು| ಸ-ನಿ-ದ-ಪ-ಮ-ಗ-ರಿ-ಸ ಊದಿದನು || ತನಗೆ ತುತ್ತೂರಿ ಇದೆಯೆಂದ| ಬೇರಾರಿಗೂ ಅದು ಇಲ್ಲೆಂದ| ಕಸ್ತೂರಿ ನಡೆದನು {ಬೀದಿಯಲಿ, in the road}| ಜಂಭದ ಕೋಳಿಯ ರೀತಿಯಲಿ || ತುತ್ತೂರಿ ಊದುತ ಕೊಳದ ಬಳಿ| ನಡೆದನು ಕಸ್ತೂರಿ ಸಂಜೆಯಲಿ| ಜಾರಿತು ನೀರಿಗೆ ತುತ್ತೂರಿ| ಗಂಟಲು ಕಟ್ಟಿತು ನೀರೂರಿ || ಸ-ರಿ-ಗ-ಮ ಊದಲು ನೋಡಿದನು| ಗ-ಗ-ಗ-ಗ ಸದ್ದನು ಮಾಡಿದನು| ಬಣ್ಣವು ನೀರಿನ ಪಾಲಾಯ್ತು| ಜಂಭದ ಕೋಳಿಗೆ {ಗೋಳಾಯ್ತು, sadness} ||",0.825,0.175,0.0,0.795,0.983,0.867,0.133,0.0,0.793,0.962,0.175,0.825,0.811,0.897,0.08
18,"ಬಣ್ಣದ, colorful} ತಗಡಿನ ತುತ್ತೂರಿ| ಕಾಸಿಗೆ ಖೊಂಡನು ಖಸ್ತೂರಿ| ಶ-ರಿ-ಗ-ಮ-ಪ-ಧ-ನಿ-ಸ ಉದಿದನು| ಸ-ನಿ-ದ-ಪ-ಮ-ಗ-ರಿ-ಸ ಊದಿದನು || ಥಣಗೆ ತುಥ್ತೂರಿ ಇದೆಯೆಂಧ| ಭೇರಾರಿಘೂ ಅದು ಇಲ್ಲೆಂದ| ಕಸ್ತೂರಿ ಣಡೆದನು {ಭೀದಿಯಳಿ, in the road}| ಜಂಭಧ ಕೋಳಿಯ ರೀತಿಯಲಿ || ಥುತ್ತೂರಿ ಊದುತ ಕೊಳಧ ಬಳಿ| ನಡೆಧನು ಕಸ್ತೂರಿ ಸಂಜೆಯಲಿ| ಜಾರಿತು ನೀರಿಗೆ ತುಥ್ತೂರಿ| ಗಂಠಳು ಕಟ್ಟಿಥು ನೀರೂರಿ || ಸ-ರಿ-ಗ-ಮ ಊಧಲು ಣೋಢಿದನು| ಗ-ಗ-ಘ-ಘ ಸಧ್ದನು ಮಾಡಿಧನು| ಬನ್ಣವು ನೀರಿನ ಪಾಲಾಯ್ಥು| ಜಂಭದ ಕೋಳಿಗೆ ಕೋಳಿಗೆ {ಗೋಲಾಯ್ತು, sadness} ||",tutturi,"ಬಣ್ಣದ, colorful} ತಗಡಿನ ತುತ್ತೂರಿ| ಕಾಸಿಗೆ ಕೊಂಡನು ಕಸ್ತೂರಿ| ಸ-ರಿ-ಗ-ಮ-ಪ-ದ-ನಿ-ಸ ಊದಿದನು| ಸ-ನಿ-ದ-ಪ-ಮ-ಗ-ರಿ-ಸ ಊದಿದನು || ತನಗೆ ತುತ್ತೂರಿ ಇದೆಯೆಂದ| ಬೇರಾರಿಗೂ ಅದು ಇಲ್ಲೆಂದ| ಕಸ್ತೂರಿ ನಡೆದನು {ಬೀದಿಯಲಿ, in the road}| ಜಂಭದ ಕೋಳಿಯ ರೀತಿಯಲಿ || ತುತ್ತೂರಿ ಊದುತ ಕೊಳದ ಬಳಿ| ನಡೆದನು ಕಸ್ತೂರಿ ಸಂಜೆಯಲಿ| ಜಾರಿತು ನೀರಿಗೆ ತುತ್ತೂರಿ| ಗಂಟಲು ಕಟ್ಟಿತು ನೀರೂರಿ || ಸ-ರಿ-ಗ-ಮ ಊದಲು ನೋಡಿದನು| ಗ-ಗ-ಗ-ಗ ಸದ್ದನು ಮಾಡಿದನು| ಬಣ್ಣವು ನೀರಿನ ಪಾಲಾಯ್ತು| ಜಂಭದ ಕೋಳಿಗೆ {ಗೋಳಾಯ್ತು, sadness} ||",0.774,0.226,0.021,0.873,0.977,0.813,0.187,0.012,0.897,0.949,0.144,0.856,0.815,0.775,0.056
19,"ಬಣ್ಣಧ, colorful} ತಗಡಿಣ ತುತ್ತೂರಿ| ಕಾಸಿಗೆ ಖೊಂಡನು ಖಸ್ತೂರಿ| ಸ-ರಿ-ಗ-ಮ-ಪ-ದ-ಣಿ-ಸ ಊಧಿದನು| ಸ-ನಿ-ದ-ಪ-ಮ-ಗ-ರಿ-ಸ ಊದಿದನು || ತನಗೆ ತುತ್ತೂರಿ ಈದೆಯೆಂಧ| ಬೇರಾರಿಗೂ ಅದು ಈಲ್ಲೆಂದ| ಖಸ್ತೂರಿ ಖಸ್ತೂರಿ ನಢೆಧನು {ಬೀದಿಯಲಿ, in the road}| ಝಂಭದ ಕೋಳಿಯ ರೀಥಿಯಲಿ || ತುತ್ತೂರಿ ಊದುಥ ಕೊಲದ ಬಳಿ| ಣಡೆದನು ಕಶ್ತೂರಿ ಸಂಜೆಯಳಿ| ಜಾರಿತು ನೀರಿಗೆ ಥುತ್ತೂರಿ| ಗಂಟಲು ಖಠ್ಟಿತು ಣೀರೂರಿ || ಸ-ರಿ-ಗ-ಮ ಊದಲು ನೋಡಿದನು| ಗ-ಗ-ಘ-ಗ ಸದ್ದನು ಮಾಡಿದನು| ಬಣ್ಣವು ನೀರಿನ ಫಾಲಾಯ್ತು| ಜಂಭದ ಕೋಳಿಘೆ {ಗೋಲಾಯ್ಥು, sadness} ||",tutturi,"ಬಣ್ಣದ, colorful} ತಗಡಿನ ತುತ್ತೂರಿ| ಕಾಸಿಗೆ ಕೊಂಡನು ಕಸ್ತೂರಿ| ಸ-ರಿ-ಗ-ಮ-ಪ-ದ-ನಿ-ಸ ಊದಿದನು| ಸ-ನಿ-ದ-ಪ-ಮ-ಗ-ರಿ-ಸ ಊದಿದನು || ತನಗೆ ತುತ್ತೂರಿ ಇದೆಯೆಂದ| ಬೇರಾರಿಗೂ ಅದು ಇಲ್ಲೆಂದ| ಕಸ್ತೂರಿ ನಡೆದನು {ಬೀದಿಯಲಿ, in the road}| ಜಂಭದ ಕೋಳಿಯ ರೀತಿಯಲಿ || ತುತ್ತೂರಿ ಊದುತ ಕೊಳದ ಬಳಿ| ನಡೆದನು ಕಸ್ತೂರಿ ಸಂಜೆಯಲಿ| ಜಾರಿತು ನೀರಿಗೆ ತುತ್ತೂರಿ| ಗಂಟಲು ಕಟ್ಟಿತು ನೀರೂರಿ || ಸ-ರಿ-ಗ-ಮ ಊದಲು ನೋಡಿದನು| ಗ-ಗ-ಗ-ಗ ಸದ್ದನು ಮಾಡಿದನು| ಬಣ್ಣವು ನೀರಿನ ಪಾಲಾಯ್ತು| ಜಂಭದ ಕೋಳಿಗೆ {ಗೋಳಾಯ್ತು, sadness} ||",0.795,0.205,0.021,0.871,0.98,0.838,0.162,0.016,0.95,0.958,0.158,0.842,0.815,0.853,0.067
20,"ಬಣ್ನದ, colorful} ತಗಢಿನ ಥುತ್ತೂರಿ| ಖಾಸಿಗೆ ಕೊಂಡನು ಕಸ್ತೂರಿ| ಸ-ರಿ-ಗ-ಮ-ಪ-ಧ-ನಿ-ಸ ಊದಿದನು| ಸ-ಣಿ-ದ-ಪ-ಮ-ಗ-ರಿ-ಸ ಊದಿಧನು || ತನಘೆ ಥುತ್ತೂರಿ ಇಧೆಯೆಂದ| ಬೇರಾರಿಗೂ ಅದು ಇಲ್ಲೆಂಧ| ಖಸ್ಥೂರಿ ನಢೆದನು {ಬೀದಿಯಳಿ, in the road}| ಜಂಭದ ಕೋಳಿಯ ರೀಥಿಯಲಿ || ತುತ್ಥೂರಿ ಊದುತ ಕೊಲದ ಬಳಿ| ನಡೆಧನು ಕಸ್ತೂರಿ ಸಂಜೆಯಳಿ| ಜಾರಿತು ಣೀರಿಗೆ ತುಥ್ತೂರಿ| ಗಂಟಲು ಕಟ್ಟಿಥು ಣೀರೂರಿ || ಸ-ರಿ-ಗ-ಮ ಊದಲು ನೋಡಿದನು| ಗ-ಗ-ಗ-ಘ ಸಧ್ದನು ಮಾಡಿದನು| ಭಣ್ನವು ನೀರಿನ ಫಾಲಾಯ್ಥು| ಜಂಭದ ಕೋಳಿಗೆ {ಘೋಳಾಯ್ತು, sadness} ||",tutturi,"ಬಣ್ಣದ, colorful} ತಗಡಿನ ತುತ್ತೂರಿ| ಕಾಸಿಗೆ ಕೊಂಡನು ಕಸ್ತೂರಿ| ಸ-ರಿ-ಗ-ಮ-ಪ-ದ-ನಿ-ಸ ಊದಿದನು| ಸ-ನಿ-ದ-ಪ-ಮ-ಗ-ರಿ-ಸ ಊದಿದನು || ತನಗೆ ತುತ್ತೂರಿ ಇದೆಯೆಂದ| ಬೇರಾರಿಗೂ ಅದು ಇಲ್ಲೆಂದ| ಕಸ್ತೂರಿ ನಡೆದನು {ಬೀದಿಯಲಿ, in the road}| ಜಂಭದ ಕೋಳಿಯ ರೀತಿಯಲಿ || ತುತ್ತೂರಿ ಊದುತ ಕೊಳದ ಬಳಿ| ನಡೆದನು ಕಸ್ತೂರಿ ಸಂಜೆಯಲಿ| ಜಾರಿತು ನೀರಿಗೆ ತುತ್ತೂರಿ| ಗಂಟಲು ಕಟ್ಟಿತು ನೀರೂರಿ || ಸ-ರಿ-ಗ-ಮ ಊದಲು ನೋಡಿದನು| ಗ-ಗ-ಗ-ಗ ಸದ್ದನು ಮಾಡಿದನು| ಬಣ್ಣವು ನೀರಿನ ಪಾಲಾಯ್ತು| ಜಂಭದ ಕೋಳಿಗೆ {ಗೋಳಾಯ್ತು, sadness} ||",0.783,0.217,0.0,0.841,0.978,0.827,0.173,0.0,0.894,0.954,0.154,0.846,0.811,0.78,0.061
21,"ಬಣ್ಣಧ, colorful} ತಗಡಿನ ಥುತ್ತೂರಿ| ಕಾಶಿಘೆ ಕೊಂಢನು ಕಸ್ತೂರಿ| ಸ-ರಿ-ಗ-ಮ-ಪ-ದ-ನಿ-ಸ ಉದಿದನು| ಸ-ನಿ-ದ-ಪ-ಮ-ಗ-ರಿ-ಸ ಊದಿದನು || ತನಗೆ ತುಥ್ತೂರಿ ಈದೆಯೆಂದ| ಬೇರಾರಿಗೂ ಅದು ಇಲ್ಳೆಂದ| ಕಸ್ಥೂರಿ ನಢೆದನು {ಬೀದಿಯಲಿ, in the road}| ಜಂಬಧ ಕೋಳಿಯ ರೀತಿಯಳಿ || ಥುತ್ಥೂರಿ ಊಧುತ ಖೊಳದ ಬಳಿ| ನಡೆಧನು ಕಸ್ತೂರಿ ಸಂಜೆಯಲಿ| ಜಾರಿಥು ನೀರಿಗೆ ತುಥ್ತೂರಿ| ಗಂಟಲು ಕಟ್ಠಿಥು ಣೀರೂರಿ || ಸ-ರಿ-ಘ-ಮ ಊಧಲು ನೋಡಿಧನು| ಗ-ಘ-ಗ-ಗ ಶದ್ದನು ಮಾಡಿದನು| ಬಣ್ನವು ನೀರಿನ ಪಾಲಾಯ್ತು| ಜಂಬದ ಜಂಬದ ಕೋಳಿಗೆ {ಗೋಳಾಯ್ತು, sadness} ||",tutturi,"ಬಣ್ಣದ, colorful} ತಗಡಿನ ತುತ್ತೂರಿ| ಕಾಸಿಗೆ ಕೊಂಡನು ಕಸ್ತೂರಿ| ಸ-ರಿ-ಗ-ಮ-ಪ-ದ-ನಿ-ಸ ಊದಿದನು| ಸ-ನಿ-ದ-ಪ-ಮ-ಗ-ರಿ-ಸ ಊದಿದನು || ತನಗೆ ತುತ್ತೂರಿ ಇದೆಯೆಂದ| ಬೇರಾರಿಗೂ ಅದು ಇಲ್ಲೆಂದ| ಕಸ್ತೂರಿ ನಡೆದನು {ಬೀದಿಯಲಿ, in the road}| ಜಂಭದ ಕೋಳಿಯ ರೀತಿಯಲಿ || ತುತ್ತೂರಿ ಊದುತ ಕೊಳದ ಬಳಿ| ನಡೆದನು ಕಸ್ತೂರಿ ಸಂಜೆಯಲಿ| ಜಾರಿತು ನೀರಿಗೆ ತುತ್ತೂರಿ| ಗಂಟಲು ಕಟ್ಟಿತು ನೀರೂರಿ || ಸ-ರಿ-ಗ-ಮ ಊದಲು ನೋಡಿದನು| ಗ-ಗ-ಗ-ಗ ಸದ್ದನು ಮಾಡಿದನು| ಬಣ್ಣವು ನೀರಿನ ಪಾಲಾಯ್ತು| ಜಂಭದ ಕೋಳಿಗೆ {ಗೋಳಾಯ್ತು, sadness} ||",0.772,0.228,0.014,0.883,0.977,0.798,0.202,0.012,0.823,0.94,0.152,0.848,0.814,0.915,0.069
22,"ಬಣ್ನದ, colorful} ತಗಢಿನ ತುತ್ತೂರಿ| ಖಾಸಿಘೆ ಕೊಂಡನು ಕಸ್ಥೂರಿ| ಸ-ರಿ-ಗ-ಮ-ಪ-ದ-ನಿ-ಶ ಊಧಿದನು| ಶ-ನಿ-ದ-ಪ-ಮ-ಘ-ರಿ-ಸ ಊದಿಧನು || ತನಗೆ ತುತ್ತೂರಿ ಇದೆಯೆಂದ| ಬೇರಾರಿಘೂ ಅದು ಇಲ್ಲೆಂದ| ಕಸ್ಥೂರಿ ಣಡೆದಣು {ಬೀಧಿಯಲಿ, in the road}| ಝಂಭದ ಕೋಳಿಯ ರೀತಿಯಲಿ || ತುತ್ಥೂರಿ ಊದುತ ಕೊಳದ ಭಲಿ| ನಡೆದಣು ಕಸ್ತೂರಿ ಸಂಜೆಯಲಿ| ಜಾರಿತು ಣೀರಿಗೆ ತುಥ್ಥೂರಿ| ಘಂಟಳು ಖಟ್ಟಿತು ನೀರೂರಿ || ಸ-ರಿ-ಗ-ಮ ಊದಲು ಣೋಡಿದನು| ಗ-ಗ-ಘ-ಗ ಸದ್ದನು ಮಾಡಿದನು| ಬಣ್ಣವು ಣೀರಿನ ಫಾಲಾಯ್ತು| ಜಂಭದ ಖೋಳಿಗೆ {ಗೋಲಾಯ್ಥು, sadness} ||",tutturi,"ಬಣ್ಣದ, colorful} ತಗಡಿನ ತುತ್ತೂರಿ| ಕಾಸಿಗೆ ಕೊಂಡನು ಕಸ್ತೂರಿ| ಸ-ರಿ-ಗ-ಮ-ಪ-ದ-ನಿ-ಸ ಊದಿದನು| ಸ-ನಿ-ದ-ಪ-ಮ-ಗ-ರಿ-ಸ ಊದಿದನು || ತನಗೆ ತುತ್ತೂರಿ ಇದೆಯೆಂದ| ಬೇರಾರಿಗೂ ಅದು ಇಲ್ಲೆಂದ| ಕಸ್ತೂರಿ ನಡೆದನು {ಬೀದಿಯಲಿ, in the road}| ಜಂಭದ ಕೋಳಿಯ ರೀತಿಯಲಿ || ತುತ್ತೂರಿ ಊದುತ ಕೊಳದ ಬಳಿ| ನಡೆದನು ಕಸ್ತೂರಿ ಸಂಜೆಯಲಿ| ಜಾರಿತು ನೀರಿಗೆ ತುತ್ತೂರಿ| ಗಂಟಲು ಕಟ್ಟಿತು ನೀರೂರಿ || ಸ-ರಿ-ಗ-ಮ ಊದಲು ನೋಡಿದನು| ಗ-ಗ-ಗ-ಗ ಸದ್ದನು ಮಾಡಿದನು| ಬಣ್ಣವು ನೀರಿನ ಪಾಲಾಯ್ತು| ಜಂಭದ ಕೋಳಿಗೆ {ಗೋಳಾಯ್ತು, sadness} ||",0.776,0.224,0.0,0.816,0.977,0.795,0.205,0.0,0.95,0.946,0.154,0.846,0.811,0.754,0.059
23,"ಬಣ್ಣದ, ಬಣ್ಣದ, colorful} ತಗಡಿನ ತುತ್ಥೂರಿ| ಖಾಸಿಗೆ ಕೊಂಡಣು ಖಸ್ಥೂರಿ| ಸ-ರಿ-ಗ-ಮ-ಪ-ದ-ನಿ-ಸ ಊದಿದನು| ಶ-ನಿ-ದ-ಫ-ಮ-ಗ-ರಿ-ಸ ಊದಿದನು || ಥನಗೆ ತುತ್ತೂರಿ ಇದೆಯೆಂದ| ಬೇರಾರಿಗೂ ಅದು ಇಲ್ಲೆಂದ| ಕಸ್ತೂರಿ ನಡೆದನು {ಬೀಧಿಯಲಿ, in the road}| ಜಂಭದ ಖೋಳಿಯ ರೀತಿಯಲಿ || ತುತ್ತೂರಿ ಊದುಥ ಕೊಳದ ಬಳಿ| ನಡೆದನು ಖಸ್ತೂರಿ ಸಂಜೆಯಲಿ| ಜಾರಿತು ನೀರಿಗೆ ತುತ್ಥೂರಿ| ಘಂಟಲು ಕಟ್ಠಿಥು ನೀರೂರಿ || ಸ-ರಿ-ಗ-ಮ ಊದಳು ನೋಢಿಧನು| ಘ-ಗ-ಘ-ಗ ಸದ್ದಣು ಮಾಡಿದಣು| ಬಣ್ಣವು ನೀರಿನ ಫಾಳಾಯ್ತು| ಜಂಭದ ಕೋಲಿಗೆ {ಘೋಳಾಯ್ಥು, sadness} ||",tutturi,"ಬಣ್ಣದ, colorful} ತಗಡಿನ ತುತ್ತೂರಿ| ಕಾಸಿಗೆ ಕೊಂಡನು ಕಸ್ತೂರಿ| ಸ-ರಿ-ಗ-ಮ-ಪ-ದ-ನಿ-ಸ ಊದಿದನು| ಸ-ನಿ-ದ-ಪ-ಮ-ಗ-ರಿ-ಸ ಊದಿದನು || ತನಗೆ ತುತ್ತೂರಿ ಇದೆಯೆಂದ| ಬೇರಾರಿಗೂ ಅದು ಇಲ್ಲೆಂದ| ಕಸ್ತೂರಿ ನಡೆದನು {ಬೀದಿಯಲಿ, in the road}| ಜಂಭದ ಕೋಳಿಯ ರೀತಿಯಲಿ || ತುತ್ತೂರಿ ಊದುತ ಕೊಳದ ಬಳಿ| ನಡೆದನು ಕಸ್ತೂರಿ ಸಂಜೆಯಲಿ| ಜಾರಿತು ನೀರಿಗೆ ತುತ್ತೂರಿ| ಗಂಟಲು ಕಟ್ಟಿತು ನೀರೂರಿ || ಸ-ರಿ-ಗ-ಮ ಊದಲು ನೋಡಿದನು| ಗ-ಗ-ಗ-ಗ ಸದ್ದನು ಮಾಡಿದನು| ಬಣ್ಣವು ನೀರಿನ ಪಾಲಾಯ್ತು| ಜಂಭದ ಕೋಳಿಗೆ {ಗೋಳಾಯ್ತು, sadness} ||",0.793,0.207,0.014,0.889,0.98,0.803,0.197,0.02,0.889,0.944,0.152,0.848,0.814,0.854,0.064
24,"ಬಣ್ನಧ, colorful} ತಗಡಿನ ತುತ್ತೂರಿ| ಖಾಸಿಗೆ ಕೊಂಡನು ಕಸ್ತೂರಿ| ಸ-ರಿ-ಗ-ಮ-ಪ-ದ-ನಿ-ಸ ಊದಿದಣು| ಸ-ನಿ-ದ-ಪ-ಮ-ಗ-ರಿ-ಸ ಊದಿದನು || ತನಗೆ ತುಥ್ತೂರಿ ಇದೆಯೆಂದ| ಭೇರಾರಿಗೂ ಅದು ಇಲ್ಲೆಂದ| ಖಸ್ತೂರಿ ನಢೆದನು {ಭೀದಿಯಲಿ, in the road}| ಜಂಬದ ಕೋಳಿಯ ರೀತಿಯಲಿ || ತುತ್ಥೂರಿ ಊದುತ ಕೊಳದ ಬಳಿ| ನಡೆಧನು ಕಶ್ಥೂರಿ ಸಂಜೆಯಲಿ| ಝಾರಿತು ನೀರಿಗೆ ತುತ್ತೂರಿ| ಗಂಠಲು ಕಠ್ಟಿತು ನೀರೂರಿ || ಸ-ರಿ-ಗ-ಮ ಸ-ರಿ-ಗ-ಮ ಊದಳು ನೋಡಿದನು| ಗ-ಗ-ಗ-ಗ ಸಧ್ಧನು ಮಾಡಿಧನು| ಬನ್ಣವು ನೀರಿನ ಪಾಳಾಯ್ಥು| ಜಂಭಧ ಕೋಲಿಗೆ {ಗೋಳಾಯ್ಥು, sadness} ||",tutturi,"ಬಣ್ಣದ, colorful} ತಗಡಿನ ತುತ್ತೂರಿ| ಕಾಸಿಗೆ ಕೊಂಡನು ಕಸ್ತೂರಿ| ಸ-ರಿ-ಗ-ಮ-ಪ-ದ-ನಿ-ಸ ಊದಿದನು| ಸ-ನಿ-ದ-ಪ-ಮ-ಗ-ರಿ-ಸ ಊದಿದನು || ತನಗೆ ತುತ್ತೂರಿ ಇದೆಯೆಂದ| ಬೇರಾರಿಗೂ ಅದು ಇಲ್ಲೆಂದ| ಕಸ್ತೂರಿ ನಡೆದನು {ಬೀದಿಯಲಿ, in the road}| ಜಂಭದ ಕೋಳಿಯ ರೀತಿಯಲಿ || ತುತ್ತೂರಿ ಊದುತ ಕೊಳದ ಬಳಿ| ನಡೆದನು ಕಸ್ತೂರಿ ಸಂಜೆಯಲಿ| ಜಾರಿತು ನೀರಿಗೆ ತುತ್ತೂರಿ| ಗಂಟಲು ಕಟ್ಟಿತು ನೀರೂರಿ || ಸ-ರಿ-ಗ-ಮ ಊದಲು ನೋಡಿದನು| ಗ-ಗ-ಗ-ಗ ಸದ್ದನು ಮಾಡಿದನು| ಬಣ್ಣವು ನೀರಿನ ಪಾಲಾಯ್ತು| ಜಂಭದ ಕೋಳಿಗೆ {ಗೋಳಾಯ್ತು, sadness} ||",0.782,0.218,0.027,0.905,0.979,0.852,0.148,0.027,0.727,0.953,0.17,0.83,0.816,0.86,0.074
25,"ಬನ್ಣದ, colorful} ತಗಡಿಣ ತುಥ್ತೂರಿ| ಕಾಸಿಗೆ ಕೊಂಡನು ಖಸ್ತೂರಿ| ಸ-ರಿ-ಘ-ಮ-ಪ-ದ-ನಿ-ಶ ಊದಿಧನು| ಶ-ನಿ-ಧ-ಫ-ಮ-ಗ-ರಿ-ಸ ಊದಿದಣು || ತನಗೆ ಥುತ್ಥೂರಿ ಇದೆಯೆಂದ| ಭೇರಾರಿಗೂ ಆದು ಇಲ್ಲೆಂಧ| ಕಸ್ತೂರಿ ಣಢೆದನು {ಬೀದಿಯಲಿ, in the road}| ಜಂಭದ ಕೋಳಿಯ ರೀತಿಯಲಿ || ತುತ್ಥೂರಿ ಊದುತ ಕೊಳದ ಬಳಿ| ಬಳಿ| ಣಡೆಧನು ಕಸ್ಥೂರಿ ಸಂಜೆಯಲಿ| ಜಾರಿಥು ನೀರಿಗೆ ತುಥ್ತೂರಿ| ಗಂಟಲು ಖಟ್ಟಿತು ನೀರೂರಿ || ಸ-ರಿ-ಗ-ಮ ಉಧಲು ಣೋಡಿದನು| ಘ-ಘ-ಗ-ಗ ಸಧ್ದನು ಮಾಡಿದನು| ಬಣ್ಣವು ಣೀರಿನ ಫಾಳಾಯ್ಥು| ಜಂಭದ ಖೋಳಿಘೆ {ಗೋಳಾಯ್ತು, sadness} ||",tutturi,"ಬಣ್ಣದ, colorful} ತಗಡಿನ ತುತ್ತೂರಿ| ಕಾಸಿಗೆ ಕೊಂಡನು ಕಸ್ತೂರಿ| ಸ-ರಿ-ಗ-ಮ-ಪ-ದ-ನಿ-ಸ ಊದಿದನು| ಸ-ನಿ-ದ-ಪ-ಮ-ಗ-ರಿ-ಸ ಊದಿದನು || ತನಗೆ ತುತ್ತೂರಿ ಇದೆಯೆಂದ| ಬೇರಾರಿಗೂ ಅದು ಇಲ್ಲೆಂದ| ಕಸ್ತೂರಿ ನಡೆದನು {ಬೀದಿಯಲಿ, in the road}| ಜಂಭದ ಕೋಳಿಯ ರೀತಿಯಲಿ || ತುತ್ತೂರಿ ಊದುತ ಕೊಳದ ಬಳಿ| ನಡೆದನು ಕಸ್ತೂರಿ ಸಂಜೆಯಲಿ| ಜಾರಿತು ನೀರಿಗೆ ತುತ್ತೂರಿ| ಗಂಟಲು ಕಟ್ಟಿತು ನೀರೂರಿ || ಸ-ರಿ-ಗ-ಮ ಊದಲು ನೋಡಿದನು| ಗ-ಗ-ಗ-ಗ ಸದ್ದನು ಮಾಡಿದನು| ಬಣ್ಣವು ನೀರಿನ ಪಾಲಾಯ್ತು| ಜಂಭದ ಕೋಳಿಗೆ {ಗೋಳಾಯ್ತು, sadness} ||",0.75,0.25,0.007,0.925,0.975,0.79,0.21,0.012,0.801,0.936,0.132,0.868,0.812,0.864,0.056
26,"ಭನ್ಣಧ, colorful} ತಗಡಿನ ತುತ್ತೂರಿ| ಕಾಸಿಗೆ ಕೊಂಢನು ಖಸ್ಥೂರಿ| ಸ-ರಿ-ಗ-ಮ-ಪ-ದ-ನಿ-ಸ ಊಧಿದನು| ಸ-ಣಿ-ದ-ಪ-ಮ-ಗ-ರಿ-ಸ ಊದಿಧಣು || ಥಣಗೆ ಥುಥ್ತೂರಿ ಈದೆಯೆಂದ| ಬೇರಾರಿಗೂ ಅದು ಇಲ್ಲೆಂದ| ಖಶ್ತೂರಿ ನಡೆದನು {ಬೀದಿಯಲಿ, in the road}| ಝಂಬಧ ಕೋಳಿಯ ರೀಥಿಯಲಿ || ಥುತ್ತೂರಿ ಉದುತ ಕೊಳದ ಬಳಿ| ಣಡೆದನು ಖಶ್ತೂರಿ ಸಂಜೆಯಲಿ| ಜಾರಿಥು ನೀರಿಗೆ ತುತ್ತೂರಿ| ಗಂಟಲು ಖಟ್ಟಿಥು ನೀರೂರಿ || ಸ-ರಿ-ಗ-ಮ ಊಧಲು ನೋಢಿದನು| ಗ-ಗ-ಗ-ಗ ಸದ್ದನು ಮಾಡಿದನು| ಬಣ್ಣವು ನೀರಿಣ ಪಾಲಾಯ್ಥು| ಜಂಭದ ಕೋಳಿಗೆ {ಗೋಲಾಯ್ತು, sadness} ||",tutturi,"ಬಣ್ಣದ, colorful} ತಗಡಿನ ತುತ್ತೂರಿ| ಕಾಸಿಗೆ ಕೊಂಡನು ಕಸ್ತೂರಿ| ಸ-ರಿ-ಗ-ಮ-ಪ-ದ-ನಿ-ಸ ಊದಿದನು| ಸ-ನಿ-ದ-ಪ-ಮ-ಗ-ರಿ-ಸ ಊದಿದನು || ತನಗೆ ತುತ್ತೂರಿ ಇದೆಯೆಂದ| ಬೇರಾರಿಗೂ ಅದು ಇಲ್ಲೆಂದ| ಕಸ್ತೂರಿ ನಡೆದನು {ಬೀದಿಯಲಿ, in the road}| ಜಂಭದ ಕೋಳಿಯ ರೀತಿಯಲಿ || ತುತ್ತೂರಿ ಊದುತ ಕೊಳದ ಬಳಿ| ನಡೆದನು ಕಸ್ತೂರಿ ಸಂಜೆಯಲಿ| ಜಾರಿತು ನೀರಿಗೆ ತುತ್ತೂರಿ| ಗಂಟಲು ಕಟ್ಟಿತು ನೀರೂರಿ || ಸ-ರಿ-ಗ-ಮ ಊದಲು ನೋಡಿದನು| ಗ-ಗ-ಗ-ಗ ಸದ್ದನು ಮಾಡಿದನು| ಬಣ್ಣವು ನೀರಿನ ಪಾಲಾಯ್ತು| ಜಂಭದ ಕೋಳಿಗೆ {ಗೋಳಾಯ್ತು, sadness} ||",0.804,0.196,0.0,0.849,0.981,0.807,0.193,0.0,0.907,0.949,0.154,0.846,0.811,0.771,0.06
27,"ಬಣ್ಣಧ, colorful} ತಗಡಿಣ ಥುತ್ತೂರಿ| ಕಾಸಿಗೆ ಕೊಂಡನು ಕಶ್ಥೂರಿ| ಸ-ರಿ-ಘ-ಮ-ಪ-ಧ-ನಿ-ಶ ಊದಿದನು| ಸ-ನಿ-ಧ-ಫ-ಮ-ಘ-ರಿ-ಸ ಊದಿಧನು || ತನಘೆ ತುತ್ಥೂರಿ ಈದೆಯೆಂದ| ಭೇರಾರಿಗೂ ಅದು ಈಲ್ಲೆಂದ| ಕಸ್ಥೂರಿ ನಡೆಧನು {ಬೀದಿಯಲಿ, in the road}| ಜಂಭದ ಖೋಳಿಯ ರೀತಿಯಲಿ || ತುಥ್ತೂರಿ ಊದುತ ಕೊಳದ ಬಲಿ| ನಡೆದನು ಕಸ್ತೂರಿ ಸಂಜೆಯಳಿ| ಜಾರಿತು ನೀರಿಘೆ ತುತ್ಥೂರಿ| ಗಂಟಲು ಕಠ್ಠಿತು ನೀರೂರಿ || ಸ-ರಿ-ಗ-ಮ ಊದಲು ನೋಡಿಧನು| ಗ-ಗ-ಘ-ಗ ಸದ್ದನು ಮಾಡಿದನು| ಬಣ್ನವು ಬಣ್ನವು ನೀರಿನ ಪಾಲಾಯ್ತು| ಜಂಭದ ಕೋಳಿಗೆ {ಗೋಳಾಯ್ತು, sadness} ||",tutturi,"ಬಣ್ಣದ, colorful} ತಗಡಿನ ತುತ್ತೂರಿ| ಕಾಸಿಗೆ ಕೊಂಡನು ಕಸ್ತೂರಿ| ಸ-ರಿ-ಗ-ಮ-ಪ-ದ-ನಿ-ಸ ಊದಿದನು| ಸ-ನಿ-ದ-ಪ-ಮ-ಗ-ರಿ-ಸ ಊದಿದನು || ತನಗೆ ತುತ್ತೂರಿ ಇದೆಯೆಂದ| ಬೇರಾರಿಗೂ ಅದು ಇಲ್ಲೆಂದ| ಕಸ್ತೂರಿ ನಡೆದನು {ಬೀದಿಯಲಿ, in the road}| ಜಂಭದ ಕೋಳಿಯ ರೀತಿಯಲಿ || ತುತ್ತೂರಿ ಊದುತ ಕೊಳದ ಬಳಿ| ನಡೆದನು ಕಸ್ತೂರಿ ಸಂಜೆಯಲಿ| ಜಾರಿತು ನೀರಿಗೆ ತುತ್ತೂರಿ| ಗಂಟಲು ಕಟ್ಟಿತು ನೀರೂರಿ || ಸ-ರಿ-ಗ-ಮ ಊದಲು ನೋಡಿದನು| ಗ-ಗ-ಗ-ಗ ಸದ್ದನು ಮಾಡಿದನು| ಬಣ್ಣವು ನೀರಿನ ಪಾಲಾಯ್ತು| ಜಂಭದ ಕೋಳಿಗೆ {ಗೋಳಾಯ್ತು, sadness} ||",0.779,0.221,0.014,0.9,0.978,0.794,0.206,0.016,0.788,0.937,0.131,0.869,0.814,0.804,0.052
28,"ಬಣ್ಣದ, colorful} ಥಗಡಿನ ಥುತ್ತೂರಿ| ಖಾಶಿಗೆ ಖೊಂಡನು ಕಸ್ತೂರಿ| ಶ-ರಿ-ಗ-ಮ-ಪ-ಧ-ಣಿ-ಸ ಊದಿಧನು| ಸ-ನಿ-ದ-ಪ-ಮ-ಗ-ರಿ-ಸ ಊದಿದನು || ತನಗೆ ಥುಥ್ಥೂರಿ ಇದೆಯೆಂದ| ಬೇರಾರಿಗೂ ಅಧು ಇಲ್ಲೆಂದ| ಖಸ್ಥೂರಿ ನಡೆದನು {ಬೀದಿಯಲಿ, in the road}| ಜಂಭದ ಖೋಲಿಯ ರೀತಿಯಲಿ ರೀತಿಯಲಿ || ತುತ್ತೂರಿ ಊಧುಥ ಕೊಲದ ಬಳಿ| ನಡೆದನು ಖಸ್ತೂರಿ ಸಂಝೆಯಲಿ| ಜಾರಿತು ನೀರಿಗೆ ತುತ್ಥೂರಿ| ಗಂಟಲು ಕಠ್ಟಿಥು ನೀರೂರಿ || ಸ-ರಿ-ಗ-ಮ ಊದಲು ನೋಡಿದನು| ಗ-ಗ-ಘ-ಗ ಸಧ್ದನು ಮಾಡಿದನು| ಬಣ್ಣವು ಣೀರಿನ ಪಾಲಾಯ್ಥು| ಝಂಭದ ಕೋಳಿಗೆ {ಗೋಲಾಯ್ಥು, sadness} ||",tutturi,"ಬಣ್ಣದ, colorful} ತಗಡಿನ ತುತ್ತೂರಿ| ಕಾಸಿಗೆ ಕೊಂಡನು ಕಸ್ತೂರಿ| ಸ-ರಿ-ಗ-ಮ-ಪ-ದ-ನಿ-ಸ ಊದಿದನು| ಸ-ನಿ-ದ-ಪ-ಮ-ಗ-ರಿ-ಸ ಊದಿದನು || ತನಗೆ ತುತ್ತೂರಿ ಇದೆಯೆಂದ| ಬೇರಾರಿಗೂ ಅದು ಇಲ್ಲೆಂದ| ಕಸ್ತೂರಿ ನಡೆದನು {ಬೀದಿಯಲಿ, in the road}| ಜಂಭದ ಕೋಳಿಯ ರೀತಿಯಲಿ || ತುತ್ತೂರಿ ಊದುತ ಕೊಳದ ಬಳಿ| ನಡೆದನು ಕಸ್ತೂರಿ ಸಂಜೆಯಲಿ| ಜಾರಿತು ನೀರಿಗೆ ತುತ್ತೂರಿ| ಗಂಟಲು ಕಟ್ಟಿತು ನೀರೂರಿ || ಸ-ರಿ-ಗ-ಮ ಊದಲು ನೋಡಿದನು| ಗ-ಗ-ಗ-ಗ ಸದ್ದನು ಮಾಡಿದನು| ಬಣ್ಣವು ನೀರಿನ ಪಾಲಾಯ್ತು| ಜಂಭದ ಕೋಳಿಗೆ {ಗೋಳಾಯ್ತು, sadness} ||",0.76,0.24,0.021,0.831,0.973,0.791,0.209,0.016,0.89,0.94,0.123,0.877,0.815,0.899,0.054
29,"ಬಣ್ಣದ, colorful} ಥಗಡಿನ ತುಥ್ಥೂರಿ| ಕಾಸಿಗೆ ಕೊಂಡನು ಕಸ್ತೂರಿ| ಸ-ರಿ-ಗ-ಮ-ಫ-ದ-ನಿ-ಸ ಊಧಿದನು| ಊಧಿದನು| ಸ-ನಿ-ಧ-ಫ-ಮ-ಗ-ರಿ-ಶ ಊಧಿದಣು || ತನಗೆ ತುತ್ತೂರಿ ಇಧೆಯೆಂದ| ಬೇರಾರಿಗೂ ಅದು ಇಲ್ಲೆಂದ| ಕಸ್ತೂರಿ ನಡೆದನು {ಭೀದಿಯಲಿ, in the road}| ಜಂಬದ ಕೋಲಿಯ ರೀಥಿಯಲಿ || ತುತ್ತೂರಿ ಊದುತ ಕೊಳಧ ಬಲಿ| ನಢೆದನು ಕಶ್ತೂರಿ ಸಂಜೆಯಲಿ| ಝಾರಿಥು ನೀರಿಗೆ ಥುಥ್ತೂರಿ| ಗಂಠಲು ಕಠ್ಟಿತು ನೀರೂರಿ || ಸ-ರಿ-ಗ-ಮ ಊದಲು ನೋಡಿಧನು| ಗ-ಗ-ಗ-ಗ ಸದ್ದಣು ಮಾಡಿದನು| ಭಣ್ಣವು ನೀರಿನ ಪಾಳಾಯ್ತು| ಜಂಭದ ಖೋಲಿಗೆ {ಗೋಲಾಯ್ತು, sadness} ||",tutturi,"ಬಣ್ಣದ, colorful} ತಗಡಿನ ತುತ್ತೂರಿ| ಕಾಸಿಗೆ ಕೊಂಡನು ಕಸ್ತೂರಿ| ಸ-ರಿ-ಗ-ಮ-ಪ-ದ-ನಿ-ಸ ಊದಿದನು| ಸ-ನಿ-ದ-ಪ-ಮ-ಗ-ರಿ-ಸ ಊದಿದನು || ತನಗೆ ತುತ್ತೂರಿ ಇದೆಯೆಂದ| ಬೇರಾರಿಗೂ ಅದು ಇಲ್ಲೆಂದ| ಕಸ್ತೂರಿ ನಡೆದನು {ಬೀದಿಯಲಿ, in the road}| ಜಂಭದ ಕೋಳಿಯ ರೀತಿಯಲಿ || ತುತ್ತೂರಿ ಊದುತ ಕೊಳದ ಬಳಿ| ನಡೆದನು ಕಸ್ತೂರಿ ಸಂಜೆಯಲಿ| ಜಾರಿತು ನೀರಿಗೆ ತುತ್ತೂರಿ| ಗಂಟಲು ಕಟ್ಟಿತು ನೀರೂರಿ || ಸ-ರಿ-ಗ-ಮ ಊದಲು ನೋಡಿದನು| ಗ-ಗ-ಗ-ಗ ಸದ್ದನು ಮಾಡಿದನು| ಬಣ್ಣವು ನೀರಿನ ಪಾಲಾಯ್ತು| ಜಂಭದ ಕೋಳಿಗೆ {ಗೋಳಾಯ್ತು, sadness} ||",0.766,0.234,0.014,0.881,0.976,0.819,0.181,0.02,0.883,0.949,0.159,0.841,0.814,0.898,0.071
30,"ಬಣ್ಣದ, colorful} ತಗಡಿಣ ಥುಥ್ಥೂರಿ| ಕಾಶಿಗೆ ಖೊಂಡನು ಕಸ್ಥೂರಿ| ಶ-ರಿ-ಗ-ಮ-ಪ-ಧ-ನಿ-ಶ ಊದಿದಣು| ಸ-ನಿ-ದ-ಫ-ಮ-ಗ-ರಿ-ಸ ಊದಿದನು || ತಣಗೆ ತುತ್ತೂರಿ ಇದೆಯೆಂದ| ಬೇರಾರಿಗೂ ಅದು ಇಲ್ಲೆಂದ| ಕಸ್ಥೂರಿ ನಢೆದನು {ಬೀದಿಯಳಿ, in the road}| ಝಂಭಧ ಕೋಲಿಯ ರೀತಿಯಲಿ || ತುಥ್ತೂರಿ ಊದುಥ ಕೊಲದ ಬಳಿ| ನಡೆದನು ಕಸ್ತೂರಿ ಸಂಜೆಯಲಿ| ಝಾರಿತು ನೀರಿಗೆ ಥುಥ್ತೂರಿ| ಗಂಠಲು ಕಠ್ಟಿಥು ನೀರೂರಿ || ಸ-ರಿ-ಗ-ಮ ಊದಳು ನೋಡಿಧನು| ಗ-ಗ-ಗ-ಗ ಶದ್ದನು ಮಾಡಿಧನು| ಬಣ್ಣವು ನೀರಿನ ಫಾಲಾಯ್ತು| ಜಂಭದ ಕೋಳಿಗೆ {ಘೋಲಾಯ್ಥು, sadness} ||",tutturi,"ಬಣ್ಣದ, colorful} ತಗಡಿನ ತುತ್ತೂರಿ| ಕಾಸಿಗೆ ಕೊಂಡನು ಕಸ್ತೂರಿ| ಸ-ರಿ-ಗ-ಮ-ಪ-ದ-ನಿ-ಸ ಊದಿದನು| ಸ-ನಿ-ದ-ಪ-ಮ-ಗ-ರಿ-ಸ ಊದಿದನು || ತನಗೆ ತುತ್ತೂರಿ ಇದೆಯೆಂದ| ಬೇರಾರಿಗೂ ಅದು ಇಲ್ಲೆಂದ| ಕಸ್ತೂರಿ ನಡೆದನು {ಬೀದಿಯಲಿ, in the road}| ಜಂಭದ ಕೋಳಿಯ ರೀತಿಯಲಿ || ತುತ್ತೂರಿ ಊದುತ ಕೊಳದ ಬಳಿ| ನಡೆದನು ಕಸ್ತೂರಿ ಸಂಜೆಯಲಿ| ಜಾರಿತು ನೀರಿಗೆ ತುತ್ತೂರಿ| ಗಂಟಲು ಕಟ್ಟಿತು ನೀರೂರಿ || ಸ-ರಿ-ಗ-ಮ ಊದಲು ನೋಡಿದನು| ಗ-ಗ-ಗ-ಗ ಸದ್ದನು ಮಾಡಿದನು| ಬಣ್ಣವು ನೀರಿನ ಪಾಲಾಯ್ತು| ಜಂಭದ ಕೋಳಿಗೆ {ಗೋಳಾಯ್ತು, sadness} ||",0.748,0.252,0.0,0.78,0.971,0.799,0.201,0.0,0.778,0.94,0.14,0.86,0.811,0.859,0.06
